OBJECTID,RTE,RTE_SFX,DISTRICT,CNTY,PM_PFX,POSTMILE,PM_SFX,LEG,DESCRIPTION,VEHICLE_AADT_TOTAL,TOT_TRK_AADT,TRK_PERCENT_TOT,EAL,EST_YEAR,EST_CODE,longitude,latitude,RouteType,route_type_matched
1,101,,1,DN,R,30.81,,A,JCT. RTE. 199 NORTHEAST,8000,675,8.44,86,19,V,-124.14827545577558,41.803426363735156,US,True
3,101,,1,DN,R,30.81,,B,JCT. RTE. 199 NORTHEAST,9900,671,6.78,108,18,V,-124.14827545577558,41.803426363735156,US,True
5,101,,1,DN,R,4.638,,A,"KLAMATH, JCT. RTE. 169 SOUTHEAST",4300,481,11.19,72,16,V,-124.03412082293056,41.52303074470984,US,True
7,101,,1,DN,R,4.638,,B,"KLAMATH, JCT. RTE. 169 SOUTHEAST",5100,616,12.08,87,19,V,-124.03412082293056,41.52303074470984,US,True
9,101,,1,DN,,24.41,,A,SANDMINE ROAD,4300,560,13.02,86,19,V,-124.16254854657645,41.740154105324585,US,True
11,101,,1,DN,,24.41,,B,SANDMINE ROAD,4200,722,17.19,101,19,V,-124.16254854657645,41.740154105324585,US,True
13,101,,1,DN,,27.01,,A,"CRESCENT CITY, NORTHCREST DRIVE",15300,1469,9.6,193,16,E,-124.19679749141831,41.76328890524324,US,True
15,101,,1,DN,,27.01,,B,"CRESCENT CITY, NORTHCREST DRIVE",20000,1000,5.0,140,16,E,-124.19679749141831,41.76328890524324,US,True
17,101,,1,DN,,36.31,,B,JCT. RTE. 197 SOUTHEAST,7200,641,8.9,71,16,E,-124.13672917856177,41.881555098788745,US,True
19,101,,1,DN,,39.82,,B,FRED HAIGHT DRIVE,7200,846,11.75,105,19,V,-124.14590595607591,41.93004948594902,US,True
21,101,,1,DN,,46.492,,B,OREGON STATE LINE,8670,841,9.7,90,16,E,-124.20831630264229,41.9984745528261,US,True
23,101,,1,HUM,R,11.125,,A,"GARBERVILLE, SPROWEL CREEK ROAD",7300,810,11.1,170,16,E,-123.79669478718735,40.09873418207514,US,True
25,101,,1,HUM,R,11.125,,B,"GARBERVILLE, SPROWEL CREEK ROAD",7200,799,11.1,167,18,E,-123.79669478718735,40.09873418207514,US,True
27,101,,1,HUM,R,17.907,,A,JCT. RTE. 254 NORTHEAST,6600,733,11.1,154,18,E,-123.7759997823541,40.18198774119699,US,True
29,101,,1,HUM,R,17.907,,B,JCT. RTE. 254 NORTHEAST,7500,833,11.1,175,18,E,-123.7759997823541,40.18198774119699,US,True
31,101,,1,HUM,R,50.585,,A,SOUTH SCOTIA ROAD,9100,679,7.46,90,18,E,-124.09548044244845,40.468253343669886,US,True
33,101,,1,HUM,R,90.134,,A,JCT. RTE. 200 EAST,19000,1265,6.66,117,18,E,-124.09858583394403,40.92110284212044,US,True
35,101,,1,HUM,R,90.134,,B,JCT. RTE. 200 EAST,34000,2264,6.66,210,18,E,-124.09858583394403,40.92110284212044,US,True
37,101,,1,HUM,R,97.02,,A,CRANNELL ROAD,10490,699,6.66,65,18,E,-124.10784688331331,41.013509079262384,US,True
39,101,,1,HUM,R,97.02,,B,CRANNELL ROAD,10700,713,6.66,66,18,E,-124.10784688331331,41.013509079262384,US,True
41,101,,1,HUM,,107.67,,A,PATRICKS POINT,4400,732,16.64,53,22,E,-124.135188908311,41.15027466818197,US,True
43,101,,1,HUM,,122.25,,A,BALD HILLS ROAD,3400,910,26.76,78,21,E,-124.04780858317041,41.301753379306064,US,True
45,101,,1,HUM,,122.25,,B,BALD HILLS ROAD,4900,634,12.94,63,22,V,-124.04780858317041,41.301753379306064,US,True
47,101,,1,HUM,,27.936,,A,JCT. RTE. 254,7200,799,11.1,167,18,E,-123.87014540164608,40.266459713749356,US,True
49,101,,1,HUM,,27.936,,B,JCT. RTE. 254,6500,722,11.1,151,18,E,-123.87014540164608,40.266459713749356,US,True
51,101,,1,HUM,,33.246,,A,WEOTT,5870,645,10.99,140,23,V,-123.92121896890268,40.32171329902945,US,True
53,101,,1,HUM,,35.108,,A,JCT. RTE. 254 SOUTH,7300,810,11.1,170,18,E,-123.93141251894423,40.34497391888044,US,True
55,101,,1,HUM,,35.698,,A,SOUTH FORK ROAD,7600,844,11.1,177,18,E,-123.92799943559923,40.352916876289505,US,True
57,101,,1,HUM,,57.69,,A,JCT. RTE. 36 EAST,19700,1470,7.46,194,18,E,-124.1452430254474,40.5486267357726,US,True
59,101,,1,HUM,,57.69,,B,JCT. RTE. 36 EAST,12000,895,7.46,118,18,E,-124.1452430254474,40.5486267357726,US,True
61,101,,1,HUM,,64.29,,A,"JCT. RTE. 211, SINGELY ROAD",21100,2716,12.87,260,22,V,-124.21005222596196,40.62116766672476,US,True
63,101,,1,HUM,,64.29,,B,"JCT. RTE. 211, SINGELY ROAD",20100,1499,7.46,198,18,E,-124.21005222596196,40.62116766672476,US,True
65,101,,1,HUM,,65.947,,A,LOLETA DRIVE,23600,2714,11.5,260,22,V,-124.20922612444689,40.641851609715346,US,True
67,101,,1,HUM,,81.14,,O,EUREKA N. CITY LIMITS,36200,2411,6.66,223,18,E,-124.11762290000405,40.80771620971638,US,True
69,101,,1,HUM,,85.83,,A,"ARCATA, JCT. RTE. 255 SOUTH",37500,4313,11.5,275,19,V,-124.08261976558225,40.86262781318026,US,True
71,101,,1,HUM,,85.83,,B,"ARCATA, JCT. RTE. 255 SOUTH",33500,5638,16.83,421,22,E,-124.08261976558225,40.86262781318026,US,True
73,101,,1,HUM,,88.272,,A,"ARCATA, JCT. RTE. 299 EAST",36500,3190,8.74,301,22,V,-124.08318784938817,40.89730254429791,US,True
75,101,,1,HUM,,88.272,,B,"ARCATA, JCT. RTE. 299 EAST",44000,2746,6.24,256,23,V,-124.08318784938817,40.89730254429791,US,True
77,101,,1,MEN,R,103.818,,A,JCT. RTE. 271,5600,951,16.98,200,18,E,-123.79505905297134,39.96603625424252,US,True
79,101,,1,MEN,R,21.59,,A,JCT. RTE. 253 WEST,19700,3540,17.97,358,18,E,-123.19504997258453,39.109199156767346,US,True
81,101,,1,MEN,R,21.8,,B,"UKIAH, JCT. RTE. 222",18100,3700,20.44,339,22,V,-123.1955066302609,39.1122500572617,US,True
83,101,,1,MEN,R,23.45,,A,UKIAH JCT 222 EAST,25500,4582,17.97,463,18,E,-123.1955890974006,39.13601208923984,US,True
85,101,,1,MEN,T,91.245,,A,"LEGGETT, JCT. RTE. 1",4750,850,17.89,164,20,V,-123.71360646694723,39.868169995069415,US,True
87,101,,1,MEN,,10.89,,A,"HOPLAND, JCT. RTE. 175 EAST",6440,1800,27.95,303,21,E,-123.11661793307569,38.97122180431784,US,True
89,101,,1,MEN,,10.89,,B,"HOPLAND, JCT. RTE. 175 EAST",5770,1770,30.68,323,21,E,-123.11661793307569,38.97122180431784,US,True
91,101,,1,MEN,,30.833,,A,JCT. RTE. 20 EAST,22410,3102,13.84,298,23,E,-123.20736537117492,39.23998027002166,US,True
93,101,,1,MEN,,30.833,,B,JCT. RTE. 20 EAST,24000,2887,12.03,290,19,V,-123.20736537117492,39.23998027002166,US,True
95,101,,1,MEN,,59.308,,A,JCT RTE 162 EAST,6500,1255,19.31,239,18,E,-123.43023744706387,39.55520985987601,US,True
97,101,,1,MEN,,59.308,,B,JCT RTE 162 EAST,8000,1200,15.0,228,17,E,-123.43023744706387,39.55520985987601,US,True
99,101,,1,MEN,,69.49,,A,"LAYTONVILLE, BRANSCOMB ROAD",6200,1045,16.85,197,21,E,-123.48306774891034,39.687801070000916,US,True
101,101,,1,MEN,,69.49,,B,"LAYTONVILLE, BRANSCOMB ROAD",8000,844,10.55,154,18,V,-123.48306774891034,39.687801070000916,US,True
103,101,,1,MEN,,93.602,,B,CALIF DIV OF FORESTRY,4700,794,16.89,153,23,V,-123.72109596401604,39.87711163505886,US,True
105,101,,4,MRN,,0.318,,A,SAUSALITO ROAD,85000,1403,1.65,125,1,V,-122.48464665564106,37.83561424165926,US,True
107,101,,4,MRN,,0.0,,A,GOLDEN GATE BRIDGE,92000,1224,1.33,116,4,V,-122.48094757026915,37.83245829932871,US,True
109,101,,4,MRN,,13.713,,B,MANUEL FREITAS PARKWAY,166000,7304,4.4,1020,1,E,-122.54139565040362,38.007074193784135,US,True
111,101,,4,MRN,,19.085,,A,"NOVATO, JCT. RTE. 37 EAST",117000,5171,4.42,733,1,V,-122.5461182330911,38.080080175194524,US,True
113,101,,4,MRN,,19.085,,B,"NOVATO, JCT. RTE. 37 EAST",149000,6094,4.09,798,1,V,-122.5461182330911,38.080080175194524,US,True
115,101,,4,MRN,,4.134,,A,JCT. RTE. 1 WEST,111000,3030,2.73,264,1,V,-122.5162227397118,37.88031749668074,US,True
117,101,,4,MRN,,4.134,,B,JCT. RTE. 1 WEST,112000,2318,2.07,183,1,V,-122.5162227397118,37.88031749668074,US,True
119,101,,4,MRN,,5.694,,B,JCT. RTE. 131 EAST,103000,1906,1.85,143,1,V,-122.51559940592266,37.902749933667195,US,True
121,101,,4,MRN,,8.6,,A,"LARKSPUR, SIR FRANCIS DRAKE BOULEVARD",119000,3308,2.78,288,1,V,-122.51504768043809,37.943691718861004,US,True
123,101,,4,MRN,,8.6,,B,"LARKSPUR, SIR FRANCIS DRAKE BOULEVARD",140000,3360,2.4,304,1,V,-122.51504768043809,37.943691718861004,US,True
125,101,,4,MRN,,9.96,,A,JCT. RTE. 580,176000,6002,3.41,791,1,V,-122.51007559696865,37.96221184004521,US,True
127,101,,4,SCL,R,10.27,,B,MASTEN AVENUE,114000,7957,6.98,1598,22,E,-121.584398450355,37.05943492626658,US,True
129,101,,4,SCL,R,17.82,,A,"MORGAN HILL, COCHRANE ROAD",142000,10721,7.55,2143,1,V,-121.65234527571417,37.1530618571416,US,True
131,101,,4,SCL,R,26.78,,B,"SAN JOSE, JCT. RTE. 85",142000,12098,8.52,2453,1,V,-121.76901891037998,37.24204100465871,US,True
133,101,,4,SCL,R,28.609,,A,"SAN JOSE, JCT. RTE. 82 NORTH",146000,11549,7.91,2131,1,V,-121.79605451374604,37.257212104266586,US,True
135,101,,4,SCL,R,28.609,,B,"SAN JOSE, JCT. RTE. 82 NORTH",113000,11628,10.29,2380,1,V,-121.79605451374604,37.257212104266586,US,True
137,101,,4,SCL,R,35.759,,A,"SAN JOSE, JCT. RTE. 130 EAST",176000,11669,6.63,1815,1,V,-121.86159890087905,37.34996630385688,US,True
139,101,,4,SCL,R,35.759,,B,"SAN JOSE, JCT. RTE. 130 EAST",180000,8982,4.99,1361,1,V,-121.86159890087905,37.34996630385688,US,True
141,101,,4,SCL,R,6.08,,A,"GILROY, JCT. RTE. 152 EAST",102000,7660,7.51,1420,14,V,-121.55632551382135,37.003077575725605,US,True
143,101,,4,SCL,,3.16,,A,JCT. RTE. 25 EAST,80000,6960,8.7,1576,1,V,-121.55096121961064,36.96130520289546,US,True
145,101,,4,SCL,,3.16,,B,JCT. RTE. 25 EAST,58000,9651,16.64,1198,4,E,-121.55096121961064,36.96130520289546,US,True
147,101,,4,SCL,,34.87,,A,"SAN JOSE, JCT. RTE. 280 WEST, JCT. RTE. 680 NORTH",180000,10800,6.0,1633,1,E,-121.85189334085264,37.339693503131045,US,True
149,101,,4,SCL,,37.726,,A,"SAN JOSE, OAKLAND ROAD",175000,9503,5.43,1568,1,V,-121.89151785196538,37.3631093027359,US,True
151,101,,4,SCL,,38.3,,A,"SAN JOSE, JCT. RTE. 880",131000,6550,5.0,906,1,E,-121.90185243840483,37.364283030766494,US,True
153,101,,4,SCL,,43.85,,B,"SUNNYVALE, LAWRENCE EXPRESSWAY",161000,6810,4.23,894,1,V,-121.99588923937655,37.39127177801205,US,True
155,101,,4,SCL,,46.134,,A,"SUNNYVALE, JCT. RTE. 237",150000,5715,3.81,820,1,V,-122.03557591300863,37.4007523847683,US,True
157,101,,4,SCL,,46.134,,B,"SUNNYVALE, JCT. RTE. 237",136000,5250,3.86,692,1,V,-122.03557591300863,37.4007523847683,US,True
159,101,,4,SCL,,48.103,,A,"MOUNTAIN VIEW, JCT. RTE. 85 SOUTH",209000,9405,4.5,1221,1,E,-122.0699319900329,37.408825409068896,US,True
161,101,,4,SCL,,48.103,,B,"MOUNTAIN VIEW, JCT. RTE. 85 SOUTH",153000,7007,4.58,1369,1,V,-122.0699319900329,37.408825409068896,US,True
163,101,,4,SF,R,4.241,R,A,"SAN FRANCISCO, JCT. RTE. 80",85000,1445,1.7,149,1,E,-122.40505666796807,37.766169123730755,US,True
164,101,,4,SF,,0.774,,A,"SAN FRANCISCO, THIRD STREET",198000,9148,4.62,1234,1,V,-122.39944763135145,37.719019016753826,US,True
166,101,,4,SF,,1.976,,A,"SAN FRANCISCO, JCT. RTE. 280",225000,5535,2.46,790,4,V,-122.40678100930876,37.73539917406915,US,True
168,101,,4,SF,,1.976,,B,"SAN FRANCISCO, JCT. RTE. 280",214000,8132,3.8,1139,4,V,-122.40678100930876,37.73539917406915,US,True
170,101,,4,SF,,4.241,,B,"SAN FRANCISCO, JCT. RTE. 80",193000,2972,1.54,396,1,V,-122.40505666796807,37.766169123730755,US,True
172,101,,4,SF,,6.712,,B,"SAN FRANCISCO, LOMBARD STREET",40500,883,2.18,72,4,E,-122.42459603600237,37.80136529665348,US,True
174,101,,4,SM,,1.869,,B,JCT. RTE. 114,191000,8079,4.23,1024,1,V,-122.15518028961075,37.46897390016453,US,True
176,101,,4,SM,,11.895,,A,"SAN MATEO, JCT. RTE. 92",234000,8167,3.49,1104,4,V,-122.29590662143607,37.553293774810854,US,True
178,101,,4,SM,,11.895,,B,"SAN MATEO, JCT. RTE. 92",190000,6137,3.23,801,4,V,-122.29590662143607,37.553293774810854,US,True
180,101,,4,SM,,13.461,,A,"SAN MATEO, THIRD AVENUE",245000,10829,4.42,1378,1,V,-122.31390866659206,37.57092277324785,US,True
182,101,,4,SM,,13.461,,B,"SAN MATEO, THIRD AVENUE",246000,9373,3.81,1146,1,V,-122.31390866659206,37.57092277324785,US,True
184,101,,4,SM,,17.947,,B,"MILLBRAE, MILLBRAE AVENUE",222000,10234,4.61,1051,22,E,-122.38032689890082,37.60260272533648,US,True
186,101,,4,SM,,5.385,,A,"REDWOOD CITY, JCT. RTE. 84",199000,8955,4.5,1028,1,E,-122.2129063819079,37.48903985526543,US,True
188,101,,4,SM,,5.385,,B,"REDWOOD CITY, JCT. RTE. 84",188000,8460,4.5,1128,1,E,-122.2129063819079,37.48903985526543,US,True
190,101,,4,SM,,6.623,,A,"REDWOOD CITY, WHIPPLE AVENUE",229000,11198,4.89,1297,1,V,-122.23307168255742,37.49639782890648,US,True
192,101,,4,SON,R,38.558,,B,LYTTON SPRINGS ROAD,29500,2505,8.49,576,1,V,-122.8742416447211,38.65934925925172,US,True
194,101,,4,SON,R,41.43,,B,SOUTH GEYSERVILLE,27000,2120,7.85,410,1,V,-122.89085485492194,38.69702714920258,US,True
196,101,,4,SON,R,43.373,,A,JCT. RTE. 128 EAST,22300,1929,8.65,409,1,V,-122.91899696712237,38.713717407201706,US,True
198,101,,4,SON,R,53.545,,B,JCT. RTE. 128 WEST,15200,1722,11.33,331,6,E,-123.01428412864647,38.82798711575556,US,True
200,101,,4,SON,R,54.201,,A,JCT. RTE. 128 WEST,14200,1609,11.33,309,6,E,-123.01428227811701,38.8280004892413,US,True
202,101,,4,SON,,12.682,,A,"COTATI, NORTH JCT. RTE. 116",109000,6224,5.71,1129,1,V,-122.71268165669169,38.33100727825409,US,True
204,101,,4,SON,,12.682,,B,"COTATI, NORTH JCT. RTE. 116",98000,6576,6.71,1175,1,V,-122.71268165669169,38.33100727825409,US,True
206,101,,4,SON,,19.646,,A,"SANTA ROSA, JCT. RTE. 12",134000,8040,6.0,1107,1,E,-122.71532529975815,38.43115612426014,US,True
208,101,,4,SON,,19.646,,B,"SANTA ROSA, JCT. RTE. 12",140000,7140,5.1,1164,1,V,-122.71532529975815,38.43115612426014,US,True
210,101,,4,SON,,2.925,,A,SOUTH PETALUMA,80000,5096,6.37,1018,1,V,-122.61197962760299,38.2239532691412,US,True
212,101,,4,SON,,2.925,,B,SOUTH PETALUMA,82000,3862,4.71,689,1,V,-122.61197962760299,38.2239532691412,US,True
214,101,,4,SON,,20.74,,A,"SANTA ROSA, COLLEGE AVENUE",135000,7020,5.2,1181,1,E,-122.72364367233965,38.44555966867782,US,True
216,101,,4,SON,,20.74,,B,"SANTA ROSA, COLLEGE AVENUE",140000,7280,5.2,1127,1,E,-122.72364367233965,38.44555966867782,US,True
218,101,,4,SON,,27.618,,A,SHILOH ROAD,70000,4151,5.93,723,1,V,-122.78992521160488,38.52581913924848,US,True
220,101,,4,SON,,3.664,,A,"PETALUMA, SOUTH JCT. RTE. 116 EAST",92000,4600,5.0,847,1,E,-122.61801684440314,38.23333777422157,US,True
222,101,,4,SON,,34.551,,B,SOUTH HEALDSBURG,50000,3635,7.27,697,1,V,-122.8683092559247,38.604018058736386,US,True
224,101,,4,SON,,7.651,,A,"PETALUMA, OLD REDWOOD HIGHWAY",108000,6059,5.61,1125,1,V,-122.66985366703753,38.27208763016166,US,True
226,101,,4,SON,,7.651,,B,"PETALUMA, OLD REDWOOD HIGHWAY",95000,5425,5.71,1051,1,E,-122.66985366703753,38.27208763016166,US,True
228,101,,5,MON,R,32.015,,A,"SAN LUCAS, JCT. RTE. 198",20800,3120,15.0,716,18,E,-121.02326720141676,36.12214654077104,US,True
230,101,,5,MON,R,32.015,,B,"SAN LUCAS, JCT. RTE. 198",18800,2632,14.0,628,18,E,-121.02326720141676,36.12214654077104,US,True
232,101,,5,MON,R,41.954,R,A,"JOLON ROAD, NORTH JCT.",13700,1781,13.0,392,18,E,-121.14795628507215,36.19782456823136,US,True
233,101,,5,MON,R,41.954,R,B,"JOLON ROAD, NORTH JCT.",14900,1490,10.0,356,18,E,-121.14795628507215,36.19782456823136,US,True
234,101,,5,MON,R,9.667,,A,JOLON ROAD,18300,2928,16.0,681,18,E,-120.83540997667583,35.873920900713784,US,True
236,101,,5,MON,R,9.667,,B,JOLON ROAD,19900,2985,15.0,685,18,E,-120.83540997667583,35.873920900713784,US,True
238,101,,5,MON,,101.316,,B,MONTEREY/SAN BENITO COUNTY LINE,64000,8467,13.23,1270,18,E,-121.63004337168721,36.8569320497611,US,True
240,101,,5,MON,,47.694,,A,TEAGUE AVENUE,28000,4564,16.3,936,22,E,-121.17915957907978,36.26149091999839,US,True
242,101,,5,MON,,61.583,,A,JCT. RTE. 146 EAST,38500,5094,13.23,1135,18,E,-121.32368178885055,36.41956792322555,US,True
244,101,,5,MON,,61.583,,B,JCT. RTE. 146 EAST,41000,5424,13.23,1166,18,E,-121.32368178885055,36.41956792322555,US,True
246,101,,5,MON,,66.398,,B,SOLEDAD PRISON,48500,6417,13.23,1380,18,E,-121.38765811724774,36.4649577182122,US,True
248,101,,5,MON,,72.605,,B,NORTH GONZALES,52000,7280,14.0,1633,18,E,-121.46415721762372,36.52365412720871,US,True
250,101,,5,MON,,85.624,,A,"SALINAS, AIRPORT BOULEVARD",53000,7420,14.0,1067,18,E,-121.62276959335578,36.66084424807856,US,True
252,101,,5,SBT,R,4.898,,A,JCT. RTE. 129 WEST,59000,7806,13.23,1098,18,E,-121.56147884407747,36.882513736163446,US,True
254,101,,5,SBT,,2.998,R,A,JCT. RTE. 156 EAST,24100,4097,17.0,602,18,E,-121.57931286115617,36.86183363992838,US,True
255,101,,5,SBT,,2.998,R,B,JCT. RTE. 156 EAST,28500,3420,12.0,460,18,E,-121.57931286115617,36.86183363992838,US,True
256,101,,5,SB,R,0.634,,A,JCT. RTE. 150 EAST,68000,3509,5.16,613,18,E,-119.48448848279948,34.38384866381834,US,True
258,101,,5,SB,R,0.634,,B,JCT. RTE. 150 EAST,68000,3509,5.16,613,18,E,-119.48448848279948,34.38384866381834,US,True
260,101,,5,SB,R,48.847,,A,"LAS CRUCES, JCT. RTE. 1 NORTHWEST",19600,2642,13.48,547,18,E,-120.22586915577853,34.50918419182042,US,True
262,101,,5,SB,R,48.847,,B,"LAS CRUCES, JCT. RTE. 1 NORTHWEST",26000,3871,14.89,755,23,E,-120.22586915577853,34.50918419182042,US,True
264,101,,5,SB,R,57.117,,A,"BUELLTON, JCT. RTE. 246",19300,2702,14.0,584,18,E,-120.19005633385856,34.612127343737406,US,True
266,101,,5,SB,R,57.117,,B,"BUELLTON, JCT. RTE. 246",19000,2660,14.0,575,18,E,-120.19005633385856,34.612127343737406,US,True
268,101,,5,SB,,11.407,,A,"SANTA BARBARA, JCT. RTE. 225 WEST",91000,4696,5.16,689,18,E,-119.65433100602044,34.42276929172039,US,True
270,101,,5,SB,,11.407,,B,"SANTA BARBARA, JCT. RTE. 225 WEST",78000,4025,5.16,578,18,E,-119.65433100602044,34.42276929172039,US,True
272,101,,5,SB,,12.754,,A,"SANTA BARBARA, JCT. RTE. 144",97000,5005,5.16,734,18,E,-119.67733772013446,34.42043744273902,US,True
274,101,,5,SB,,16.552,,A,"SANTA BARBARA, JCT. RTE. 225 SOUTHEAST",129000,6656,5.16,935,18,E,-119.73371856014079,34.42807886368569,US,True
276,101,,5,SB,,16.552,,B,"SANTA BARBARA, JCT. RTE. 225 SOUTHEAST",125000,7213,5.77,899,22,E,-119.73371856014079,34.42807886368569,US,True
278,101,,5,SB,,18.364,,A,JCT. RTE. 154,115000,6900,6.0,1361,18,E,-119.7599925897753,34.44131880834356,US,True
280,101,,5,SB,,18.364,,B,JCT. RTE. 154,124000,7440,6.0,1468,18,E,-119.7599925897753,34.44131880834356,US,True
282,101,,5,SB,,2.64,,A,"CARPINTERIA, CASITAS PASS ROAD",65000,3354,5.16,586,18,E,-119.5115060623677,34.39684752389209,US,True
284,101,,5,SB,,2.64,,B,"CARPINTERIA, CASITAS PASS ROAD",69000,3560,5.16,622,18,E,-119.5115060623677,34.39684752389209,US,True
286,101,,5,SB,,21.414,,A,JCT. RTE. 217 SOUTH,86000,5160,6.0,980,18,E,-119.81288723974217,34.44157234912517,US,True
288,101,,5,SB,,21.414,,B,JCT. RTE. 217 SOUTH,112000,6720,6.0,1347,18,E,-119.81288723974217,34.44157234912517,US,True
290,101,,5,SB,,23.711,,A,LOS CARNEROS ROAD,65000,6058,9.32,1169,18,E,-119.85283315728373,34.437779892667834,US,True
292,101,,5,SB,,24.762,,A,STORKE ROAD,34000,3169,9.32,651,18,E,-119.87085330169603,34.43455770275568,US,True
294,101,,5,SB,,26.907,,A,HOLLISTER AVENUE,28000,2610,9.32,462,18,E,-119.90588469172675,34.43243348987072,US,True
296,101,,5,SB,,62.671,,A,"ZACA, JCT. RTE. 154 EAST",32000,4480,14.0,940,18,E,-120.15757613138697,34.68785131498764,US,True
298,101,,5,SB,,62.671,,B,"ZACA, JCT. RTE. 154 EAST",23300,3262,14.0,715,18,E,-120.15757613138697,34.68785131498764,US,True
300,101,,5,SB,,70.921,,A,"LOS ALAMOS, JCT. RTE. 135 NORTHWEST",30000,4200,14.0,892,18,E,-120.27069572895489,34.74258130121342,US,True
302,101,,5,SB,,70.921,,B,"LOS ALAMOS, JCT. RTE. 135 NORTHWEST",32000,4480,14.0,954,18,E,-120.27069572895489,34.74258130121342,US,True
304,101,,5,SB,,80.21,,O,LAS FLORES BRIDGE,26000,3640,14.0,764,18,E,-120.37570380540852,34.84214266785874,US,True
306,101,,5,SB,,86.588,,A,BETTERAVIA ROAD,66000,9240,14.0,1926,18,E,-120.41782788059592,34.92360803430152,US,True
308,101,,5,SB,,86.588,,B,BETTERAVIA ROAD,54000,7560,14.0,1600,18,E,-120.41782788059592,34.92360803430152,US,True
310,101,,5,SB,,9.003,,A,"MONTECITO, SHEFFIELD DRIVE",78000,4025,5.16,703,18,E,-119.61403928470514,34.42186779667538,US,True
312,101,,5,SB,,9.003,,B,"MONTECITO, SHEFFIELD DRIVE",75000,3870,5.16,676,18,E,-119.61403928470514,34.42186779667538,US,True
314,101,,5,SB,,90.749,,B,JCT. RTE. 135 SOUTH,70000,9800,14.0,2043,18,E,-120.43137827136084,34.981341947900496,US,True
316,101,,5,SLO,R,24.296,,A,SANTA FE,67000,8710,13.0,1747,21,E,-120.6914080711176,35.22396217032388,US,True
318,101,,5,SLO,R,24.296,,B,SANTA FE,71000,9230,13.0,1851,21,E,-120.6914080711176,35.22396217032388,US,True
320,101,,5,SLO,,0.813,,A,JCT. RTE. 166 EAST,65000,8450,13.0,1709,21,E,-120.4346274777435,34.99627748609573,US,True
322,101,,5,SLO,,0.813,,B,JCT. RTE. 166 EAST,74000,9620,13.0,1976,21,E,-120.4346274777435,34.99627748609573,US,True
324,101,,5,SLO,,13.173,,A,"ARROYO GRANDE, JCT. RTE. 227 NORTH",60000,7800,13.0,1602,21,E,-120.58355847879155,35.1214438561966,US,True
326,101,,5,SLO,,13.173,,B,"ARROYO GRANDE, JCT. RTE. 227 NORTH",59000,7670,13.0,1552,21,E,-120.58355847879155,35.1214438561966,US,True
328,101,,5,SLO,,17.756,,A,"PISMO BEACH, JCT. RTE. 1 SOUTH",68000,8840,13.0,1816,21,E,-120.65458637016665,35.15106594591293,US,True
330,101,,5,SLO,,17.756,,B,"PISMO BEACH, JCT. RTE. 1 SOUTH",70000,9100,13.0,1841,21,E,-120.65458637016665,35.15106594591293,US,True
332,101,,5,SLO,,28.088,,A,"SAN LUIS OBISPO, JCT. RTE. 227",63000,8190,13.0,1643,21,E,-120.67125577987002,35.274400704682655,US,True
334,101,,5,SLO,,28.088,,B,"SAN LUIS OBISPO, JCT. RTE. 227",70000,9100,13.0,1825,21,E,-120.67125577987002,35.274400704682655,US,True
336,101,,5,SLO,,29.067,,A,"SAN LUIS OBISPO, JCT. RTE. 1 NORTH",49500,6435,13.0,1421,21,E,-120.6635037744139,35.286645039953804,US,True
338,101,,5,SLO,,30.36,,O,"SAN LUIS OBISPO, NORTH CITY LIMITS",46500,6045,13.0,1269,21,E,-120.64324829099466,35.29304549209249,US,True
340,101,,5,SLO,,37.863,,A,JCT. RTE. 58 EAST,44000,5280,12.0,1141,1,E,-120.6301948275837,35.38322391026555,US,True
342,101,,5,SLO,,37.863,,B,JCT. RTE. 58 EAST,47000,5640,12.0,1184,21,E,-120.6301948275837,35.38322391026555,US,True
344,101,,5,SLO,,45.572,,A,"ATASCADERO, JCT. RTE. 41",62000,7440,12.0,869,21,E,-120.66509331366474,35.48539227294322,US,True
346,101,,5,SLO,,45.572,,B,"ATASCADERO, JCT. RTE. 41",57000,6840,12.0,1520,21,E,-120.66509331366474,35.48539227294322,US,True
348,101,,5,SLO,,49.319,,B,SAN RAMON ROAD,62000,7669,12.37,839,20,V,-120.70438994059708,35.52658466235884,US,True
350,101,,5,SLO,,54.116,,A,JCT. RTE. 46 WEST,71000,8520,12.0,1826,21,E,-120.69544971914165,35.58935939082997,US,True
352,101,,5,SLO,,54.116,,B,JCT. RTE. 46 WEST,58000,6960,12.0,842,21,E,-120.69544971914165,35.58935939082997,US,True
354,101,,5,SLO,,57.92,,A,"PASO ROBLES, JCT. RTE. 46 EAST",27500,3575,13.0,842,21,E,-120.6850182502971,35.642606382943434,US,True
356,101,,5,SLO,,57.92,,B,"PASO ROBLES, JCT. RTE. 46 EAST",45500,5460,12.0,1151,21,E,-120.6850182502971,35.642606382943434,US,True
358,101,,7,LA,S,0.0,,A,"LOS ANGELES, JCT. RTE. 5",126000,5078,4.03,686,12,E,-118.22115290609295,34.03410835731144,US,True
360,101,,7,LA,S,1.329,,B,"LOS ANGELES, JCT. RTE. 10",114000,4594,4.03,620,12,E,-118.22658790041143,34.05279003369051,US,True
362,101,,7,LA,,0.387,,A,"LOS ANGELES, VIGNES STREET ",194000,6771,3.49,821,12,E,-118.23243298194534,34.05363692021353,US,True
364,101,,7,LA,,0.0,,A,"LOS ANGELES, JCT. RTE. 10",196000,6840,3.49,829,12,E,-118.22658790041143,34.05279003369051,US,True
366,101,,7,LA,,1.569,,A,"LOS ANGELES, JCT. RTE. 110",246000,8143,3.31,1018,12,V,-118.248717220106,34.06270548293521,US,True
368,101,,7,LA,,1.569,,B,"LOS ANGELES, JCT. RTE. 110",202000,7050,3.49,855,12,E,-118.248717220106,34.06270548293521,US,True
370,101,,7,LA,,11.747,R,A,"LOS ANGELES, JCT. RTES. 134/170",128000,4928,3.85,668,12,V,-118.37728310643921,34.15430372774074,US,True
371,101,,7,LA,,11.747,R,B,"LOS ANGELES, JCT. RTES. 134/170",111000,4484,4.04,623,12,E,-118.37728310643921,34.15430372774074,US,True
372,101,,7,LA,,12.352,,O,S/O LAUREL CYN BL; COLFAX AVE,274000,11590,4.23,1506,16,E,-118.38761069320599,34.154553003291404,US,True
374,101,,7,LA,,17.17,R,A,"LOS ANGELES, JCT. RTE. 405",149000,8121,5.45,985,12,E,-118.4696196966154,34.16106087335632,US,True
375,101,,7,LA,,17.17,R,B,"LOS ANGELES, JCT. RTE. 405",140000,5236,3.74,710,12,E,-118.4696196966154,34.16106087335632,US,True
376,101,,7,LA,,19.99,,O,ENCINO AVENUE PEDESTRIAN OVERCROSSING,304000,16568,5.45,2010,12,E,-118.51428113428972,34.17128176609245,US,True
378,101,,7,LA,,2.068,,O,"LOS ANGELES, EDGEWARE ROAD",264000,9425,3.57,1185,16,E,-118.25435276959989,34.067109857343134,US,True
380,101,,7,LA,,2.857,,A,"LOS ANGELES, JCT. RTE. 2 NORTHEAST",234000,9454,4.04,1215,12,E,-118.2668670201599,34.07209565265816,US,True
382,101,,7,LA,,2.857,,B,"LOS ANGELES, JCT. RTE. 2 NORTHEAST",268000,8871,3.31,1124,12,E,-118.2668670201599,34.07209565265816,US,True
384,101,,7,LA,,25.337,,A,"LOS ANGELES, JCT. RTE. 27",191000,10410,5.45,1263,12,E,-118.60564090001922,34.170794312188164,US,True
386,101,,7,LA,,25.337,,B,"LOS ANGELES, JCT. RTE. 27",213000,11609,5.45,1408,12,E,-118.60564090001922,34.170794312188164,US,True
388,101,,7,LA,,5.554,,A,"LOS ANGELES, JCT. RTE. 2 WEST",182000,7353,4.04,971,12,E,-118.30638162778749,34.09079962813421,US,True
390,101,,7,LA,,5.554,,B,"LOS ANGELES, JCT. RTE. 2 WEST",208000,8403,4.04,1094,12,E,-118.30638162778749,34.09079962813421,US,True
392,101,,7,LA,,7.84,,A,"LOS ANGELES, HIGHLAND AVENUE",251000,10140,4.04,1374,12,E,-118.33528914144094,34.11173340789785,US,True
394,101,,7,LA,,7.84,,B,"LOS ANGELES, HIGHLAND AVENUE ",211000,8524,4.04,1140,12,E,-118.33528914144094,34.11173340789785,US,True
396,101,,7,VEN,R,24.645,,A,"VENTURA, VICTORIA AVENUE",116000,4721,4.07,785,17,V,-119.21068696715474,34.25247988872762,US,True
398,101,,7,VEN,R,43.622,,B,VENTURA/SANTA BARBARA COUNTY LINE,69000,3560,5.16,655,18,E,-119.47799771200229,34.37653387911782,US,True
400,101,,7,VEN,,0.701,,A,"THOUSAND OAKS, JCT. RTE. 23 SOUTH",164000,6675,4.07,1312,12,E,-118.82503795911423,34.15771434266801,US,True
402,101,,7,VEN,,0.701,,B,"THOUSAND OAKS, JCT. RTE. 23 SOUTH",156000,6521,4.18,1282,12,E,-118.82503795911423,34.15771434266801,US,True
404,101,,7,VEN,,12.298,,B,"CAMARILLO, PLEASANT VALLEY ROAD ",123000,3493,2.84,600,21,E,-119.00771438311767,34.213781592909164,US,True
406,101,,7,VEN,,13.848,,A,"CAMARILLO, JCT. RTE. 34",134000,7129,5.32,1142,12,E,-119.03411645771448,34.216900933344284,US,True
408,101,,7,VEN,,13.848,,B,"CAMARILLO, JCT. RTE. 34",126000,6187,4.91,1216,12,E,-119.03411645771448,34.216900933344284,US,True
410,101,,7,VEN,,13.848,,X,"CAMARILLO, JCT. RTE. 34",130174,5702,4.38,910,17,V,-119.03411645771448,34.216900933344284,US,True
412,101,,7,VEN,,22.006,,B,"OXNARD, JCT. RTE. 232",130000,6162,4.74,1050,12,E,-119.17320253320463,34.232104096265566,US,True
414,101,,7,VEN,,22.729,,A,"OXNARD, JCT. RTE. 1 SOUTH",140000,5278,3.77,971,12,E,-119.18102702372101,34.239517171341255,US,True
416,101,,7,VEN,,26.39,,A,"VENTURA, JCT. RTE. 126",119000,6605,5.55,1234,12,E,-119.23719156288163,34.26492253823035,US,True
418,101,,7,VEN,,26.39,,B,"VENTURA, JCT. RTE. 126",90000,4446,4.94,901,12,E,-119.23719156288163,34.26492253823035,US,True
420,101,,7,VEN,,3.107,,A,"THOUSAND OAKS, JCT. RTE. 23 NORTH",179000,6408,3.58,1259,12,E,-118.85985855587028,34.17623212202679,US,True
422,101,,7,VEN,,3.107,,B,"THOUSAND OAKS, JCT. RTE. 23 NORTH",180000,6678,3.71,1313,12,E,-118.85985855587028,34.17623212202679,US,True
424,101,,7,VEN,,30.906,,A,"VENTURA, JCT. RTE. 33",70000,5397,7.71,1100,12,E,-119.30617478266893,34.27917354726582,US,True
426,101,,7,VEN,,30.906,,B,"VENTURA, JCT. RTE. 33",94000,6007,6.39,1168,12,E,-119.30617478266893,34.27917354726582,US,True
428,101,,7,VEN,,7.885,,A,"THOUSAND OAKS, WENDY DRIVE ",110000,5401,4.91,1062,12,V,-118.93922837365365,34.18985323165977,US,True
430,101,,7,VEN,,7.885,,X,"THOUSAND OAKS, WENDY DRIVE",118396,3836,3.24,661,22,V,-118.93922837365365,34.18985323165977,US,True
432,103,,7,LA,,0.0,,A,"NB OFF TO HENRY FORD BLVD  AND LOS ANGELES, JCT. RTE. 47",18500,10641,57.52,2374,11,V,-118.24017216395076,33.77449082570589,State,True
434,104,,10,AMA,R,5.766,,A,"IONE, JCT. RTE. 124 NORTH",4900,303,6.19,58,96,V,-120.93578705638014,38.35412710174796,State,True
436,104,,10,AMA,R,5.766,,B,"IONE, JCT. RTE. 124 NORTH",9200,691,7.51,150,96,V,-120.93578705638014,38.35412710174796,State,True
438,104,,10,AMA,R,5.96,,A,"IONE, JCT. RTE. 124 SOUTH",8200,525,6.4,100,96,V,-120.93337905668403,38.3527351022698,State,True
440,104,,10,AMA,R,8.201,,B,JCT. RTE. 88,4700,197,4.19,29,96,V,-120.90704405030635,38.33007810378636,State,True
442,104,,10,AMA,,10.072,,B,"SUTTER CREEK, JCT. RTE. 49",7400,666,9.0,148,96,V,-120.80244639613973,38.37844790380767,State,True
444,104,,10,AMA,,8.386,,A,JCT. RTE. 88,5200,318,6.12,46,96,V,-120.8212905921116,38.35966350192144,State,True
446,104,,3,SAC,,0.0,,A,JCT. RTE. 99,11500,920,8.0,108,96,E,-121.31225465878612,38.29106004227628,State,True
448,104,,3,SAC,,12.183,,A,RANCHO SECO ROAD,1600,196,12.24,32,14,V,-121.11422772439295,38.35079248891316,State,True
450,104,,3,SAC,,3.87,,A,IVIE ROAD,6600,850,12.88,104,14,V,-121.24320435461006,38.2963837622278,State,True
452,105,,7,LA,R,13.471,,A,"LYNWOOD, JCT. RTE. 710",207000,18361,8.87,3828,4,E,-118.18004291657188,33.91264224173092,Interstate,True
454,105,,7,LA,R,13.471,,B,"LYNWOOD, JCT. RTE. 710",216000,13738,6.36,2142,4,E,-118.18004291657188,33.91264224173092,Interstate,True
456,105,,7,LA,R,16.389,,O,"DOWNEY, ARDIS AVENUE",215000,18039,8.39,3760,4,V,-118.12974466008419,33.912983253861434,Interstate,True
458,105,,7,LA,R,17.823,,B,"NORWALK, JCT. RTE. 605",226000,20001,8.85,4169,4,E,-118.10487570335191,33.91391218325637,Interstate,True
460,105,,7,LA,R,2.106,,A,"LOS ANGELES, JCT. RTE. 405",238000,13542,5.69,1592,4,E,-118.3685637492711,33.92989134015498,Interstate,True
462,105,,7,LA,R,2.106,,B,"LOS ANGELES, JCT. RTE. 405",160000,5504,3.44,656,4,V,-118.3685637492711,33.92989134015498,Interstate,True
464,105,,7,LA,R,5.234,,O,"HAWTHORNE, VAN NESS AVENUE",271000,12466,4.6,1465,4,V,-118.31778167993431,33.92527446925286,Interstate,True
466,105,,7,LA,R,7.386,,A,"LOS ANGELES, JCT. RTE. 110",260000,13988,5.38,2181,4,E,-118.28090426187619,33.92850298024389,Interstate,True
468,105,,7,LA,R,7.386,,B,"LOS ANGELES, JCT. RTE. 110",264000,13306,5.04,1564,4,E,-118.28090426187619,33.92850298024389,Interstate,True
470,107,,7,LA,,0.0,,A,"TORRANCE, JCT. RTE. 1",41500,797,1.92,43,6,V,-118.3510111851507,33.805029823319494,State,True
472,107,,7,LA,,4.696,,A,"TORRANCE, ARTESIA BOULEVARD",48000,1042,2.17,52,6,V,-118.35235368230852,33.87282237884729,State,True
474,107,,7,LA,,4.696,,B,"TORRANCE, ARTESIA BOULEVARD",70000,1862,2.66,93,6,E,-118.35235368230852,33.87282237884729,State,True
476,108,,10,STA,L,22.836,,A,"MODESTO, K STREET AT NEEDHAM AVENUE",15600,530,3.4,38,92,E,-120.99816656198615,37.645746375210045,State,True
478,108,,10,STA,R,22.438,R,A,JCT. RTE. 132,4650,148,3.19,11,92,E,-121.00245709724281,37.64076289124506,State,True
479,108,,10,STA,,24.81,,B,"MODESTO, BRIGGSMORE AVENUE",30000,1020,3.4,73,92,E,-120.9939757262513,37.67051482193525,State,True
481,108,,10,STA,,27.618,,A,JCT. RTE. 219 WEST,12700,889,7.0,209,1,V,-120.99494203861258,37.71109940322356,State,True
483,108,,10,STA,,27.618,,B,JCT. RTE. 219 WEST,19200,806,4.2,58,92,V,-120.99494203861258,37.71109940322356,State,True
485,108,,10,STA,,38.236,,B,"OAKDALE, EAST JCT. RTE. 120",14000,700,5.0,167,1,E,-120.84704097400407,37.766643058074244,State,True
487,108,,10,TUO,L,0.0,,A,"OAKDALE, EAST JCT. RTE. 120",15200,1064,7.0,237,98,V,-120.48830050442933,37.891229026709105,State,True
489,108,,10,TUO,L,2.808,,B,"SONORA, JCT. RTE. 49",15200,1231,8.1,243,95,V,-120.45168069624523,37.91902182899699,State,True
491,108,,10,TUO,R,0.0,,A,"SONORA, JCT. RTE. 49",20200,1515,7.5,289,95,E,-120.3939742141708,37.9651778139517,State,True
493,108,,10,TUO,,15.17,,A,CHIEF FULLER ROAD,4800,192,4.0,35,1,V,-120.1903457647549,38.06629123412222,State,True
495,108,,10,TUO,,30.164,,B,MC COY SADDLE,4300,129,3.0,22,1,E,-120.00840120539995,38.187105736790215,State,True
497,108,,10,TUO,,36.55,,B,COW CREEK ROAD,1300,39,3.0,7,1,V,-119.99443285817776,38.241006039663276,State,True
499,108,,10,TUO,,7.511,,A,SOULSBYVILLE ROAD,7900,237,3.0,42,1,E,-120.26727617324826,37.99650816472773,State,True
501,108,,10,TUO,,7.511,,B,SOULSBYVILLE ROAD,10500,210,2.0,38,1,E,-120.26727617324826,37.99650816472773,State,True
503,108,,9,MNO,,15.149,,B,"SONORA JUNCTION, JCT. RTE. 395",530,73,13.71,6,22,V,-119.45231980169538,38.34848666812768,State,True
505,109,,4,SM,,1.87,,B,"MENLO PARK, JCT. RTE. 84",32000,826,2.58,61,0,V,-122.14261603882206,37.48647723933729,State,True
507,10,S,7,LA,,19.714,,O,BUSWAY; EAST LA CITY LIMITS,13700,1434,10.47,72,9,V,-118.19259302608144,34.05580591217299,Interstate,True
509,10,,7,LA,R,11.698,,O,"LOS ANGELES, 10TH AVENUE",322000,10884,3.38,1131,10,E,-118.32837447183083,34.03522876327331,Interstate,True
511,10,,7,LA,R,2.155,,A,"SANTA MONICA, JCT. RTE. 1",145000,3654,2.52,266,10,E,-118.48579622497687,34.01475483803789,Interstate,True
513,10,,7,LA,R,5.454,,A,"LOS ANGELES, JCT. RTE. 405",243000,8213,3.38,853,10,E,-118.4335326486836,34.031222694772715,Interstate,True
515,10,,7,LA,R,5.454,,B,"LOS ANGELES, JCT. RTE. 405",231000,4505,1.95,329,10,E,-118.4335326486836,34.031222694772715,Interstate,True
517,10,,7,LA,R,8.965,,A,"LOS ANGELES, JCT. RTE. 187",272000,9194,3.38,955,10,E,-118.3758162833444,34.03651710173688,Interstate,True
519,10,,7,LA,R,8.965,,B,"LOS ANGELES, JCT. RTE. 187",252000,8518,3.38,885,10,E,-118.3758162833444,34.03651710173688,Interstate,True
521,10,,7,LA,S,0.655,,A,"LOS ANGELES, JCT. RTE. 5",192000,6701,3.49,1156,10,E,-118.21417713397553,34.05515491266373,Interstate,True
523,10,,7,LA,S,0.655,,B,"LOS ANGELES, JCT. RTE. 5",86000,2107,2.45,295,10,E,-118.21417713397553,34.05515491266373,Interstate,True
525,10,,7,LA,S,0.0,,A,"LOS ANGELES, JCT. RTE. 101",86000,2107,2.45,295,10,E,-118.22451118412079,34.05240485763482,Interstate,True
527,10,,7,LA,,14.836,,A,"LOS ANGELES, JCT. RTE. 110",251000,9162,3.65,1195,13,E,-118.27423689576885,34.03810914870321,Interstate,True
529,10,,7,LA,,14.836,,B,"LOS ANGELES, JCT. RTE. 110",340000,11492,3.38,1194,10,E,-118.27423689576885,34.03810914870321,Interstate,True
531,10,,7,LA,,16.025,,A,SAN PEDRO STREET (BELOW),252000,9198,3.65,1199,13,E,-118.25625194195949,34.02958599286135,Interstate,True
533,10,,7,LA,,19.668,,O,EAST LOS ANGELES CITY LIMITS,218000,6736,3.09,1302,13,V,-118.19262913116933,34.05530924607981,Interstate,True
535,10,,7,LA,,21.382,,A,"MONTEREY PARK, JCT. RTE. 710",196000,6037,3.08,980,13,E,-118.16516331203725,34.06112329924666,Interstate,True
537,10,,7,LA,,21.382,,B,"MONTEREY PARK, JCT. RTE. 710",217000,7465,3.44,1288,10,E,-118.16516331203725,34.06112329924666,Interstate,True
539,10,,7,LA,,24.32,,O,ALMANSOR AVE,221000,6807,3.08,1104,13,E,-118.11724238855848,34.07152904275945,Interstate,True
541,10,,7,LA,,24.831,,A,"MONTEREY PARK, NEW AVENUE",221000,6807,3.08,1104,13,E,-118.10834672803271,34.07165871563292,Interstate,True
543,10,,7,LA,,26.857,,A,"EL MONTE, JCT. RTE. 164",198000,6098,3.08,989,13,E,-118.07303785020736,34.07206730525047,Interstate,True
545,10,,7,LA,,26.857,,B,"EL MONTE, JCT. RTE. 164",212000,6530,3.08,1059,13,E,-118.07303785020736,34.07206730525047,Interstate,True
547,10,,7,LA,,31.151,,A,"BALDWIN PARK, JCT. RTE. 605",216000,13932,6.45,2827,10,E,-118.00020260327781,34.06497569220282,Interstate,True
549,10,,7,LA,,31.151,,B,"BALDWIN PARK, JCT. RTE. 605",228000,7684,3.37,1175,13,V,-118.00020260327781,34.06497569220282,Interstate,True
551,10,,7,LA,,36.5,,B,"WEST COVINA, AZUSA AVENUE ",194000,13852,7.14,2811,10,E,-117.9075722397492,34.072053554194554,Interstate,True
553,10,,7,LA,,42.443,,A,"POMONA, JCT. RTES. 57/71",258000,17363,6.73,3900,10,E,-117.80656295269739,34.06508701504486,Interstate,True
555,10,,7,LA,,42.443,,B,"POMONA, JCT. RTES. 57/71",210000,16464,7.84,3342,10,E,-117.80656295269739,34.06508701504486,Interstate,True
557,10,,7,LA,,47.737,,B,"POMONA, INDIAN HILL BOULEVARD ",265000,18020,6.8,4343,16,V,-117.71941316669974,34.08165691020493,Interstate,True
559,10,,7,LA,,48.265,,O,LOS ANGELES/SAN BERNARDINO COUNTY LINE,212000,13886,6.55,3119,10,E,-117.71034786921402,34.081821279043794,Interstate,True
561,10,,8,RIV,R,105.087,,A,JCT. RTE. 177 NORTH,29700,10930,36.8,3255,15,E,-115.40047324287826,33.710321337221785,Interstate,True
563,10,,8,RIV,R,105.087,,B,JCT. RTE. 177 NORTH,30700,10849,35.34,3228,15,E,-115.40047324287826,33.710321337221785,Interstate,True
565,10,,8,RIV,R,14.76,,A,EAST RAMSEY STREET,115000,21045,18.3,5671,86,V,-116.85217947373145,33.92646706068319,Interstate,True
567,10,,8,RIV,R,14.76,,B,EAST RAMSEY STREET,111000,17760,16.0,4550,86,E,-116.85217947373145,33.92646706068319,Interstate,True
569,10,,8,RIV,R,149.15,,A,JCT. RTE. 78 SOUTH,33000,10857,32.9,3213,15,E,-114.65773496577327,33.606524746267795,Interstate,True
571,10,,8,RIV,R,149.15,,B,JCT. RTE. 78 SOUTH,31800,10971,34.5,3286,15,E,-114.65773496577327,33.606524746267795,Interstate,True
573,10,,8,RIV,R,154.167,,A,JCT. RTE. 95 NORTH,34000,12291,36.15,3623,4,E,-114.57074195465734,33.607317225207936,Interstate,True
575,10,,8,RIV,R,154.167,,B,JCT. RTE. 95 NORTH,32900,11656,35.43,3450,4,E,-114.57074195465734,33.607317225207936,Interstate,True
577,10,,8,RIV,R,156.492,,B,ARIZONA STATE LINE,34000,12267,36.08,3616,4,E,-114.53084849693171,33.60464100830739,Interstate,True
579,10,,8,RIV,R,25.201,,A,JCT. RTE. 111,88000,19272,21.9,4531,86,E,-116.67828199484386,33.9224531472542,Interstate,True
581,10,,8,RIV,R,25.201,,B,JCT. RTE. 111,104000,19760,19.0,5203,86,E,-116.67828199484386,33.9224531472542,Interstate,True
583,10,,8,RIV,R,3.048,,A,CHERRY VALLEY BOULEVARD,105000,13755,13.1,3202,91,V,-117.03594369017036,33.96814826224463,Interstate,True
585,10,,8,RIV,R,52.342,,A,JEFFERSON STREE/INDIO BOULEVARD,83500,28223,33.8,7993,83,V,-116.27135006156614,33.749954206774376,Interstate,True
587,10,,8,RIV,R,52.342,,B,JEFFERSON STREE/INDIO BOULEVARD,102000,33150,32.5,9486,83,V,-116.27135006156614,33.749954206774376,Interstate,True
589,10,,8,RIV,R,57.831,,A,"INDIO, JCT. RTE. 86 SOUTH",32900,11390,34.62,3386,4,E,-116.19102606586438,33.71640974627377,Interstate,True
591,10,,8,RIV,R,57.831,,B,"INDIO, JCT. RTE. 86 SOUTH",64200,20043,31.22,5909,4,E,-116.19102606586438,33.71640974627377,Interstate,True
593,10,,8,RIV,R,58.916,,A,"COACHELLA, DILLON ROAD",31800,13184,41.46,3878,21,E,-116.17285530003008,33.71490523424089,Interstate,True
595,10,,8,RIV,,11.333,,B,"BANNING, SUNSET AVENUE",123000,17589,14.3,3842,85,V,-116.9119267430785,33.924490306191736,Interstate,True
597,10,,8,RIV,,29.691,,A,JCT. RTE. 62 NORTH,95500,25021,26.2,6218,84,E,-116.60396482683453,33.91423129830008,Interstate,True
599,10,,8,RIV,,29.691,,B,JCT. RTE. 62 NORTH,88000,19272,21.9,4564,84,E,-116.60396482683453,33.91423129830008,Interstate,True
601,10,,8,RIV,,33.129,,A,INDIAN AVENUE,95500,22538,23.6,6346,84,E,-116.54540033328946,33.90459821972612,Interstate,True
603,10,,8,RIV,,33.129,,B,INDIAN AVENUE,95500,23875,25.0,6385,84,E,-116.54540033328946,33.90459821972612,Interstate,True
605,10,,8,RIV,,6.67,,A,JCT. RTE. 60 WEST,122000,16470,13.5,3256,85,E,-116.9906061983795,33.933177681632905,Interstate,True
607,10,,8,RIV,,6.67,,B,JCT. RTE. 60 WEST,101000,13635,13.5,3171,85,V,-116.9906061983795,33.933177681632905,Interstate,True
609,10,,8,RIV,,7.574,,A,"BEAUMONT, JCT. RTE. 79 SOUTH",121000,17545,14.5,3663,85,E,-116.97712218143599,33.926903253661486,Interstate,True
611,10,,8,SBD,R,18.492,,A,"BLOOMINGTON, CEDAR AVENUE",177000,18019,10.18,4257,6,E,-117.39611475737775,34.0684122191148,Interstate,True
613,10,,8,SBD,R,18.492,,B,"BLOOMINGTON, CEDAR AVENUE",178000,18209,10.23,4328,6,E,-117.39611475737775,34.0684122191148,Interstate,True
615,10,,8,SBD,R,23.248,,B,"COLTON, MOUNT VERNON AVENUE",184000,18198,9.89,4374,6,E,-117.31362561343212,34.06481380298671,Interstate,True
617,10,,8,SBD,R,24.24,,A,"COLTON, JCT. RTE. 215",207000,22770,11.0,4114,84,V,-117.2964954542263,34.06411453630963,Interstate,True
619,10,,8,SBD,R,24.24,,B,"COLTON, JCT. RTE. 215",180000,19980,11.1,3798,84,E,-117.2964954542263,34.06411453630963,Interstate,True
621,10,,8,SBD,,0.0,,O,LOS ANGELES/SAN BERNARDINO COUNTY LINE,212000,13886,6.55,3119,10,E,-117.71034786921402,34.081821279043794,Interstate,True
623,10,,8,SBD,,1.229,,A,"MONTCLAIR, CENTRAL AVENUE",217000,14409,6.64,3222,5,E,-117.68985828393343,34.08529661203039,Interstate,True
625,10,,8,SBD,,1.229,,B,"MONTCLAIR, CENTRAL AVENUE",210000,13944,6.64,3118,5,E,-117.68985828393343,34.08529661203039,Interstate,True
627,10,,8,SBD,,11.132,,A,ETIWANDA AVENUE,191000,26778,14.02,5671,21,V,-117.52411418136415,34.06741476334895,Interstate,True
629,10,,8,SBD,,11.132,,B,ETIWANDA AVENUE,224000,22915,10.23,5374,6,E,-117.52411418136415,34.06741476334895,Interstate,True
631,10,,8,SBD,,13.169,,B,"FONTANA, CHERRY AVENUE",191000,26587,13.92,5527,22,E,-117.48885304540292,34.06605030790175,Interstate,True
633,10,,8,SBD,,20.965,,A,PEPPER AVENUE,178000,17800,10.0,4277,6,E,-117.35300649784652,34.068896757940905,Interstate,True
635,10,,8,SBD,,20.965,,B,PEPPER AVENUE,178000,17978,10.1,4298,6,E,-117.35300649784652,34.068896757940905,Interstate,True
637,10,,8,SBD,,27.296,,A,MOUNTAIN VIEW AVENUE,175000,21525,12.3,3998,84,E,-117.24394311358667,34.06646982121284,Interstate,True
639,10,,8,SBD,,27.296,,B,MOUNTAIN VIEW AVENUE,178000,23496,13.2,4245,84,E,-117.24394311358667,34.06646982121284,Interstate,True
641,10,,8,SBD,,29.313,,A,JCT. RTE. 210 /ALABAMA STREET OC,158000,18960,12.0,3541,89,E,-117.2087610581165,34.066500886654076,Interstate,True
643,10,,8,SBD,,29.313,,B,JCT. RTE. 210 /ALABAMA STREET OC,172000,20640,12.0,3855,89,E,-117.2087610581165,34.066500886654076,Interstate,True
645,10,,8,SBD,,3.468,,A,"UPLAND, JCT. RTE. 83",219000,14651,6.69,3276,5,E,-117.65114679262773,34.087291371915136,Interstate,True
647,10,,8,SBD,,3.468,,B,"UPLAND, JCT. RTE. 83",217000,14517,6.69,3246,5,E,-117.65114679262773,34.087291371915136,Interstate,True
649,10,,8,SBD,,30.899,,A,"REDLANDS, JCT. RTE. 38 NORTH",135000,16200,12.0,3025,86,E,-117.18259883998877,34.06166873268406,Interstate,True
651,10,,8,SBD,,30.899,,B,"REDLANDS, JCT. RTE. 38 NORTH",158000,16432,10.4,2916,85,V,-117.18259883998877,34.06166873268406,Interstate,True
653,10,,8,SBD,,35.5,,A,YUCAIPA BOULEVARD,118000,18880,16.0,4162,86,V,-117.11940466482798,34.026685488210006,Interstate,True
655,10,,8,SBD,,35.5,,B,YUCAIPA BOULEVARD,137000,17810,13.0,3571,86,E,-117.11940466482798,34.026685488210006,Interstate,True
657,10,,8,SBD,,9.936,,A,"ONTARIO, JCT. RTE. 15",224000,22915,10.23,5374,6,E,-117.54494057019758,34.067356050243994,Interstate,True
659,10,,8,SBD,,9.936,,B,"ONTARIO, JCT. RTE. 15",226000,15119,6.69,3381,5,E,-117.54494057019758,34.067356050243994,Interstate,True
661,110,,7,LA,R,0.931,,A,"LOS ANGELES, JCT. RTE. 47",70000,2128,3.04,403,12,E,-118.29081731656352,33.74888875215064,Interstate,True
663,110,,7,LA,R,0.931,,B,"LOS ANGELES, JCT. RTE. 47",52000,1128,2.17,81,12,E,-118.29081731656352,33.74888875215064,Interstate,True
665,110,,7,LA,,11.891,,A,"LOS ANGELES, ROSECRANS AVENUE ",264000,15576,5.9,2247,12,E,-118.28651167344046,33.90191935499641,Interstate,True
667,110,,7,LA,,13.82,,A,"LOS ANGELES, JCT. RTE. 105",295000,13246,4.49,1795,12,E,-118.28053250397733,33.92871767965915,Interstate,True
669,110,,7,LA,,13.82,,B,"LOS ANGELES, JCT. RTE. 105",268000,15249,5.69,2200,12,E,-118.28053250397733,33.92871767965915,Interstate,True
671,110,,7,LA,,16.981,,B,"LOS ANGELES, FLORENCE AVENUE ",307000,12526,4.08,1697,12,E,-118.28072405623695,33.97451644367019,Interstate,True
673,110,,7,LA,,21.444,,A,"LOS ANGELES, JCT. RTE. 10",280000,7476,2.67,796,12,E,-118.27389671365223,34.03819291929125,Interstate,True
675,110,,7,LA,,21.444,,B,"LOS ANGELES, JCT. RTE. 10",271000,12249,4.52,1660,12,E,-118.27389671365223,34.03819291929125,Interstate,True
677,110,,7,LA,,22.556,,O,"LOS ANGELES, SEVENTH STREET",278000,6700,2.41,713,12,E,-118.26258167357234,34.0502735539226,State,True
679,110,,7,LA,,23.727,,A,"LOS ANGELES, JCT. RTE. 101",162000,1831,1.13,88,12,E,-118.24871798996222,34.06262072670072,State,True
681,110,,7,LA,,23.727,,B,"LOS ANGELES, JCT. RTE. 101",279000,6194,2.22,659,12,E,-118.24871798996222,34.06262072670072,State,True
683,110,,7,LA,,24.755,R,B,"LOS ANGELES, STADIUM WAY OVERCROSSING",93000,1042,1.12,50,12,E,-118.23505728967365,34.071244575202336,State,True
684,110,,7,LA,,25.751,,A,"LOS ANGELES, JCT. RTE. 5",124000,942,0.76,34,12,E,-118.22369783598779,34.0818668338274,State,True
686,110,,7,LA,,25.751,,B,"LOS ANGELES, JCT. RTE. 5",183000,1684,0.92,81,12,E,-118.22369783598779,34.0818668338274,State,True
688,110,,7,LA,,31.912,,B,"PASADENA, GLENARM STREET",59000,448,0.76,16,12,E,-118.14720553136692,34.127510256337594,State,True
690,110,,7,LA,,4.061,,A,"LOS ANGELES, JCT. RTE. 1",140000,7924,5.66,1500,12,E,-118.28187620128436,33.79035110864632,Interstate,True
692,110,,7,LA,,4.061,,B,"LOS ANGELES, JCT. RTE. 1",96000,6058,6.31,1147,12,E,-118.28187620128436,33.79035110864632,Interstate,True
694,110,,7,LA,,6.144,,O,228TH STREET,180000,9720,5.4,1931,14,V,-118.28720321541078,33.818947100706794,Interstate,True
696,110,,7,LA,,8.775,,B,"CARSON, JCT. RTE. 405",221000,10122,4.58,1917,12,E,-118.28458724584493,33.856833127760765,Interstate,True
698,110,,7,LA,,9.87,,A,"LOS ANGELES, JCT. RTE. 91",243000,15844,6.52,2286,12,E,-118.28482082578512,33.872783358188464,Interstate,True
700,110,,7,LA,,9.87,,B,"LOS ANGELES, JCT. RTE. 91",272000,20482,7.53,4265,12,E,-118.28482082578512,33.872783358188464,Interstate,True
702,111,,11,IMP,R,0.0,,A,"CALEXICO, SOUTH CITY LIMITS, AT MEXICO BOUNDARY",32000,1152,3.6,142,78,V,-115.49613366967428,32.66495585614633,State,True
704,111,,11,IMP,R,1.183,,A,JCT. RTE. 98,26500,2120,8.0,306,78,V,-115.4986394950065,32.67908449474536,State,True
706,111,,11,IMP,R,12.874,,A,WORTHINGTON ROAD,18200,6488,35.65,1051,20,V,-115.5074910518451,32.84737859563176,State,True
708,111,,11,IMP,R,17.385,,A,KEYSTONE ROAD,17300,3751,21.68,793,15,E,-115.50900524310485,32.912640940284824,State,True
710,111,,11,IMP,R,4.741,,A,JCT. RTE. 86 WEST,36500,2555,7.0,343,81,E,-115.5003210963026,32.730680078687115,State,True
712,111,,11,IMP,R,4.741,,B,JCT. RTE. 86 WEST,29000,2320,8.0,335,78,E,-115.5003210963026,32.730680078687115,State,True
714,111,,11,IMP,R,7.714,,A,JCT. RTE. 8,29000,3596,12.4,620,78,V,-115.50108652560338,32.773800411149644,State,True
716,111,,11,IMP,R,7.714,,B,JCT. RTE. 8,36000,2520,7.0,338,81,V,-115.50108652560338,32.773800411149644,State,True
718,111,,11,IMP,,1.183,,B,JCT. RTE. 98,35500,1704,4.8,181,78,V,-115.4986394950065,32.67908449474536,State,True
720,111,,11,IMP,,23.787,,A,DEL RIO RD. RT. Y,6400,1825,28.52,151,15,E,-115.52647821199949,33.00246943669391,State,True
722,111,,11,IMP,,26.67,,A,RUTHERFORD ROAD,7300,1540,21.1,335,78,V,-115.52733463704531,33.044537886267825,State,True
724,111,,11,IMP,,26.67,,B,RUTHERFORD ROAD,6000,900,15.0,162,85,E,-115.52733463704531,33.044537886267825,State,True
726,111,,11,IMP,,32.513,,A,JCT. RTE. 115 EAST,5400,869,16.1,171,85,V,-115.51424364112344,33.12576789602164,State,True
728,111,,11,IMP,,32.513,,B,JCT. RTE. 115 EAST,5700,1203,21.1,262,78,E,-115.51424364112344,33.12576789602164,State,True
730,111,,11,IMP,,39.82,,A,NILAND AVENUE,2800,501,17.9,99,85,E,-115.51907466573708,33.23059069034895,State,True
732,111,,11,IMP,,39.82,,B,NILAND AVENUE,3750,690,18.4,136,85,E,-115.51907466573708,33.23059069034895,State,True
734,111,,11,IMP,,65.394,,B,IMPERIAL/RIVERSIDE COUNTY LINE,1900,500,26.33,105,15,E,-115.83147799378123,33.42692868222955,State,True
736,111,,8,RIV,R,63.378,,B,JCT. RTE. 10,14000,756,5.4,74,90,V,-116.6783752776996,33.922563940646036,State,True
738,111,,8,RIV,T,50.8,,O,TAMARISK ROAD,18500,2054,11.1,130,92,V,-116.50415744431037,33.83394779776404,State,True
740,111,,8,RIV,T,51.588,,A,VISTA CHINO,29000,2233,7.7,101,91,V,-116.50582187341148,33.844932929720095,State,True
742,111,,8,RIV,T,51.588,,B,VISTA CHINO,20000,2240,11.2,141,91,V,-116.50582187341148,33.844932929720095,State,True
744,111,,8,RIV,,18.428,,A,MECCA,8000,1400,17.5,287,85,V,-116.07902969926987,33.57038397610176,State,True
746,111,,8,RIV,,18.428,,B,MECCA,6000,1182,19.7,232,85,E,-116.07902969926987,33.57038397610176,State,True
748,112,,4,ALA,R,0.0,,A,"SAN LEANDRO, JCT. RTE. 61",31500,3229,10.25,465,0,V,-122.18701344815962,37.71631440179008,State,True
750,112,,4,ALA,,0.602,,A,JCT. RTE. 880,36500,1789,4.9,164,97,E,-122.17672362207584,37.71912792389611,State,True
752,112,,4,ALA,,1.782,,B,"SAN LEANDRO, JCT. RTE. 185",20800,499,2.4,39,97,E,-122.1568918245688,37.72581372732286,State,True
754,113,,3,YOL,R,1.082,,A,"DAVIS, RUSSELL BOULEVARD",28500,1667,5.85,339,6,E,-121.76790720389337,38.5464021372033,State,True
756,113,,3,YOL,R,1.082,,B,"DAVIS, RUSSELL BOULEVARD",32500,1749,5.38,376,6,E,-121.76790720389337,38.5464021372033,State,True
758,113,,3,YOL,R,10.218,,A,"WOODLAND, MAIN STREET",12000,1200,10.0,268,6,E,-121.75088901519617,38.677007854854345,State,True
760,113,,3,YOL,R,10.218,,B,"WOODLAND, MAIN STREET",19800,1980,10.0,442,6,E,-121.75088901519617,38.677007854854345,State,True
762,113,,3,YOL,R,4.105,,A,COUNTY ROAD 29,27500,1543,5.61,281,18,V,-121.76700314388302,38.59022337575051,State,True
764,113,,3,YOL,R,9.228,,A,GIBSON ROAD,17000,2125,12.5,475,6,E,-121.75133226192365,38.66267515289935,State,True
766,113,,3,YOL,,12.33,,A,COUNTY ROAD P18C,4050,645,15.92,148,14,V,-121.7652248632011,38.70941844787158,State,True
768,113,,3,YOL,,21.9,,B,"KNIGHTS LANDING, JCT. RTE. 45 NORTH",8400,588,7.0,80,96,E,-121.72022164800221,38.80048111228318,State,True
770,113,,4,SOL,R,21.772,R,A,EAST JCT. RTE. 80 NB,40500,2300,5.68,495,6,E,-121.76885847396518,38.521094934716174,State,True
771,113,,4,SOL,,0.0,,A,JCT. RTE. 12,4650,332,7.15,96,4,V,-121.80624337727674,38.18358069377453,State,True
773,113,,4,SOL,,19.96,,B,"DIXON, NORTH ADAMS STREET",9700,593,6.11,112,4,V,-121.82237248087941,38.45519636192711,State,True
775,113,,4,SOL,,21.24,,B,"DIXON, WEST JCT. RTE. 80",20500,3057,14.91,609,6,E,-121.82382099630875,38.473008944242565,State,True
777,114,,4,SM,,5.926,,B,JCT. RTE. 84,53000,2194,4.14,408,0,V,-122.15021840381644,37.48204855699193,State,True
779,114,,4,SM,,5.0,,A,"MENLO PARK, JCT. RTE. 101",53000,3127,5.9,295,94,V,-122.15525588374024,37.46890145520318,State,True
781,115,,11,IMP,L,9.54,,A,WALNUT AVENUE/5TH STREET,5600,566,10.1,138,78,E,-115.37646460179525,32.81098752936761,State,True
783,115,,11,IMP,R,3.201,,A,JCT. RTE. 8,1200,448,37.3,109,78,V,-115.28559657385226,32.77299086175887,State,True
785,115,,11,IMP,,21.17,,B,JCT. RTE. 78,2250,720,32.0,175,78,E,-115.40799961039961,32.97414488236956,State,True
787,115,,11,IMP,,21.18,,A,JCT. RTE. 78,1200,983,81.9,237,78,E,-115.44877259514519,32.97459864036073,State,True
789,115,,11,IMP,,35.235,,B,"CALIPATRIA, JCT. RTE. 111",3700,1114,30.1,268,78,V,-115.51424364112344,33.12576789602164,State,True
791,116,,4,SON,R,26.733,R,A,"SEBASTOPOL, JCT. RTE. 12 EAST",12700,432,3.4,36,96,V,-122.82420172933605,38.402107959853566,State,True
792,116,,4,SON,R,26.733,R,B,"SEBASTOPOL, JCT. RTE. 12 EAST",14500,348,2.4,24,96,V,-122.82420172933605,38.402107959853566,State,True
793,116,,4,SON,,0.0,,A,"JCT. RTE. 1, JENNER, SOUTH",2950,131,4.44,13,99,V,-123.10378991086841,38.43682773777315,State,True
795,116,,4,SON,,11.164,,B,"GUERNEWOOD PARK, HULBERT CREEK BRIDGE",11800,290,2.46,26,99,V,-123.00834891824177,38.49545071866599,State,True
797,116,,4,SON,,14.05,,A,SANTA NELLA WINERY/ODD FELLOWS ROAD,2700,103,3.81,8,99,V,-122.96582157405197,38.497074071241265,State,True
799,116,,4,SON,,14.05,,B,SANTA NELLA WINERY/ODD FELLOWS ROAD,3150,112,3.54,10,99,V,-122.96582157405197,38.497074071241265,State,True
801,116,,4,SON,,21.8,,B,GUERNEVILLE ROAD,11500,461,4.01,59,99,V,-122.86775766069586,38.45010285234865,State,True
803,116,,4,SON,,26.51,,B,"SEBASTOPOL, MAIN STREET",23100,970,4.2,74,96,V,-122.82603507943986,38.40500130631816,State,True
805,116,,4,SON,,27.3,,A,"SEBASTOPOL, PETALUMA AVENUE",25000,950,3.8,56,96,V,-122.81913132256383,38.39475569990969,State,True
807,116,,4,SON,,33.61,,A,STONY POINT ROAD EAST,12200,765,6.27,89,2,V,-122.73831535371691,38.33456241131692,State,True
809,116,,4,SON,,35.03,,B,"PETALUMA, JCT. RTE. 101",18800,2213,11.77,385,99,V,-122.7127902019241,38.33127400719176,State,True
811,116,,4,SON,,35.04,,A,"PETALUMA, JCT. RTE. 101",23900,1592,6.66,248,2,V,-122.61794703811906,38.23320365122307,State,True
813,116,,4,SON,,36.36,,B,FRATES ROAD/CADER LANE,22600,2382,10.54,507,99,V,-122.59407691276127,38.23458622035037,State,True
815,116,,4,SON,,41.81,,A,ADOBE ROAD,23300,1678,7.2,259,99,V,-122.5266162861766,38.23620097383553,State,True
817,116,,4,SON,,44.2,,A,WATMAUGH ROAD,20800,1508,7.25,228,2,V,-122.48974236705652,38.25213138910901,State,True
819,116,,4,SON,,44.2,,B,WATMAUGH ROAD,23300,1829,7.85,258,2,V,-122.48974236705652,38.25213138910901,State,True
821,116,,4,SON,,46.755,,B,JCT. RTE. 121,18600,1010,5.43,143,2,V,-122.46126677686641,38.235614479268335,State,True
823,118,,7,LA,R,1.799,,A,"LOS ANGELES, JCT. RTE. 27",126000,5519,4.38,877,12,E,-118.60482852206675,34.277642382708464,State,True
825,118,,7,LA,R,1.799,,B,"LOS ANGELES, JCT. RTE. 27",108000,4450,4.12,722,12,E,-118.60482852206675,34.277642382708464,State,True
827,118,,7,LA,R,11.447,R,A,"LOS ANGELES, JCT. RTE. 5",76000,1353,1.78,147,12,E,-118.4435149257501,34.26658192734793,State,True
828,118,,7,LA,R,14.08,,B,"LOS ANGELES, JCT. RTE. 210",106000,2576,2.43,279,12,E,-118.4062047173544,34.2859194767134,State,True
830,118,,7,LA,R,9.805,,A,"LOS ANGELES, JCT. RTE. 405",224000,12029,5.37,1945,12,E,-118.47216175908787,34.26587869669188,State,True
832,118,,7,LA,R,9.805,,B,"LOS ANGELES, JCT. RTE. 405",225000,7920,3.52,1073,16,V,-118.47216175908787,34.26587869669188,State,True
834,118,,7,VEN,R,17.905,,B,"MOORPARK, EAST JCT. RTE. 23",32500,4241,13.05,842,7,E,-118.87474670877315,34.27885715175624,State,True
836,118,,7,VEN,R,27.811,,O,TAPO STREET,139000,5838,4.2,542,16,E,-118.7092017007186,34.28151239068211,State,True
838,118,,7,VEN,T,18.21,,A,"MOORPARK, JCT. RTE. 23",70000,3276,4.68,546,12,E,-118.86301911919566,34.28237085010325,State,True
840,118,,7,VEN,,0.516,,A,"VENTURA, JCT. RTE. 126",30500,3178,10.42,584,7,V,-119.15640635594336,34.289627175301355,State,True
842,118,,7,VEN,,10.92,,A,"JCT. RTE. 34, SOMIS ROAD",16500,1876,11.37,440,8,E,-118.9946703295593,34.26375483605423,State,True
844,118,,7,VEN,,10.92,,B,"JCT. RTE. 34, SOMIS ROAD",10300,2648,25.71,552,8,E,-118.9946703295593,34.26375483605423,State,True
846,118,,7,VEN,,14.686,,A,GRIMES CANYON ROAD,17100,1944,11.37,456,8,V,-118.93049413409621,34.27394971826805,State,True
848,118,,7,VEN,,17.494,,B,"MOORPARK, WEST JCT. RTE. 23",24600,3210,13.05,637,7,V,-118.88214969897845,34.278874614715505,State,True
850,118,,7,VEN,,2.2,,A,"JCT. RTE. 232, VINEYARD AVENUE",20900,2443,11.69,446,7,V,-119.13543666605918,34.27405566234112,State,True
852,118,,7,VEN,,2.2,,B,"JCT. RTE. 232, VINEYARD AVENUE",30000,3540,11.8,702,7,V,-119.13543666605918,34.27405566234112,State,True
854,119,,6,KER,,0.0,,A,"TAFT, JCT. RTE. 33",5500,791,14.39,111,11,V,-119.44747483612687,35.135822431945584,State,True
856,119,,6,KER,,18.173,,A,JCT. RTE. 43 NORTH,5800,784,13.51,127,21,V,-119.25267106775287,35.267356605092665,State,True
858,119,,6,KER,,18.173,,B,JCT. RTE. 43 NORTH,10600,1711,16.14,167,21,V,-119.25267106775287,35.267356605092665,State,True
860,119,,6,KER,,19.773,,A,JCT. RTE. 5,6300,918,14.57,158,21,V,-119.22454180235934,35.2670905527974,State,True
862,119,,6,KER,,19.773,,B,JCT. RTE. 5,5500,771,14.02,125,21,V,-119.22454180235934,35.2670905527974,State,True
864,119,,6,KER,,2.14,,A,HARRISON STREET,7400,1461,19.74,166,18,E,-119.45332472993573,35.165631206883674,State,True
866,119,,6,KER,,2.14,,B,HARRISON STREET,5100,886,17.38,126,11,V,-119.45332472993573,35.165631206883674,State,True
868,119,,6,KER,,31.283,,B,JCT. RTE. 99,13200,2203,16.69,249,15,V,-119.02291672089285,35.266860390229404,State,True
870,11,,11,SD,,0.745,,A,SANYO AVE,12800,3356,26.22,826,23,V,-116.94097469664848,32.56392780585134,State,True
872,11,,11,SD,,0.745,,O,SANYO AVE,8000,3090,38.63,692,22,V,-116.94097469664848,32.56392780585134,State,True
874,120,,10,SJ,R,0.493,,A,"MOSSDALE, JCT. RTE. 5",100000,18400,18.4,4983,89,V,-121.30174932057744,37.78750680133654,State,True
876,120,,10,SJ,T,6.87,,B,SOUTH JCT. RTE. 99,75000,4500,6.0,1029,1,V,-121.18818885771586,37.78531506096136,State,True
878,120,,10,SJ,,6.197,,A,"MANTECA, NORTH JCT. RTE. 99",14100,2073,14.7,500,97,E,-121.19128528492321,37.79750015976961,State,True
880,120,,10,STA,T,18.168,R,O,STANISLAUS/TUOLUME COUNTY LINE,6300,742,11.77,89,6,V,-120.64010481901592,37.82324970434991,State,True
881,120,,10,STA,,3.16,,A,VALLEY HOME ROAD,28000,4390,15.68,1156,1,V,-120.866103312368,37.79001956069687,State,True
883,120,,10,STA,,3.16,,B,VALLEY HOME ROAD,12800,1024,8.0,254,1,V,-120.866103312368,37.79001956069687,State,True
885,120,,10,STA,,5.116,,A,"OAKDALE, WEST JCT. RTE. 108",30000,2100,7.0,529,1,V,-120.84704097400407,37.766643058074244,State,True
887,120,,10,STA,,5.116,,B,"OAKDALE, WEST JCT. RTE. 108",20700,2691,13.0,702,1,E,-120.84704097400407,37.766643058074244,State,True
889,120,,10,TUO,R,0.0,R,O,STANISLAUS/TUOLUME COUNTY LINE,6300,742,11.77,89,6,V,-120.64010481901592,37.82324970434991,State,True
890,120,,10,TUO,R,23.897,,A,SOUTH JCT. RTE. 49,3750,188,5.0,33,1,E,-120.31183014366852,37.81479941686988,State,True
892,120,,10,TUO,R,5.982,,A,KISTLER RANCH UC,13200,1393,10.55,155,21,E,-120.5466875771125,37.84426828565273,State,True
894,120,,10,TUO,,12.077,,A,EAST JCT. RTE. 108,3900,326,8.37,81,95,V,-120.48830050442933,37.891229026709105,State,True
896,120,,10,TUO,,12.077,,B,EAST JCT. RTE. 108,15600,1521,9.75,180,7,V,-120.48830050442933,37.891229026709105,State,True
898,120,,10,TUO,,15.516,,A,"CHINESE CAMP, NORTH JCT. RTE. 49",4150,282,6.79,51,93,E,-120.43479268960235,37.874725008284656,State,True
900,120,,9,MNO,R,0.0,,A,TUOLUMNE/MONO COUNTY LINE,1700,84,4.92,4,16,V,-119.2578998924255,37.91177497914884,State,True
902,120,,9,MNO,R,12.0,,O,LEE VINING RANGER STATION,1844,247,13.38,10,16,V,-119.11332041415704,37.94965201730541,State,True
904,120,,9,MNO,,13.37,,A,JCT. RTE. 395,430,91,21.14,12,22,V,-119.09100404366076,37.88692480431501,State,True
906,120,,9,MNO,,58.99,,B,JCT. RTE. 6,400,55,13.66,3,22,E,-118.47700731844282,37.81830374217951,State,True
908,121,,4,NAP,R,5.891,,B,JCT. RTE. 221 SOUTH,19600,517,2.64,48,2,V,-122.2741677203438,38.28047545277702,State,True
910,121,,4,NAP,,10.55,,B,ATLAS PEAK ROAD,6300,386,6.13,38,99,V,-122.26098030015766,38.3377397783403,State,True
912,121,,4,NAP,,10.68,,B,VICHY AVENUE,5100,178,3.49,12,99,V,-122.25933964676713,38.33921561066203,State,True
914,121,,4,NAP,,22.083,,B,JCT. RTE. 128,2250,65,2.9,5,96,V,-122.19646926036734,38.445577015648524,State,True
916,121,,4,NAP,,6.01,,A,JCT. RTE. 221 SOUTH,25500,1002,3.93,100,2,V,-122.2741677203438,38.28047545277702,State,True
918,121,,4,NAP,,9.403,,B,"NAPA, TRANCAS STREET",8700,344,3.95,32,99,V,-122.27410786110482,38.32518899610053,State,True
920,121,,4,SON,R,7.438,,B,JCT. RTE. 12 NORTH,18800,1478,7.86,217,2,V,-122.44823760659565,38.24304651166754,State,True
922,121,,4,SON,,0.0,,A,JCT. RTE. 37,14700,1058,7.2,105,2,V,-122.44941271437838,38.15090688073259,State,True
924,121,,4,SON,,6.692,,A,JCT. RTE. 116 WEST,18300,1158,6.33,183,99,V,-122.46126109502224,38.23561467401447,State,True
926,121,,4,SON,,6.692,,B,JCT. RTE. 116 WEST,17100,783,4.58,144,2,V,-122.46126109502224,38.23561467401447,State,True
928,121,,4,SON,,7.442,,A,JCT. RTE. 12 NORTH,20200,1588,7.86,249,2,V,-122.44823760659565,38.24304651166754,State,True
930,123,,4,ALA,,0.0,,A,"OAKLAND, JCT. RTE. 580",26500,437,1.65,35,3,V,-122.28281254339446,37.827674710969525,State,True
932,123,,4,ALA,,1.906,,A,"BERKELEY, JCT. RTE. 13",22700,474,2.09,32,3,V,-122.28666716037972,37.85217081270467,State,True
934,123,,4,ALA,,1.906,,B,"BERKELEY, JCT. RTE. 13",21600,631,2.92,44,3,V,-122.28666716037972,37.85217081270467,State,True
936,123,,4,CC,,2.198,,B,"RICHMOND, JCT. RTE. 80",20900,504,2.41,38,2,V,-122.32066982669653,37.925451544737086,State,True
938,123,,4,CC,,2.1,,B,CUTTING BOULEVARD,30000,453,1.51,40,3,V,-122.31849616332207,37.92541488028998,State,True
940,124,,10,AMA,R,2.291,,A,"IONE, WEST JCT RTE 104",2700,135,5.0,22,96,V,-120.93578705638014,38.35412710174796,State,True
942,124,,10,AMA,,0.0,,A,"JCT. RTE. 88, IONE SOUTH",4250,357,8.4,84,96,V,-120.93783805210757,38.319835099106285,State,True
944,124,,10,AMA,,2.291,,B,"IONE, WEST JCT RTE 104",9200,810,8.8,182,96,V,-120.93337905668403,38.3527351022698,State,True
946,125,,11,SD,R,15.409,,B,JCT. RTE. 8,157500,6930,4.4,823,96,E,-117.00358007375127,32.77778461828789,State,True
948,126,,7,LA,R,0.0,,A,VENTURA/LOS ANGELES COUNTY LINE,29500,2758,9.35,712,12,E,-118.69279168943504,34.40609549532473,State,True
950,126,,7,LA,R,5.801,,B,"SANTA CLARITA, NORTH JCT. RTE. 5",48000,5722,11.92,1372,12,E,-118.60573875619806,34.44301826186776,State,True
952,126,,7,LA,R,5.85,,A,"SANTA CLARITA, SOUTH JCT. RTE. 5",36500,1391,3.81,180,12,E,-118.5831213907928,34.423247367241174,State,True
954,126,,7,VEN,R,10.629,,O,LAURIE LANE PED OC; E/O PECK RD,41500,2839,6.84,614,12,V,-119.07918576556206,34.339188624204304,State,True
956,126,,7,VEN,R,12.042,,A,"SANTA PAULA, JCT. RTE. 150",38500,3246,8.43,756,12,E,-119.05834199163293,34.3499193971059,State,True
958,126,,7,VEN,R,12.042,,B,"SANTA PAULA, JCT. RTE. 150",48000,3528,7.35,792,12,E,-119.05834199163293,34.3499193971059,State,True
960,126,,7,VEN,R,30.8,,O,PIRU,24186,3846,15.9,705,20,V,-118.75573038283068,34.406660221774224,State,True
962,126,,7,VEN,R,5.031,,A,"VENTURA, JCT. RTE. 118",67000,3578,5.34,773,12,E,-119.15629708397387,34.289603396325155,State,True
964,126,,7,VEN,,0.0,,A,"EB ON FROM MAIN ST and VENTURA, JCT. RTE. 101",106000,5660,5.34,1221,12,E,-119.23734974722001,34.26490085327602,State,True
966,126,,7,VEN,,21.137,,A,"FILLMORE, JCT. RTE. 23",34500,2850,8.26,712,12,E,-118.91776472355092,34.39613611208205,State,True
968,126,,7,VEN,,21.137,,B,"FILLMORE, JCT. RTE. 23",40000,3396,8.49,820,12,E,-118.91776472355092,34.39613611208205,State,True
970,126,,7,VEN,,5.031,,B,"VENTURA, JCT. RTE. 118",49000,3469,7.08,749,12,E,-119.15629708397387,34.289603396325155,State,True
972,127,,8,SBD,L,0.0,,A,JCT. RTE. 15,6800,694,10.2,169,93,E,-116.07320556734669,35.263438820976006,State,True
974,127,,8,SBD,,29.708,,A,SARATOGA SPRINGS ROAD,800,82,10.3,20,93,E,-116.29056549890561,35.632851327082335,State,True
976,127,,9,INY,,0.0,,A,SAN BERNARDINO/INYO COUNTY LINE,800,244,30.44,47,22,V,-116.34009330271347,35.79387466900382,State,True
978,127,,9,INY,,14.749,,B,"SHOSHONE, SOUTH JCT. RTE. 178 EAST",1010,117,11.58,27,8,E,-116.2703953689131,35.972726112129955,State,True
980,127,,9,INY,,41.99,,B,SOUTH OF STATELINE ROAD,420,138,32.86,33,23,V,-116.41447979101834,36.302427994024235,State,True
982,127,,9,INY,,42.149,,A,JCT. RTE. 190 WEST,840,115,13.71,34,7,V,-116.41520925177515,36.30463320771771,State,True
984,127,,9,INY,,42.149,,B,JCT. RTE. 190 WEST,1440,309,21.43,93,7,V,-116.41520925177515,36.30463320771771,State,True
986,127,,9,INY,,49.42,,B,NEVADA STATE LINE,780,159,20.38,32,22,V,-116.42228627570317,36.408508573275,State,True
988,128,,1,MEN,,0.0,,A,JCT. RTE. 1,1700,133,7.82,16,19,V,-123.74661341095869,39.19753858620234,State,True
990,128,,1,MEN,,11.67,,A,FLYNN CREEK ROAD,2000,300,15.0,28,16,E,-123.58245676444712,39.161133594987355,State,True
992,128,,1,MEN,,29.576,,A,JCT. RTE. 253 EAST,1850,153,8.25,14,19,V,-123.35842189218637,38.999168815977136,State,True
994,128,,1,MEN,,29.576,,B,JCT. RTE. 253 EAST,3900,430,11.03,41,19,V,-123.35842189218637,38.999168815977136,State,True
996,128,,3,YOL,,4.59,,A,COUNTY ROAD 86,2700,161,5.95,15,14,V,-122.02842549133199,38.494659081236506,State,True
998,128,,3,YOL,,8.77,,B,"WINTERS, RAILROAD STREET",8500,298,3.5,51,89,V,-121.97073476840256,38.525070368840225,State,True
1000,128,,3,YOL,,9.835,,B,JCT. RTE. 505,11600,879,7.58,131,5,V,-121.95298291123973,38.53141937071976,State,True
1002,128,,4,NAP,,15.79,,A,LOWER CHILES VALLEY ROAD,1250,353,28.2,40,93,E,-122.29611816570237,38.50385069313017,State,True
1004,128,,4,NAP,,2.66,,B,TUBBS LANE,2050,158,7.7,21,93,E,-122.60708846527267,38.5887617546851,State,True
1006,128,,4,NAP,,23.896,,A,JCT. RTE. 121 SOUTH,1650,149,9.0,19,93,V,-122.19646061408275,38.44557317632295,State,True
1008,128,,4,NAP,,23.896,,B,JCT. RTE. 121 SOUTH,2500,240,9.6,25,93,V,-122.19646061408275,38.44557317632295,State,True
1010,128,,4,NAP,,4.55,,B,"CALISTOGA, JCT. RTE. 29",7700,289,3.75,38,99,V,-122.58052733586999,38.57526199669057,State,True
1012,128,,4,NAP,,4.56,,A,"CALISTOGA, JCT. RTE. 29",2250,116,5.14,19,2,V,-122.42278040786249,38.45875065985881,State,True
1014,128,,4,SON,L,4.86,,A,"CLOVERDALE, NORTH JCT. RTE. 101",3250,277,8.53,39,99,V,-122.9190861824065,38.713609600041075,State,True
1016,128,,4,SON,,11.49,,A,ALEXANDER VALLEY ROAD,2250,132,5.86,17,99,V,-122.81973966257254,38.6665208569986,State,True
1018,128,,4,SON,,11.49,,B,ALEXANDER VALLEY ROAD,2250,109,4.84,14,99,V,-122.81973966257254,38.6665208569986,State,True
1020,129,,5,SBT,R,2.644,,B,JCT. RTE. 101,9800,2724,27.8,587,3,E,-121.56158481473827,36.88252716267975,State,True
1022,129,,5,SCR,L,0.0,,A,JCT. RTE. 1,19500,1131,5.8,191,3,E,-121.77421000491232,36.894313150301564,State,True
1024,129,,5,SCR,,0.54,,A,"WATSONVILLE, BLACKBURN STREET",12600,1928,15.3,346,3,E,-121.74612922698455,36.91227024084045,State,True
1026,129,,5,SCR,,0.54,,B,"WATSONVILLE, BLACKBURN STREET",19600,2313,11.8,366,3,E,-121.74612922698455,36.91227024084045,State,True
1028,129,,5,SCR,,7.2,,B,ROGGE LANE,11000,2244,20.4,472,3,E,-121.63916515793295,36.90385420304707,State,True
1030,12,,10,CAL,,13.872,,B,"TOYON, JCT. RTE. 26 NORTH",8000,480,6.0,71,96,V,-120.76436419355517,38.211860005730145,State,True
1032,12,,10,CAL,,18.201,,B,"SAN ANDREAS, JCT. RTE. 49",7000,469,6.7,63,96,V,-120.69737410900788,38.2048561738877,State,True
1034,12,,10,CAL,,9.927,,A,"VALLEY SPRINGS, JCT. RTE. 26 SOUTH",9200,561,6.1,79,96,V,-120.82904640372959,38.191558895844146,State,True
1036,12,,10,CAL,,9.927,,B,"VALLEY SPRINGS, JCT. RTE. 26 SOUTH",5800,366,6.31,63,96,V,-120.82904640372959,38.191558895844146,State,True
1038,12,,10,SJ,L,23.286,,B,"LOCKEFORD, JCT. RTE. 88",5800,394,6.8,91,96,V,-121.16234606523183,38.138696067104156,State,True
1040,12,,10,SJ,,0.0,,O,SACRAMENTO/SAN JOAQUIN COUNTY LINE,17100,2411,14.1,609,96,V,-121.57962316620477,38.125746141857896,State,True
1042,12,,10,SJ,,10.167,,A,JCT. RTE. 5,21600,3305,15.3,816,96,E,-121.39798209907528,38.115949826871194,State,True
1044,12,,10,SJ,,10.167,,B,JCT. RTE. 5,21700,3016,13.9,803,96,V,-121.39798209907528,38.115949826871194,State,True
1046,12,,10,SJ,,15.155,,A,LOWER SACRAMENTO ROAD,11100,988,8.9,205,96,E,-121.3065282482945,38.1155230258261,State,True
1048,12,,10,SJ,,15.155,,B,LOWER SACRAMENTO ROAD,16300,1451,8.9,337,96,V,-121.3065282482945,38.1155230258261,State,True
1050,12,,10,SJ,,16.44,,B,SOUTH HAM LANE,23600,2124,9.0,391,96,V,-121.2881792728775,38.11539654083195,State,True
1052,12,,10,SJ,,16.931,,A,"LODI, SOUTH HUTCHINS STREET",23900,2247,9.4,412,96,E,-121.2789885050011,38.11537603823144,State,True
1054,12,,10,SJ,,17.95,,B,"LODI, CHEROKEE LANE",21500,2107,9.8,389,96,E,-121.26027607032182,38.116273537729825,State,True
1056,12,,10,SJ,,18.07,,B,"LODI, JCT. RTE. 99",24000,2448,10.2,454,95,E,-121.25790770160108,38.116245781912795,State,True
1058,12,,10,SJ,,18.08,,A,"LODI, JCT. RTE. 99",10100,606,6.0,101,96,V,-121.25771164069708,38.13752534572378,State,True
1060,12,,10,SJ,,20.9,,A,VICTOR BRUELLA ROAD,8700,444,5.1,75,96,V,-121.20600183625062,38.13793888482961,State,True
1062,12,,10,SJ,,20.9,,B,VICTOR BRUELLA ROAD,9000,513,5.7,87,96,V,-121.20600183625062,38.13793888482961,State,True
1064,12,,10,SJ,,23.168,,A,"LOCKEFORD, JCT. RTE. 88",6300,454,7.2,88,96,V,-121.06816405788265,38.19783514425007,State,True
1066,12,,3,SAC,,0.571,,A,JCT. RTE. 160,17100,2480,14.5,599,95,V,-121.67648363711747,38.15513506289131,State,True
1068,12,,3,SAC,,0.0,,A,SOLANO/SACRAMENTO COUNTY LINE,21100,2870,13.6,686,95,E,-121.68525787595955,38.15956537413314,State,True
1070,12,,3,SAC,,6.2,,O,SACRAMENTO/SAN JOAQUIN COUNTY LINE,17100,2411,14.1,609,96,V,-121.57962316620477,38.125746141857896,State,True
1072,12,,4,NAP,,0.24,,A,KELLY ROAD,42000,3234,7.7,660,2,V,-122.25328245323169,38.2225556987582,State,True
1074,12,,4,NAP,,0.0,,A,"JCT. RTE. 121, SOUTH",33500,2663,7.95,569,2,V,-122.25789250126861,38.223166252981486,State,True
1076,12,,4,NAP,,2.3,,B,.2-MI N/O NAPA/SOLANO COUNTY LINE,42000,4742,11.29,659,22,V,-122.218679153553,38.214691724221545,State,True
1078,12,,4,SOL,L,1.801,,A,JCT. RTE. 80,42500,2163,5.09,521,99,V,-122.09239749523941,38.23919541131413,State,True
1080,12,,4,SOL,R,2.794,,B,JCT. RTE. 80,41500,4515,10.88,825,14,V,-122.14994585495926,38.20827559330272,State,True
1082,12,,4,SOL,,19.169,,A,JCT. RTE. 113 NORTH,17700,1689,9.54,480,5,V,-121.80618236370266,38.18357928509218,State,True
1084,12,,4,SOL,,19.169,,B,JCT. RTE. 113 NORTH,13800,1522,11.03,442,5,V,-121.80618236370266,38.18357928509218,State,True
1086,12,,4,SOL,,26.276,,A,JCT. RTE. 84 NORTH,22700,2290,10.09,618,5,V,-121.68742728940441,38.16059270325117,State,True
1088,12,,4,SOL,,26.276,,B,JCT. RTE. 84 NORTH,21700,1940,8.94,505,5,V,-121.68742728940441,38.16059270325117,State,True
1090,12,,4,SOL,,7.16,,B,SCANDIA ROAD/LAWLER RANCH,25500,2463,9.66,531,2,V,-121.99460671374709,38.24273939323889,State,True
1092,12,,4,SOL,,8.89,,B,SCALLY ROAD,19700,3459,17.56,789,2,V,-121.97034040260291,38.228509677352655,State,True
1094,12,,4,SON,R,14.45,,A,"SANTA ROSA, STONY POINT ROAD",64000,1926,3.01,249,2,V,-122.74176344890013,38.43047959770951,State,True
1096,12,,4,SON,R,16.039,,A,"SANTA ROSA, JCT. RTE. 101",70000,1687,2.41,205,5,V,-122.71535668779251,38.43103889966017,State,True
1098,12,,4,SON,R,16.039,,B,"SANTA ROSA, JCT. RTE. 101",74000,2516,3.4,272,96,V,-122.71535668779251,38.43103889966017,State,True
1100,12,,4,SON,T,17.53,,B,"SANTA ROSA, FARMERS LANE",60000,1440,2.4,132,96,V,-122.68798046483026,38.435151858257754,State,True
1102,12,,4,SON,,20.1,,A,"SANTA ROSA, CALISTOGA ROAD",26500,1219,4.6,170,96,V,-122.65336302387234,38.46484145570357,State,True
1104,12,,4,SON,,27.03,,B,"KENWOOD, WARM SPRINGS ROAD",21100,865,4.1,87,96,V,-122.54591491469792,38.41400809976718,State,True
1106,12,,4,SON,,30.65,,A,ARNOLD DRIVE,13300,540,4.06,59,2,V,-122.51587279919622,38.3715318677603,State,True
1108,12,,4,SON,,37.505,,B,"SONOMA, FIRST STREET WEST",8400,298,3.55,30,2,V,-122.45897475865664,38.29203012486719,State,True
1110,12,,4,SON,,41.36,,B,JCT. RTE. 121,5300,180,3.39,29,2,V,-122.44827578319862,38.24303694821192,State,True
1112,12,,4,SON,,9.23,,A,"SEBASTOPOL, JCT. RTE. 116",20400,826,4.05,47,99,V,-122.82420172933605,38.402107959853566,State,True
1114,12,,4,SON,,9.54,,B,SEBASTOPOL EAST CITY LIMITS,20400,855,4.19,73,99,V,-122.81833369674494,38.40305325679094,State,True
1116,130,,4,SCL,,22.503,,B,MOUNT HAMILTON,340,51,15.0,2,98,E,-121.64158710397383,37.342025631820995,State,True
1118,130,,4,SCL,,3.66,,A,MOUNT HAMILTON ROAD,2600,77,2.95,4,4,V,-121.8148793573118,37.38352426676508,State,True
1120,130,,4,SCL,,3.66,,B,MOUNT HAMILTON ROAD,8100,150,1.85,8,4,V,-121.8148793573118,37.38352426676508,State,True
1122,130,,4,SCL,,6.06,,B,CLAYTON ROAD,1050,47,4.5,2,98,E,-121.78386869983032,37.3779211912031,State,True
1124,131,,4,MRN,,0.0,,A,JCT. RTE. 101,38500,974,2.53,57,5,V,-122.51572139803656,37.90271999665652,State,True
1126,132,,10,MPA,,18.746,,B,"COULTERVILLE, JCT. RTE. 49",870,35,4.0,4,93,E,-120.19696251708417,37.710366433008666,State,True
1128,132,,10,SJ,R,5.86,,A,"VERNALIS, JCT. RTE. 33",16600,2639,15.9,612,93,E,-121.29527624928629,37.63803635522744,State,True
1130,132,,10,SJ,,0.0,,A,JCT. RTE. 580,13200,2376,18.0,608,93,E,-121.40205952789539,37.63873215707246,State,True
1132,132,,10,SJ,,3.24,,A,JCT. RTE. 5,14100,2594,18.4,637,93,E,-121.34304373961622,37.63767134601593,State,True
1134,132,,10,SJ,,3.24,,B,JCT. RTE. 5,17000,3060,18.0,783,93,E,-121.34304373961622,37.63767134601593,State,True
1136,132,,10,STA,,14.732,,A,"MODESTO, JCT. RTE. 99",10400,1227,11.8,272,93,E,-121.0068635043913,37.639218763703916,State,True
1138,132,,10,STA,,14.732,,B,"MODESTO, JCT. RTE. 99",14300,1716,12.0,463,1,E,-121.0068635043913,37.639218763703916,State,True
1140,132,,10,STA,,17.14,,A,EL VISTA AVENUE,19200,1882,9.8,352,85,V,-120.95722451340579,37.63811889023189,State,True
1142,132,,10,STA,,28.0,,A,HICKMAN ROAD/F STREET,7900,743,9.4,110,93,E,-120.75955335498426,37.63831755675627,State,True
1144,132,,10,STA,,28.0,,B,HICKMAN ROAD/F STREET,7900,956,12.1,162,89,V,-120.75955335498426,37.63831755675627,State,True
1146,132,,10,STA,,35.98,,A,ROBERTS FERRY ROAD (LAKE RD),2500,165,6.6,21,93,E,-120.61875499803611,37.638680741722474,State,True
1148,133,,12,ORA,,0.0,,A,"LAGUNA BEACH, JCT. RTE. 1",22900,781,3.41,58,18,E,-117.78533055140666,33.54274322632568,State,True
1150,133,,12,ORA,,11.897,,B,IRVINE BOULEVARD,48400,1544,3.19,145,18,E,-117.73564475011001,33.69674468531184,State,True
1152,133,,12,ORA,,3.416,,A,"LAGUNA BEACH, EL TORO ROAD",20700,509,2.46,44,18,E,-117.76139908458971,33.58279052494933,State,True
1154,133,,12,ORA,,3.416,,B,"LAGUNA BEACH, EL TORO ROAD",38700,441,1.14,34,18,E,-117.76139908458971,33.58279052494933,State,True
1156,133,,12,ORA,,8.376,,A,JCT. RTE. 405,36100,1635,4.53,166,18,E,-117.76090294685496,33.65169485335061,State,True
1158,133,,12,ORA,,8.376,,B,JCT. RTE. 405,36100,1357,3.76,100,18,E,-117.76090294685496,33.65169485335061,State,True
1160,134,,7,LA,R,12.36,,B,"PASADENA, SAN RAFAEL AVENUE",185000,4477,2.42,713,11,V,-118.17064023611997,34.143288019638305,State,True
1162,134,,7,LA,R,13.341,,B,"PASADENA, JCT. RTES. 210/710",201000,5065,2.52,806,11,E,-118.15553238134972,34.149520388191924,State,True
1164,134,,7,LA,R,5.47,R,A,"LOS ANGELES, JCT. RTE. 5",109000,4687,4.3,686,12,E,-118.28307131634512,34.15217750399646,State,True
1165,134,,7,LA,R,5.47,R,B,"LOS ANGELES, JCT. RTE. 5",99000,5049,5.1,544,12,E,-118.28307131634512,34.15217750399646,State,True
1166,134,,7,LA,R,8.963,,A,"GLENDALE, JCT. RTE. 2",186000,4929,2.65,785,11,E,-118.22634442193515,34.146717838080036,State,True
1168,134,,7,LA,R,8.963,,B,"GLENDALE, JCT. RTE. 2",174000,7482,4.3,1095,12,E,-118.22634442193515,34.146717838080036,State,True
1170,134,,7,LA,,0.0,,A,"LOS ANGELES, JCT. RTES. 101/170",174000,9239,5.31,996,12,E,-118.37653487358791,34.153164932317914,State,True
1172,134,,7,LA,,1.359,,O,FORMAN AVENUE,216000,9590,4.44,1084,13,V,-118.3529211417853,34.15298976230982,State,True
1174,135,,5,SB,M,11.722,,B,SOUTH JCT. RTE. 1,3800,798,21.0,109,18,E,-120.44284868135733,34.801162630673545,State,True
1176,135,,5,SB,R,9.1,,A,"ORCUTT, NORTH JCT. RTE. 1",17500,3500,20.0,494,18,E,-120.45198160042439,34.85244227513194,State,True
1178,135,,5,SB,,0.0,,A,"LOS ALAMOS, JCT. RTE. 101",4100,1066,26.0,115,18,E,-120.2708628964461,34.74255143434249,State,True
1180,135,,5,SB,,15.772,,A,"SANTA MARIA, JCT. RTE. 166",26000,1778,6.84,416,18,V,-120.43580476933069,34.95313890330357,State,True
1182,135,,5,SB,,15.772,,B,"SANTA MARIA, JCT. RTE. 166",26500,1813,6.84,216,18,E,-120.43580476933069,34.95313890330357,State,True
1184,135,,5,SB,,17.806,,B,"SANTA MARIA, JCT. RTE. 101",25500,1774,6.96,213,18,E,-120.43144503505108,34.981302756791784,State,True
1188,135,,5,SB,,9.095,,B,"CABRILLO HIGHWAY, JUNCTION OLD ROUTE 1",2000,313,15.65,36,22,E,-120.42411534916961,34.766467269028226,State,True
1190,136,,9,INY,,0.0,,A,JCT. RTE. 395,520,12,2.4,1,97,V,-118.05757461741915,36.57928283379356,State,True
1192,136,,9,INY,,17.73,,B,JCT. RTE. 190,480,12,2.55,1,3,V,-117.82439237579173,36.43004117727445,State,True
1194,137,,6,KIN,,0.0,,A,JCT. RTE. 43,3450,427,12.37,40,20,V,-119.54572358683585,36.097985991148704,State,True
1196,137,,6,TUL,R,15.78,,B,"TULARE, HWY TURNS RT ONTO TULARE FR M ST",4950,237,4.79,19,13,V,-119.34351037925116,36.20845668469346,State,True
1198,137,,6,TUL,,14.26,,A,"TULARE, SOUTH WEST STREET",5900,369,6.25,58,17,V,-119.36681925069419,36.20362707564711,State,True
1200,137,,6,TUL,,14.26,,B,"TULARE, SOUTH WEST STREET",5200,261,5.02,25,17,V,-119.36681925069419,36.20362707564711,State,True
1202,137,,6,TUL,,16.628,,B,"TULARE, JCT. RTE. 99",12100,853,7.05,85,14,V,-119.32878235643759,36.21041478034576,State,True
1204,137,,6,TUL,,17.511,,A,"TULARE, JCT. RTE. 63 NORTH",14200,1065,7.5,159,17,E,-119.31304648406234,36.21120881833984,State,True
1206,137,,6,TUL,,17.511,,B,"TULARE, JCT. RTE. 63 NORTH",15300,1261,8.24,178,14,V,-119.31304648406234,36.21120881833984,State,True
1208,137,,6,TUL,,20.461,,A,"LOVERS LANE, RD 140",11800,1306,11.07,175,20,V,-119.26028173857041,36.210911615309556,State,True
1210,137,,6,TUL,,27.396,,B,JCT. RTE. 65,12300,894,7.27,137,20,V,-119.13620353176606,36.210820029056755,State,True
1212,137,,6,TUL,,7.2,,A,ROAD 228,2000,125,6.25,15,20,V,-119.49302161831088,36.203355895064526,State,True
1214,137,,6,TUL,,7.2,,B,ROAD 228,4050,359,8.87,45,20,E,-119.49302161831088,36.203355895064526,State,True
1216,138,,7,LA,,0.0,R,A,JCT. RTE. 5,2200,453,20.57,139,3,E,-118.79979163540244,34.766584346316854,State,True
1217,138,,7,LA,,36.874,,B,JCT. RTE. 14 NORTH,3800,536,14.1,163,2,V,-118.17065323743707,34.77694938201026,State,True
1219,138,,7,LA,,43.418,,A,JCT. RTE. 14 SOUTH,35500,1913,5.39,223,3,V,-118.13377906858534,34.581225152211346,State,True
1221,138,,7,LA,,51.41,,A,"PALMDALE, PEARLBLOSSOM HIGHWAY/AVE T",18100,1691,9.34,202,2,V,-118.03051626062525,34.542749260637834,State,True
1223,138,,7,LA,,51.41,,B,"PALMDALE, PEARLBLOSSOM HIGHWAY/AVE T",14500,1030,7.1,234,3,V,-118.03051626062525,34.542749260637834,State,True
1225,138,,7,LA,,69.3,,A,JCT. RTE. 18,9200,876,9.52,159,2,V,-117.73998264904003,34.49850792092195,State,True
1227,138,,7,LA,,69.3,,B,JCT. RTE. 18,13900,1333,9.59,243,2,E,-117.73998264904003,34.49850792092195,State,True
1229,138,,7,LA,,74.973,,O,LOS ANGELES/SAN BERNARDINO COUNTY LINE,14000,1333,9.52,242,2,E,-117.65984018489087,34.45170778934869,State,True
1231,138,,8,SBD,R,15.203,,A,JCT. RTE. 15,11600,1496,12.9,64,88,E,-117.47487700231365,34.311838684195386,State,True
1233,138,,8,SBD,R,15.203,,B,JCT. RTE. 15,24800,2629,10.6,400,92,V,-117.47487700231365,34.311838684195386,State,True
1235,138,,8,SBD,R,23.959,,A,JCT. RTE. 173 EAST,1600,203,12.7,10,88,E,-117.3463230626754,34.312367690997654,State,True
1237,138,,8,SBD,R,37.848,,B,JCT. RTE. 18,7800,429,5.5,18,88,E,-117.29027912413828,34.228159782664996,State,True
1239,138,,8,SBD,,0.0,,O,LOS ANGELES/SAN BERNARDINO COUNTY LINE,14000,1333,9.52,242,2,E,-117.65984018489087,34.45170778934869,State,True
1241,138,,8,SBD,,6.662,,B,JCT. RTE. 2 WEST,26000,3588,13.8,684,93,E,-117.57627110158205,34.39081193236302,State,True
1243,139,,2,LAS,,0.0,,A,"SUSANVILLE, JCT. RTE. 36",5200,67,1.28,15,22,E,-120.64893656710419,40.415499243214335,State,True
1245,139,,2,LAS,,1.42,,B,LASSEN COLLEGE,2750,110,4.0,28,22,E,-120.63553174114452,40.43282069230404,State,True
1247,139,,2,LAS,,2.34,,A,SUSANVILLE DUMP,570,58,10.17,17,22,E,-120.62666687037512,40.444521281717705,State,True
1249,139,,2,LAS,,2.34,,B,SUSANVILLE DUMP,880,74,8.42,13,22,E,-120.62666687037512,40.444521281717705,State,True
1251,139,,2,LAS,,61.46,,A,COUNTY ROAD A-2,230,39,17.17,9,20,E,-120.9214135168625,41.11342939718994,State,True
1253,139,,2,LAS,,61.46,,B,COUNTY ROAD A-2,590,137,23.17,32,20,E,-120.9214135168625,41.11342939718994,State,True
1255,139,,2,MOD,,0.23,,B,"ADIN, SOUTH JCT. RTE. 299",380,39,10.21,9,20,E,-120.94513964767012,41.187498937109154,,False
1257,139,,2,MOD,,17.35,,A,LOOKOUT/HACKMORE ROADS,1400,426,30.43,127,20,E,-121.15310912574643,41.539981588759694,State,True
1259,139,,2,MOD,,44.505,,B,NEWELL,1600,412,25.73,112,20,E,-121.36912179727992,41.88184250728528,State,True
1261,139,,2,SIS,,0.0,,A,MODOC/SISKIYOU COUNTY LINE,2600,450,17.32,122,20,E,-121.45730813041928,41.94215270827935,State,True
1263,139,,2,SIS,,1.04,,O,"TULELAKE, EAST/WEST ROADS",3400,667,19.62,176,20,E,-121.4698266479769,41.95388185825565,State,True
1265,139,,2,SIS,,5.043,,B,"OREGON STATE LINE, JCT. RTE. 161 W",2900,434,14.98,114,20,E,-121.51945065416515,41.99825607618902,State,True
1267,13,,4,ALA,R,9.621,,A,"OAKLAND, JCT. RTE. 24",27000,238,0.88,12,3,V,-122.2281230334388,37.84873532130661,State,True
1269,13,,4,ALA,R,9.621,,B,"OAKLAND, JCT. RTE. 24",79000,1098,1.39,80,12,V,-122.2281230334388,37.84873532130661,State,True
1271,13,,4,ALA,,13.178,,A,JCT. RTE. 123,43500,835,1.92,70,2,V,-122.286649279414,37.852173856339626,State,True
1273,13,,4,ALA,,13.178,,B,JCT. RTE. 123,28000,605,2.16,40,0,V,-122.286649279414,37.852173856339626,State,True
1275,13,,4,ALA,,13.931,L,B,"BERKELEY, JCT. RTE. 80",21800,927,4.25,111,2,V,-122.29850314157771,37.84716477531161,State,True
1276,13,,4,ALA,,4.262,,A,"OAKLAND, JCT. RTE. 580",55000,633,1.15,30,0,V,-122.17742984341622,37.78399195898824,State,True
1278,13,,4,ALA,,7.397,,A,"OAKLAND, PARK BOULEVARD",65000,793,1.22,45,12,V,-122.2071906586732,37.821716719772986,State,True
1280,13,,4,ALA,,7.397,,B,"OAKLAND, PARK BOULEVARD",63000,1014,1.61,49,12,V,-122.2071906586732,37.821716719772986,State,True
1282,140,,10,MER,,0.0,,A,JCT. RTE. 5,1400,174,12.4,38,97,E,-121.08890489296505,37.24619242382505,State,True
1284,140,,10,MER,,16.22,,A,JCT. RTE. 165,4550,528,11.6,131,97,V,-120.85129433068604,37.31316438610947,State,True
1286,140,,10,MER,,16.22,,B,JCT. RTE. 165,4900,515,10.5,105,97,E,-120.85129433068604,37.31316438610947,State,True
1288,140,,10,MER,,35.78,,B,"MERCED, JCT. RTES. 99/59",14200,568,4.0,115,98,V,-120.50058651822847,37.30316339687026,State,True
1290,140,,10,MER,,35.79,,A,"MERCED, JCT. RTES. 99/59",14700,882,6.0,148,98,V,-120.46812945007039,37.294874002689134,State,True
1292,140,,10,MER,,37.4,,B,"MERCED, SANTA FE AVENUE",9800,353,3.6,48,97,V,-120.4390156823294,37.295115676744196,State,True
1294,140,,10,MER,,4.194,,B,"GUSTINE, WEST JCT. RTE. 33",1700,213,12.5,47,97,E,-121.01283166769555,37.24580701993621,State,True
1296,140,,10,MER,,4.353,,A,"GUSTINE, WEST JCT. RTE. 33",4950,693,14.0,182,98,V,-121.01283184556199,37.24582170523976,State,True
1298,140,,10,MER,,43.7,,A,PLANADA ROAD,8000,880,11.0,214,97,V,-120.3248371821456,37.2953642490614,State,True
1300,140,,10,MER,,6.06,,A,"GUSTINE, EAST JCT. RTE. 33",4100,488,11.9,108,97,E,-120.99971862801493,37.26016026018574,State,True
1302,140,,10,MPA,,21.224,,A,"MARIPOSA, SOUTH JCT. RTE. 49",9600,229,2.39,31,97,V,-119.9638156376379,37.48315466385746,State,True
1304,140,,10,MPA,,21.224,,B,"MARIPOSA, SOUTH JCT. RTE. 49",11800,328,2.78,47,97,V,-119.9638156376379,37.48315466385746,State,True
1306,140,,10,MPA,,22.001,,A,"MARIPOSA, JCT. RTE. 49 NORTH",4450,200,4.5,28,97,V,-119.97216303927779,37.492095236329206,State,True
1308,140,,10,MPA,,22.001,,B,"MARIPOSA, JCT. RTE. 49 NORTH",8400,327,3.89,55,97,V,-119.97216303927779,37.492095236329206,State,True
1310,140,,10,MPA,,34.07,,B,BRICEBURG STATION,2500,278,11.1,65,97,V,-119.96609139005282,37.60462919230761,State,True
1312,140,,10,MPA,,51.803,,B,YOSEMITE NATIONAL PARK,2800,143,5.1,23,97,V,-119.76023440636828,37.679220260094155,State,True
1314,140,,10,MPA,,9.5,,B,HORNITOS ROAD,3450,162,4.7,35,97,V,-120.09850171276418,37.432011304194816,State,True
1316,142,,12,ORA,R,0.753,,A,JCT. RTE. 90,15700,1460,9.3,149,18,E,-117.85229409433055,33.90967031566479,State,True
1318,142,,12,ORA,,6.35,,B,ORANGE/SAN BERNARDINO COUNTY LINE,14100,113,0.8,5,79,E,-117.78190255782458,33.94538227027347,State,True
1320,142,,8,SBD,,5.782,,B,JCT. RTE. 71,40000,3600,9.0,239,77,V,-117.70890908972572,33.982655878778914,State,True
1322,144,,5,SB,,1.953,,B,"SANTA BARBARA, JCT. RTE. 192",3100,31,1.0,1,3,E,-119.6744725237728,34.44307264772132,State,True
1324,145,,6,FRE,,0.0,,A,JCT. RTES. 5 AND 33,2600,612,23.55,145,19,V,-120.26919201205133,36.29432939384616,State,True
1326,145,,6,FRE,,13.212,,B,JCT. RTE. 269,4550,866,19.04,143,19,V,-120.10309871007661,36.42965698567747,State,True
1328,145,,6,FRE,,35.149,,A,"KERMAN, JCT. RTE. 180",8500,793,9.33,115,19,V,-120.06012073860093,36.73493197814777,State,True
1330,145,,6,MAD,,11.02,,A,"MADERA, TOZER STREET",9900,663,6.7,62,16,E,-120.04301006115868,36.97355532489738,State,True
1332,145,,6,MAD,,11.02,,B,"MADERA, TOZER STREET",10700,1000,9.35,109,13,E,-120.04301006115868,36.97355532489738,State,True
1334,145,,6,MAD,,25.459,,B,JCT. RTE. 41,6000,504,8.4,49,21,V,-119.79394013007635,37.01047928132285,State,True
1336,145,,6,MAD,,9.077,,B,"MADERA, JCT. RTE. 99",15800,856,5.42,161,14,E,-120.05609360016538,36.953022052301215,State,True
1338,146,,5,MON,,3.48,,A,METZ ROAD,480,13,2.71,0,23,E,-121.27803990831558,36.41593644573722,State,True
1340,146,,5,MON,,3.48,,B,METZ ROAD,1900,266,14.0,32,17,E,-121.27803990831558,36.41593644573722,State,True
1342,146,,5,SBT,,15.152,,B,JCT. RTE. 25,380,10,2.5,1,3,E,-121.137076882091,36.518040924013896,State,True
1344,147,,2,LAS,,1.14,,A,COUNTY ROAD A-21,820,108,13.21,27,22,E,-121.04620302767508,40.30188782270305,State,True
1346,147,,2,LAS,,1.79,,B,JCT. RTE. 36,820,108,13.21,27,22,E,-121.04855085462017,40.310831145267265,State,True
1348,147,,2,PLU,,0.0,,A,"CANYON DAM, JCT. RTE. 89",860,128,14.89,25,20,E,-121.0805973154383,40.171976628987174,State,True
1350,147,,2,PLU,,7.37,,B,BIG SPRINGS ROAD,1100,74,6.7,17,22,E,-121.08654349337431,40.27029371013176,State,True
1352,147,,2,PLU,,9.891,,B,PLUMAS/LASSEN COUNTY LINE,1400,88,6.27,18,22,E,-121.06105972786492,40.294153255701595,State,True
1354,14,,7,LA,R,24.788,,A,SB OFF TO SB RTE 5 & JCT. RTE. 5,171000,9508,5.56,1299,11,E,-118.50739380670193,34.33359958010626,State,True
1356,14,,7,LA,R,54.543,,B,ANGELES FOREST HIGHWAY,99000,19840,20.04,1459,17,V,-118.11103066143801,34.51086587206635,State,True
1358,14,,7,LA,R,59.803,,A,"PALMDALE, SOUTH JCT. RTE. 138",84000,3200,3.81,629,11,E,-118.13368055034815,34.58132677435383,State,True
1360,14,,7,LA,R,59.803,,B,"PALMDALE, SOUTH JCT. RTE. 138",79000,4140,5.24,722,11,E,-118.13368055034815,34.58132677435383,State,True
1362,14,,7,LA,R,74.003,,A,NORTH JCT. RTE. 138; AVENUE D,35500,1842,5.19,382,12,E,-118.17046588210647,34.7769375386654,State,True
1364,14,,7,LA,R,74.003,,B,NORTH JCT. RTE. 138; AVENUE D,38000,2200,5.79,352,16,V,-118.17046588210647,34.7769375386654,State,True
1366,14,,9,KER,L,17.384,,B,JCT. RTE. 58,15700,2826,18.0,763,4,E,-118.1782086852208,35.066514706343575,State,True
1368,14,,9,KER,R,0.0,,A,"AVENUE A, LOS ANGELES/KERN COUNTY LINE",37900,2198,5.8,456,12,E,-118.17022509857603,34.82049400071625,State,True
1370,14,,9,KER,,16.07,,A,JCT. RTE. 58,20500,2050,10.0,535,4,E,-118.1782086852208,35.066514706343575,State,True
1372,14,,9,KER,,21.29,,A,"RANDSBURG CUT-OFF RD, CA CITY/BAKERSFIELD RD",5900,1065,18.05,231,8,E,-118.12369666439895,35.12539304263921,State,True
1374,14,,9,KER,,57.767,,A,FREEMAN JCT. JCT. RTE. 178 WEST,6200,1169,18.85,316,8,E,-117.90307068214747,35.601607859672384,State,True
1376,14,,9,KER,,57.767,,B,FREEMAN JCT. JCT. RTE. 178 WEST,6600,1254,19.0,362,8,E,-117.90307068214747,35.601607859672384,State,True
1378,14,,9,KER,,64.559,,B,HOMESTEAD NORTH JCT. RTE. 395,4100,874,21.32,152,23,V,-117.86732027068187,35.69451738627936,State,True
1380,150,,5,SB,R,0.0,,A,"CARPINTERIA, JCT. RTE. 101",5000,401,8.02,23,22,E,-119.48463200393749,34.38378018630213,State,True
1382,150,,5,SB,,2.197,,O,SANTA BARBARA/VENTURA COUNTY LINE,2900,58,2.0,5,2,V,-119.45371106659334,34.396022304755405,State,True
1384,150,,7,VEN,R,14.406,,A,JCT. RTE. 33 SOUTH,18300,342,1.87,59,3,E,-119.28838995643686,34.429895953333315,State,True
1386,150,,7,VEN,R,14.406,,B,JCT. RTE. 33 SOUTH,9500,183,1.93,15,2,V,-119.28838995643686,34.429895953333315,State,True
1388,150,,7,VEN,,0.0,,O,SANTA BARBARA/VENTURA COUNTY LINE,2900,58,2.0,5,2,V,-119.45371106659334,34.396022304755405,State,True
1390,150,,7,VEN,,16.577,,A,"OJAI, JCT. RTE. 33 NORTH",21000,668,3.18,60,3,V,-119.26091840066339,34.44141724892233,State,True
1392,150,,7,VEN,,16.577,,B,"OJAI, JCT. RTE. 33 NORTH",17700,388,2.19,67,3,V,-119.26091840066339,34.44141724892233,State,True
1394,150,,7,VEN,,18.86,,O,OJAI EAST CITY LIMITS,6500,94,1.44,11,3,V,-119.22335341298515,34.44908209309547,State,True
1396,150,,7,VEN,,31.95,,O,"SANTA PAULA, NORTH CITY LIMIT",3650,139,3.81,20,3,V,-119.06949627190454,34.38308147268141,State,True
1398,150,,7,VEN,,34.398,,B,"SANTA PAULA, JCT. RTE. 126",14500,419,2.89,54,3,V,-119.0582076952946,34.35004520179051,State,True
1400,151,,2,SHA,R,6.924,,B,JCT. RTE. 5,11900,386,3.24,70,20,E,-122.34851438723047,40.6792620542253,State,True
1402,151,,2,SHA,,0.0,,A,SHASTA DAM,300,6,2.0,0,21,V,-122.41588277929331,40.71210765829816,State,True
1404,151,,2,SHA,,3.781,,A,LAKE BOULEVARD,1500,77,5.16,4,21,V,-122.40276677427394,40.69122738672719,State,True
1406,151,,2,SHA,,4.45,,A,TOYON,2650,123,4.64,14,20,E,-122.3901295847757,40.689707882152334,State,True
1408,151,,2,SHA,,5.62,,B,BEGIN COUPLET AT ASHBY ROAD,4550,147,3.22,15,21,V,-122.37297405534964,40.68120895290887,State,True
1410,151,,2,SHA,,5.993,,A,ON SHASTA DAM BOULEVARD,8500,275,3.24,50,20,E,-122.3658833006725,40.68049155331113,State,True
1412,152,,10,MER,R,32.366,,A,"DOS PALOS WYE, EAST JCT. RTE. 33",18800,2444,13.0,685,98,V,-120.63561612439075,37.05040961820296,State,True
1414,152,,10,MER,R,32.366,,B,"DOS PALOS WYE, EAST JCT. RTE. 33",21500,3354,15.6,818,95,E,-120.63561612439075,37.05040961820296,State,True
1416,152,,10,MER,,13.848,,A,JCT. RTE. 5,27000,4590,17.0,1128,97,E,-120.96966618727738,37.056590778719105,State,True
1418,152,,10,MER,,21.272,,A,"LOS BANOS, JCT. RTE. 165",33500,3022,9.02,642,7,V,-120.83541161969445,37.05685276077437,State,True
1420,152,,10,MER,,21.272,,B,"LOS BANOS, JCT. RTE. 165",28000,2789,9.96,630,3,V,-120.83541161969445,37.05685276077437,State,True
1422,152,,10,MER,,23.915,,B,"LOS BANOS, SANTA FE ROAD",24000,3607,15.03,703,22,E,-120.78753855755572,37.05556908221442,State,True
1424,152,,4,SCL,M,10.277,,B,"GILROY, JCT. RTE. 101",38000,2630,6.92,304,1,V,-121.56665658066153,37.022332605670954,State,True
1426,152,,4,SCL,R,21.977,,A,JCT. RTE. 156 SOUTH,38500,6553,17.02,1871,98,V,-121.38289788437008,36.96929640768767,State,True
1428,152,,4,SCL,R,21.977,,B,JCT. RTE. 156 SOUTH,26000,3128,12.03,907,98,V,-121.38289788437008,36.96929640768767,State,True
1430,152,,4,SCL,R,26.309,,A,PACHECO CREEK BRIDGE,38000,5977,15.73,1363,22,V,-121.3446641719297,37.012702094243764,State,True
1432,152,,4,SCL,R,26.77,,O,PACHECO CREEK BRIDGE,41800,5438,13.01,1428,16,V,-121.33750400532887,37.01612668633575,State,True
1434,152,,4,SCL,R,9.914,,A,"GILROY, JCT. RTE. 101",27000,2514,9.31,596,1,V,-121.55650752956589,37.003050747208576,State,True
1436,152,,4,SCL,,5.03,,B,WATSONVILLE RD,6200,267,4.3,17,98,E,-121.65030822812813,37.01347493367727,State,True
1438,152,,4,SCL,,9.43,,B,MONTEREY STREET,18300,569,3.11,56,1,V,-121.57236953079692,37.014676379741665,State,True
1440,152,,5,SCR,R,1.995,,B,HOLOHAN/COLLEGE ROADS,17000,799,4.7,41,3,E,-121.7433285000159,36.93600435932485,State,True
1442,152,,5,SCR,T,0.31,,A,"WATSONVILLE, JCT. RTE. 1",24000,840,3.5,49,3,E,-121.7903050264331,36.91968091733664,State,True
1444,152,,5,SCR,,0.714,,A,BECK AVENUE,16500,561,3.4,29,3,E,-121.74925714643079,36.91828742079171,State,True
1446,152,,6,MAD,R,0.0,,A,MERCED/MADERA COUNTY LINE,15900,4260,26.79,1053,21,V,-120.4936991735727,37.08294167425895,State,True
1448,152,,6,MAD,,10.799,,A,JCT. RTE. 233 NORTHWEST,16000,4210,26.31,1027,21,V,-120.29752343701139,37.08341338879861,State,True
1450,152,,6,MAD,,10.799,,B,JCT. RTE. 233 NORTHWEST,15700,3925,25.0,975,21,E,-120.29752343701139,37.08341338879861,State,True
1452,152,,6,MAD,,15.634,,B,"CALIFA, JCT. RTE. 99",16300,4075,25.0,1012,21,E,-120.21020202967534,37.083731172951225,State,True
1454,153,,3,ED,,0.55,,B,MARSHALL'S MONUMENT,95,3,3.64,0,6,E,-120.8939641045608,38.79671214326585,State,True
1456,153,,3,ED,,0.0,,A,JCT. RTE. 49,2250,80,3.54,7,6,E,-120.8893323226839,38.796883982771966,State,True
1458,154,,5,SB,R,31.551,,A,JCT. RTE. 192 EAST,17000,940,5.53,104,15,V,-119.76233572302303,34.4513435458641,State,True
1460,154,,5,SB,R,31.551,,B,JCT. RTE. 192 EAST,13000,780,6.0,49,16,E,-119.76233572302303,34.4513435458641,State,True
1462,154,,5,SB,R,8.11,,A,JCT. RTE. 246 WEST,12400,962,7.76,79,22,E,-120.05486521599812,34.61005485211701,State,True
1464,154,,5,SB,R,8.11,,B,JCT. RTE. 246 WEST,7700,854,11.09,67,22,E,-120.05486521599812,34.61005485211701,State,True
1466,154,,5,SB,,23.38,,B,STAGECOACH ROAD,13200,792,6.0,48,16,E,-119.83082047304904,34.522463529098225,State,True
1468,154,,5,SB,,32.285,,B,JCT. RTE. 101,17500,968,5.53,107,15,V,-119.76001203470791,34.441242975325125,State,True
1470,155,,6,KER,R,0.0,,A,"DELANO, JCT. RTE. 99",11800,826,7.0,75,6,E,-119.24907388187694,35.76138687727147,State,True
1472,155,,6,KER,R,10.99,,A,JCT. RTE. 65,180,41,22.78,3,21,V,-119.05324522110374,35.76202099128208,State,True
1474,155,,6,KER,R,10.99,,B,JCT. RTE. 65,480,98,20.42,15,21,V,-119.05324522110374,35.76202099128208,State,True
1476,155,,6,KER,R,60.637,,A,WOFFORD BOULEVARD,6400,664,10.37,38,12,V,-118.4564587398992,35.706768957713074,State,True
1478,155,,6,KER,R,60.637,,B,WOFFORD BOULEVARD,1700,136,8.0,6,15,V,-118.4564587398992,35.706768957713074,State,True
1480,155,,6,KER,R,70.991,,B,JCT. RTE. 178,5400,619,11.47,45,18,V,-118.47832961518483,35.62802174398243,State,True
1482,155,,6,KER,,0.0,,A,DELANO ON ELLINGTON/9th AND THE OFF/ON RAMPS FOR SB RTE. 99,4700,124,2.63,12,21,V,-119.25104874358746,35.766951533263594,State,True
1484,155,,6,KER,,30.313,,A,JUNCTION OLD ROUTE 155 AT WOODY ROAD,160,28,17.44,2,12,E,-118.83460107598097,35.704443622751135,State,True
1486,155,,6,KER,,38.25,,A,"GLENVILLE, GRANITE ROAD",630,93,14.71,8,12,E,-118.72734049910522,35.71628210122878,State,True
1488,156,,5,MON,R,0.167,,A,JCT. RTE. 1,35000,2629,7.51,522,17,E,-121.76505036994874,36.75234338326685,State,True
1490,156,,5,MON,R,1.109,,A,JCT. RTE. 183,39000,2929,7.51,264,17,V,-121.75216300413544,36.76138590630988,State,True
1492,156,,5,MON,T,5.185,,B,SOUTH JCT. RTE. 101,38500,2891,7.51,534,17,E,-121.66755450177094,36.78959852284681,State,True
1494,156,,5,SBT,,3.022,,A,ALAMEDA STREET,28000,4256,15.2,923,16,E,-121.53357496958195,36.84058848670174,State,True
1496,158,,9,MNO,,0.0,,A,"JUNE LAKE JUNCTION, SOUTH JCT. RTE. 395",1900,266,14.0,12,22,V,-119.0535259419351,37.812704950351254,State,True
1498,158,,9,MNO,,15.836,,B,"GRANT LAKE JUNCTION, NORTH JCT. RTE. 395",410,95,23.08,4,22,V,-119.09201132279222,37.89234170923183,State,True
1500,158,,9,MNO,,3.81,,O,SKI LIFT ROAD,1400,21,1.5,2,97,V,-119.09135042325454,37.769824583014426,State,True
1502,15,,11,SD,M,12.124,,A,JCT. RTE. 163,275000,10258,3.73,1342,7,E,-117.11003724055603,32.86359180573941,Interstate,True
1504,15,,11,SD,M,14.285,,A,"SAN DIEGO, MIRAMAR/ POMERADO ROADS",270000,10530,3.9,1359,85,V,-117.11492398587009,32.89323706071821,Interstate,True
1506,15,,11,SD,M,14.285,,B,"SAN DIEGO, MIRAMAR/ POMERADO ROADS",290000,10904,3.76,1427,7,E,-117.11492398587009,32.89323706071821,Interstate,True
1508,15,,11,SD,M,18.176,,A,"SAN DIEGO, POWAY ROAD",212500,15088,7.1,2324,96,E,-117.10577777533011,32.948093526889686,Interstate,True
1510,15,,11,SD,M,18.176,,B,"SAN DIEGO, POWAY ROAD",242500,17218,7.1,2652,96,E,-117.10577777533011,32.948093526889686,Interstate,True
1512,15,,11,SD,M,27.65,,A,"ESCONDIDO, SO. JCT. OF CENTRE CITY PARKWAY",185000,13135,7.1,2023,96,E,-117.07134375867513,33.07915286791665,Interstate,True
1514,15,,11,SD,R,3.367,,A,JCT. RTE. 805,172500,3795,2.2,339,85,V,-117.11148190670436,32.732050303293775,Interstate,True
1516,15,,11,SD,R,3.367,,B,JCT. RTE. 805,127500,6503,5.1,867,85,E,-117.11148190670436,32.732050303293775,Interstate,True
1518,15,,11,SD,R,30.627,,B,VALLEY PARKWAY,185000,13135,7.1,2023,96,E,-117.09878322033843,33.11526143704127,Interstate,True
1520,15,,11,SD,R,31.517,,A,JCT. RTE. 78,152500,14183,9.3,2217,23,E,-117.10468728705052,33.1271114056662,Interstate,True
1522,15,,11,SD,R,31.517,,B,JCT. RTE. 78,260000,18460,7.1,2844,96,E,-117.10468728705052,33.1271114056662,Interstate,True
1524,15,,11,SD,R,31.517,,X,JCT. RTE. 78,122000,32220,26.41,1916,22,E,-117.10468728705052,33.1271114056662,Interstate,True
1526,15,,11,SD,R,36.636,,A,DEER SPRINGS ROAD,145000,15153,10.45,2183,23,V,-117.12559579357901,33.19737106081479,Interstate,True
1528,15,,11,SD,R,46.491,,A,JCT. RTE. 76,147500,2124,1.44,355,23,V,-117.15910095043357,33.331397441372985,Interstate,True
1530,15,,11,SD,R,46.491,,B,JCT. RTE. 76,145000,14834,10.23,3256,0,E,-117.15910095043357,33.331397441372985,Interstate,True
1532,15,,11,SD,R,6.132,,A,JCT. RTE. 8,250000,12450,4.98,1602,7,V,-117.1122378066766,32.778656962975894,Interstate,True
1534,15,,11,SD,R,6.132,,B,JCT. RTE. 8,145000,3190,2.2,284,85,E,-117.1122378066766,32.778656962975894,Interstate,True
1536,15,,11,SD,R,9.995,,X,CLAIREMONT MESA BOULEVARD,141000,9433,6.69,1557,23,E,-117.11883858157023,32.83374750718455,Interstate,True
1538,15,,11,SD,,2.226,,B,JCT. RTE. 94,132500,6758,5.1,901,85,V,-117.11781884639902,32.71684437623574,Interstate,True
1540,15,,8,RIV,R,0.0,,A,SAN DIEGO/RIVERSIDE COUNTY LINE,145000,9788,6.75,2009,4,V,-117.14316022534264,33.4325632487268,Interstate,True
1542,15,,8,RIV,R,1.098,,B,RAINBOW TRUCK FACILITY,145000,5394,3.72,1049,18,V,-117.13589768224045,33.44721058780048,Interstate,True
1544,15,,8,RIV,,15.071,,B,BAXTER ROAD,127000,11049,8.7,1957,6,E,-117.25984278836408,33.6123951762343,Interstate,True
1546,15,,8,RIV,,20.948,,B,MAIN STREET,124000,11408,9.2,2020,6,E,-117.32340142081539,33.677355907296715,Interstate,True
1548,15,,8,RIV,,20.962,,A,NORTH OF MAIN STREET,121000,11495,9.5,1885,22,E,-117.32358724092519,33.67748875875849,Interstate,True
1550,15,,8,RIV,,22.277,,A,JCT. RTE. 74,123000,12915,10.5,2285,6,E,-117.337402979652,33.692207371738185,Interstate,True
1552,15,,8,RIV,,22.277,,B,JCT. RTE. 74,121000,9027,7.46,1473,15,V,-117.337402979652,33.692207371738185,Interstate,True
1554,15,,8,RIV,,3.436,,A,SOUTH JCT. RTE. 79,169000,11915,7.05,2445,4,E,-117.14049701786759,33.48056582615411,Interstate,True
1556,15,,8,RIV,,3.436,,B,SOUTH JCT. RTE. 79,145000,9788,6.75,2009,4,E,-117.14049701786759,33.48056582615411,Interstate,True
1558,15,,8,RIV,,41.501,,B,JCT. RTE. 91,205000,11501,5.61,2178,0,E,-117.54713191421347,33.881932392064584,Interstate,True
1560,15,,8,RIV,,44.66,,O,"FOURTH ST, NORCO",142000,16273,11.46,3084,0,E,-117.55637648219222,33.92427733812158,Interstate,True
1562,15,,8,RIV,,51.474,,A,JCT. RTE. 60,204000,16728,8.2,3170,0,E,-117.55010504135988,34.021739886350005,Interstate,True
1564,15,,8,RIV,,6.623,,B,NORTH JCT RTE. 79,176000,11563,6.57,2373,4,E,-117.16283792764247,33.52263996864227,Interstate,True
1566,15,,8,RIV,,8.737,,A,JCT. RTE. 215 NORTH,110000,9900,9.0,1751,6,E,-117.18165992893866,33.54933011868119,Interstate,True
1568,15,,8,RIV,,8.737,,B,JCT. RTE. 215 NORTH,198000,10989,5.55,2255,4,E,-117.18165992893866,33.54933011868119,Interstate,True
1570,15,,8,SBD,R,136.574,,A,"BAKER, JCT. RTE. 127",38000,7995,21.04,2134,1,E,-116.07306982022915,35.26329345465176,Interstate,True
1572,15,,8,SBD,R,136.574,,B,"BAKER, JCT. RTE. 127",39000,7800,20.0,2082,1,E,-116.07306982022915,35.26329345465176,Interstate,True
1574,15,,8,SBD,R,87.26,,O,YERMO INSPECTION STATION,46000,11698,25.43,3174,21,E,-116.79246040609446,34.913560781748835,Interstate,True
1576,15,,8,SBD,,176.459,,B,NIPTON ROAD,44000,7902,17.96,2013,1,E,-115.44873341961566,35.473305644767926,Interstate,True
1578,15,,8,SBD,,186.238,,B,NEVADA STATE LINE,45000,8082,17.96,2059,1,E,-115.39106915207135,35.60718649727993,Interstate,True
1580,15,,8,SBD,,2.389,,A,JCT. RTE. 10,211000,21839,10.35,5049,6,E,-117.54472991167022,34.0674022371458,Interstate,True
1582,15,,8,SBD,,31.813,,A,JCT. RTE. 395 NORTH,123000,19225,15.63,4828,0,E,-117.40128540894918,34.399758172241974,Interstate,True
1584,15,,8,SBD,,31.813,,B,JCT. RTE. 395 NORTH,155000,20972,13.53,5268,0,E,-117.40128540894918,34.399758172241974,Interstate,True
1586,15,,8,SBD,,40.509,,A,JCT. RTE. 18 SOUTH,92000,15704,17.07,3945,0,E,-117.32282152955341,34.50760308463301,Interstate,True
1588,15,,8,SBD,,40.509,,B,JCT. RTE. 18 SOUTH,107000,19335,18.07,4862,0,E,-117.32282152955341,34.50760308463301,Interstate,True
1590,15,,8,SBD,,43.488,,A,"VICTORVILLE, JCT. RTE. 18 SOUTHEAST",62000,14669,23.66,3685,0,E,-117.30064960366325,34.54535932130886,Interstate,True
1592,15,,8,SBD,,5.306,,A,JCT. RTE. 66,179000,14642,8.18,3179,15,V,-117.53192356581071,34.10631939977143,Interstate,True
1594,15,,8,SBD,,5.306,,B,JCT. RTE. 66,204000,16524,8.1,3820,15,E,-117.53192356581071,34.10631939977143,Interstate,True
1596,15,,8,SBD,,5.973,,A,"RANCHO CUCAMONGA, MILLER AVENUE",180000,10386,5.77,2348,22,E,-117.52382745170188,34.11299382263622,Interstate,True
1598,15,,8,SBD,,68.77,,A,"BARSTOW, LENWOOD ROAD",68000,16259,23.91,4081,1,E,-117.08493091299303,34.853499398892076,Interstate,True
1600,15,,8,SBD,,68.77,,B,"BARSTOW, LENWOOD ROAD",62000,15494,24.99,3889,0,E,-117.08493091299303,34.853499398892076,Interstate,True
1602,15,,8,SBD,,74.418,,A,"BARSTOW, JCT. RTE. 40 EAST",48000,8016,16.7,2045,5,E,-117.00685084419233,34.88718277001804,Interstate,True
1604,15,,8,SBD,,74.418,,B,"BARSTOW, JCT. RTE. 40 EAST",78000,15343,19.67,3854,1,E,-117.00685084419233,34.88718277001804,Interstate,True
1606,15,,8,SBD,,76.883,,A,JCT. RTE. 58 WEST,48000,7915,16.49,2122,15,V,-116.97297641507726,34.90777402122412,Interstate,True
1608,15,,8,SBD,,76.883,,B,JCT. RTE. 58 WEST,48000,8160,17.0,2082,5,E,-116.97297641507726,34.90777402122412,Interstate,True
1610,160,,3,SAC,L,10.783,,B,JCT. RTE. 12,18200,1693,9.3,424,95,V,-121.67645203708074,38.15517046180593,State,True
1612,160,,3,SAC,R,0.0,,A,JCT. RTE. 12,7000,519,7.41,82,5,E,-121.67645203708074,38.15517046180593,State,True
1614,160,,3,SAC,,11.46,,A,"RYDE, JCT. RTE. 220 WEST",5600,494,8.83,44,14,V,-121.55865841166475,38.238174097226995,State,True
1616,160,,3,SAC,,11.46,,B,"RYDE, JCT. RTE. 220 WEST",6200,391,6.3,82,95,V,-121.55865841166475,38.238174097226995,State,True
1618,160,,3,SAC,,14.16,,A,"WALNUT GROVE, WALNUT GROVE BRIDGE",5100,372,7.3,85,95,V,-121.51564215039839,38.242559266291586,State,True
1620,160,,3,SAC,,14.16,,B,"WALNUT GROVE, WALNUT GROVE BRIDGE",6000,438,7.3,99,95,V,-121.51564215039839,38.242559266291586,State,True
1622,160,,3,SAC,,16.92,,A,LEARY ROAD,2600,190,7.3,50,95,V,-121.5393023349827,38.27327791076999,State,True
1624,160,,3,SAC,,16.92,,B,LEARY ROAD,2650,209,7.9,53,95,V,-121.5393023349827,38.27327791076999,State,True
1626,160,,3,SAC,,26.25,,B,HOOD-FRANKLIN ROAD,2050,65,3.18,10,14,V,-121.51933307457594,38.368294088251375,State,True
1628,160,,3,SAC,,34.07,,A,FREEPORT BRIDGE ROAD,6000,180,3.0,18,96,E,-121.50050085135015,38.45596014110778,State,True
1630,160,,3,SAC,,46.581,,B,"SACRAMENTO, JCT. RTE. 51",34000,2040,6.0,149,84,E,-121.4400924165641,38.60006438893838,State,True
1632,160,,3,SAC,,5.95,,A,"SACRAMENTO RIVER, ISLETON BRIDGE",7900,241,3.05,20,17,V,-121.59431591217711,38.172211849281574,State,True
1634,160,,3,SAC,,5.95,,B,"SACRAMENTO RIVER, ISLETON BRIDGE",6600,631,9.56,100,5,E,-121.59431591217711,38.172211849281574,State,True
1636,160,,4,CC,,0.486,,A,WILBUR AVENUE,19600,1278,6.52,256,0,V,-121.75202568676282,38.011980854707325,State,True
1638,160,,4,CC,,0.0,,A,JCT. E 18TH ST/MAIN ST,40500,5310,13.11,1055,0,V,-121.75363664634162,38.0051028902403,State,True
1640,160,,4,CC,,1.327,,B,CONTRA COSTA/SACRAMENTO COUNTY LINE,19600,2156,11.0,522,97,E,-121.75146652502434,38.024176427330275,State,True
1642,161,,2,SIS,,0.037,,A,JCT. RTE. 97,580,177,30.6,46,20,E,-121.89175671489772,42.0000983131885,State,True
1644,161,,2,SIS,,17.31,,B,HILL ROAD,1000,169,16.91,31,20,E,-121.5593764745972,41.99868803912988,State,True
1646,161,,2,SIS,,19.361,,B,JCT. RTE. 139,1050,329,31.3,87,20,E,-121.51952398184518,41.998274911090526,State,True
1648,162,,1,MEN,R,0.0,,A,JCT. RTE. 101,1300,207,15.92,21,21,E,-123.43023744706387,39.55520985987601,State,True
1650,162,,1,MEN,,34.045,,B,NEAR SHORT CREEK BRIDGE,300,38,12.79,4,18,E,-123.19094238642201,39.82512903868639,State,True
1652,162,,3,BUT,R,9.726,,A,JCT. RTE. 99,2650,258,9.74,32,0,E,-121.68866831556267,39.49425413929253,State,True
1654,162,,3,BUT,,15.831,,B,"OROVILLE, JCT. RTE. 70",12700,1163,9.16,152,0,E,-121.57531165259127,39.497928890003614,State,True
1656,162,,3,BUT,,17.142,,B,"OROVILLE, LINCOLN STREET",24400,2440,10.0,242,83,E,-121.55225024455117,39.503877463784335,State,True
1658,162,,3,BUT,,18.006,,A,"OROVILLE, LOWER WYANDOTE ROAD",19000,779,4.1,91,85,V,-121.53902062241129,39.5026289597316,State,True
1660,162,,3,BUT,,24.194,,A,FORBESTOWN ROAD,1650,165,10.0,16,83,E,-121.4440022844309,39.51483018624842,State,True
1662,162,,3,BUT,,24.194,,B,FORBESTOWN ROAD,4150,415,10.0,41,83,E,-121.4440022844309,39.51483018624842,State,True
1664,162,,3,BUT,,31.07,,B,FOREMAN ROAD,1300,130,10.0,13,83,E,-121.44485391696463,39.59417735077807,State,True
1666,162,,3,BUT,,6.66,,A,RICHVALE SOUTH HIGHWAY,1350,271,20.1,76,7,E,-121.74598824538386,39.46475652009094,State,True
1668,162,,3,BUT,,6.66,,B,RICHVALE SOUTH HIGHWAY,1900,382,20.1,107,7,E,-121.74598824538386,39.46475652009094,State,True
1670,162,,3,BUT,,9.726,,B,JCT. RTE. 99,1250,251,20.1,70,7,E,-121.68846979956298,39.46521625491419,State,True
1672,162,,3,GLE,,37.648,,A,COUNTY ROAD 307,230,23,10.0,5,7,E,-122.59144047508167,39.65648308002479,State,True
1674,162,,3,GLE,,65.523,,A,"WILLOWS, JCT. RTE. 5",4000,163,4.08,19,0,E,-122.2147147606434,39.52423253402223,State,True
1676,162,,3,GLE,,65.523,,B,"WILLOWS, JCT. RTE. 5",3450,153,4.43,18,0,E,-122.2147147606434,39.52423253402223,State,True
1678,162,,3,GLE,,67.106,,A,"WILLOWS, FIRST STREET",3100,279,9.0,52,0,E,-122.18518501992529,39.52418434624011,State,True
1680,162,,3,GLE,,76.27,,B,JCT. RTE. 45,2350,235,10.0,42,0,E,-122.01404692663864,39.52179407027027,State,True
1682,162,,3,GLE,,76.28,,A,JCT. RTE. 45,2000,402,20.1,112,7,E,-122.01730148967535,39.45732194123853,State,True
1684,163,,11,SD,R,10.837,,B,"SAN DIEGO, KEARNEY VILLA ROAD",150000,6420,4.28,547,23,E,-117.11910202420539,32.85482248090355,State,True
1686,163,,11,SD,R,11.662,,B,JCT. RTE. 15,122500,3871,3.16,477,4,E,-117.11056616140878,32.86263219290712,State,True
1688,163,,11,SD,,0.89,,A,JCT. RTE. 5,80000,2400,3.0,204,86,V,-117.15527463756631,32.72412717772802,State,True
1690,163,,11,SD,,3.742,,A,"SAN DIEGO, JCT. RTE. 8",142500,5273,3.7,535,86,V,-117.16333841412155,32.76265466908263,State,True
1692,163,,11,SD,,3.742,,B,"SAN DIEGO, JCT. RTE. 8",150000,4500,3.0,383,86,E,-117.16333841412155,32.76265466908263,State,True
1694,163,,11,SD,,7.043,,A,"SAN DIEGO, JCT. RTE. 805",127500,6503,5.1,834,86,E,-117.15279396596037,32.80869915531836,State,True
1696,163,,11,SD,,7.043,,B,"SAN DIEGO, JCT. RTE. 805",140000,5180,3.7,526,86,E,-117.15279396596037,32.80869915531836,State,True
1698,163,,11,SD,,8.01,,A,"SAN DIEGO, BALBOA AVENUE",132500,3750,2.83,462,4,E,-117.14658464722315,32.821800430179394,State,True
1700,164,,7,LA,,5.599,,A,"EL MONTE, JCT. RTE. 10",51000,1709,3.35,126,6,V,-118.07292655343524,34.071764309741376,State,True
1702,164,,7,LA,,5.599,,B,"EL MONTE, JCT. RTE. 10",75000,3353,4.47,339,6,V,-118.07292655343524,34.071764309741376,State,True
1704,165,,10,MER,L,0.0,,A,JCT. RTE. 5,1400,132,9.4,32,97,V,-120.84097487906249,36.92995298408559,State,True
1706,165,,10,MER,,26.872,,A,JCT. RTE. 140,9250,860,9.3,215,97,V,-120.85123992332255,37.313164008159646,State,True
1708,165,,10,MER,,26.872,,B,JCT. RTE. 140,7850,612,7.79,160,97,V,-120.85123992332255,37.313164008159646,State,True
1710,165,,10,MER,,8.786,,A,"LOS BANOS, JCT. RTE. 152",16000,1456,9.1,396,97,V,-120.83535685659812,37.0568663472666,State,True
1712,165,,10,MER,,8.786,,B,"LOS BANOS, JCT. RTE. 152",12000,948,7.9,262,97,V,-120.83535685659812,37.0568663472666,State,True
1714,165,,10,STA,,1.45,,B,JCT. RTE. 99,18000,882,4.9,243,97,V,-120.8489983464143,37.473269232775834,State,True
1716,166,,5,SB,,0.0,,A,"GUADALUPE, JCT. RTE. 1",9000,1114,12.38,111,23,E,-120.5740269296222,34.957568801003085,State,True
1718,166,,5,SB,,6.87,,A,"SANTA MARIA, BLOSSER ROAD",15500,1705,11.0,281,18,E,-120.45371597415019,34.95325815521452,State,True
1720,166,,5,SB,,6.87,,B,"SANTA MARIA, BLOSSER ROAD",14500,1740,12.0,279,18,E,-120.45371597415019,34.95325815521452,State,True
1722,166,,5,SB,,64.3,,A,PERKINS ROAD,3100,703,22.68,171,22,E,-119.69169287383318,34.94896247733064,State,True
1724,166,,5,SB,,7.87,,A,"SANTA MARIA, JCT. RTE. 135",21000,2283,10.87,457,18,E,-120.43588183310395,34.95306945679969,State,True
1726,166,,5,SB,,8.927,,B,"SANTA MARIA, JCT. RTE. 101",23400,1872,8.0,409,18,E,-120.41727949864084,34.95294923935157,State,True
1728,166,,5,SLO,,13.511,,A,SUEY ROAD,3100,720,23.23,161,21,E,-120.36021741135735,35.003252109220895,State,True
1730,166,,5,SLO,,74.718,,B,"MARICOPA, JCT. RTE. 33",3000,713,23.77,169,16,V,-119.51205147179752,34.93627987534612,State,True
1732,166,,5,SLO,,8.927,,A,"SANTA MARIA, JCT. RTE. 101",3100,870,28.06,142,23,E,-120.43473165985858,34.99625950682253,State,True
1734,166,,6,KER,,0.01,,A,"MARICOPA, JCT. RTE. 33",3050,804,26.36,162,21,V,-119.4010213043765,35.05843445834007,State,True
1736,166,,6,KER,,2.96,,A,PENTLAND ROAD,2750,629,22.89,134,21,E,-119.34926281213994,35.05820278464971,State,True
1738,166,,6,KER,,22.797,,B,JCT. RTE. 5,2800,699,24.98,146,21,V,-118.9991731744468,35.05934919532906,State,True
1740,166,,6,KER,,24.62,,B,"METTLER, JCT. RTE. 99",2550,614,24.08,131,21,V,-118.96792030601195,35.057836095312844,State,True
1742,167,,9,MNO,,0.0,,A,JCT. RTE. 395,230,68,29.41,4,22,V,-119.16079773427714,38.04530120591609,State,True
1744,167,,9,MNO,,21.331,,B,NEVADA STATE LINE,110,6,5.0,2,7,E,-118.79763668573197,38.16055624323639,State,True
1746,168,,6,FRE,R,36.179,,A,AUBERRY ROAD,3400,340,10.0,16,4,E,-119.36648795920392,37.06026537934118,State,True
1748,168,,6,FRE,R,36.179,,B,AUBERRY ROAD,3200,320,10.0,14,4,E,-119.36648795920392,37.06026537934118,State,True
1750,168,,6,FRE,,15.47,,A,ACADEMY AVENUE,6900,630,9.13,39,19,V,-119.55738079071588,36.8738023287323,State,True
1752,168,,6,FRE,,15.47,,B,ACADEMY AVENUE,7000,463,6.62,28,16,E,-119.55738079071588,36.8738023287323,State,True
1754,168,,6,FRE,,49.66,,A,HUNTINGTON LAKE ROAD,1000,100,10.0,5,19,E,-119.2960233582243,37.15600927832569,State,True
1756,168,,6,FRE,,49.66,,B,HUNTINGTON LAKE ROAD,1250,301,24.07,23,21,V,-119.2960233582243,37.15600927832569,State,True
1758,168,,6,FRE,,65.84,,B,FLORENCE LAKE ROAD,1000,82,8.21,5,20,E,-119.16148540091537,37.25542737221597,State,True
1760,168,,9,INY,R,0.0,,A,LAKE SABRINA,400,4,1.0,0,7,E,-118.60653321455722,37.218289235064944,State,True
1762,168,,9,INY,R,3.278,,A,SOUTH LAKE ROAD,620,14,2.33,1,7,E,-118.57999371209502,37.25637599333256,State,True
1764,168,,9,INY,R,3.278,,B,SOUTH LAKE ROAD,400,10,2.5,1,7,E,-118.57999371209502,37.25637599333256,State,True
1766,168,,9,INY,,14.74,,B,OTEY ROAD,1250,206,16.45,9,16,V,-118.45937312441254,37.35844395567715,State,True
1768,168,,9,INY,,16.342,,A,BROCKMAN LANE,6350,572,9.0,32,22,V,-118.43130033160932,37.3613856780198,State,True
1770,168,,9,INY,,16.342,,B,BROCKMAN LANE,6300,250,3.97,18,7,E,-118.43130033160932,37.3613856780198,State,True
1772,168,,9,INY,,18.31,,B,JCT. RTE. 395,7400,397,5.36,25,7,V,-118.39529610744839,37.36140653616753,State,True
1774,168,,9,INY,,18.32,,A,JCT. RTE. 395,510,128,25.09,15,22,V,-118.29030664857902,37.17346366673721,State,True
1776,168,,9,MNO,,1.45,,B,"OASIS, JCT. RTE. 266 NORTH",230,18,8.0,3,96,E,-117.91205019860843,37.48679780734234,State,True
1778,169,,1,DN,R,0.0,,A,"KLAMATH, JCT. RTE. 101",1900,162,8.5,26,17,E,-124.03419524835185,41.52315720317462,State,True
1780,169,,1,HUM,,13.2,,A,WAUTECK VILLAGE,200,40,20.0,3,17,E,-123.87476300720948,41.35089436915025,State,True
1782,169,,1,HUM,,33.84,,B,"WEITCHPEC, JCT. RTE. 96",300,23,7.8,2,17,E,-123.70469028261213,41.18658686368142,State,True
1784,16,,10,AMA,,9.093,,B,JCT. RTE. 124 SOUTH,9600,740,7.71,136,97,E,-120.87265061594263,38.45384716916546,State,True
1786,16,,10,AMA,,9.373,,B,"CENTRAL HOUSE, JCT. RTE. 49",10200,775,7.6,142,97,E,-120.86768004793109,38.45488644793322,State,True
1788,16,,3,COL,,0.0,,A,JCT. RTE. 20,440,62,14.17,12,0,E,-122.35886550267115,39.013082459253326,State,True
1790,16,,3,SAC,R,11.474,,B,"SACRAMENTO, SUNRISE BOULEVARD",9500,855,9.0,132,96,E,-121.24240828018166,38.5057891296557,State,True
1792,16,,3,SAC,R,16.805,,A,LATROBE ROAD,12500,563,4.5,78,96,E,-121.14654752728066,38.49577696571897,State,True
1794,16,,3,SAC,T,1.753,,A,EB OFF 50 TO 16,40000,3600,9.0,553,96,E,-121.40941143989363,38.55226287868141,State,True
1796,16,,3,YOL,R,40.57,,A,WEST MAIN STREET,6500,695,10.69,129,0,E,-121.80254252581705,38.67767244233087,State,True
1798,16,,3,YOL,R,43.42,,B,JCT. RTES. 5/16,4500,576,12.8,125,0,E,-121.80044696197338,38.71866117184883,State,True
1800,16,,3,YOL,,31.867,,B,JCT. RTE. 505,10000,1138,11.38,235,0,E,-121.95211949909765,38.679645281752684,State,True
1802,16,,3,YOL,,32.226,,A,JCT. RTE. 505,9900,990,10.0,212,0,E,-121.95209895193214,38.67964221228486,State,True
1804,16,,3,YOL,,40.57,,B,WEST MAIN STREET,9400,820,8.72,153,0,E,-121.80254252581705,38.67767244233087,State,True
1806,16,,3,YOL,,7.146,,A,"RUMSEY, MANZANITA AVENUE",760,55,7.27,10,7,E,-122.2376459237471,38.88794256215969,State,True
1808,170,,7,LA,R,14.5,,A,"LOS ANGELES, JCT. RTES. 101/134",166000,6441,3.88,690,11,E,-118.37637531213221,34.153117193181714,State,True
1810,170,,7,LA,R,17.62,,O,S/O SHERMAN WAY; VAN OWEN ST,206000,7375,3.58,974,16,V,-118.4020594917815,34.19179552429711,State,True
1812,170,,7,LA,R,20.551,,B,"LOS ANGELES, JCT. RTE. 5",126000,6476,5.14,694,11,E,-118.40958273675892,34.2330728396962,State,True
1814,172,,2,TEH,,0.0,,A,"MINERAL, JCT. RTE. 36",180,1,0.5,0,22,E,-121.59655442044037,40.34758921521123,State,True
1816,172,,2,TEH,,5.77,,A,MILL CREEK,160,81,50.83,27,22,E,-121.5267704990027,40.3238680287835,State,True
1818,172,,2,TEH,,8.917,,B,"MORGAN SPRINGS, JCT. RTE. 36",160,81,50.83,28,22,E,-121.51182314442767,40.36193380031163,State,True
1820,173,,8,SBD,L,0.0,,A,JCT. RTE. 138,1200,49,4.1,4,85,V,-117.34635882281022,34.31242555412583,State,True
1822,173,,8,SBD,L,6.989,,A,ARROWHEAD LAKE ROAD,150,60,40.0,2,79,E,-117.25911699273362,34.33692462632401,State,True
1824,173,,8,SBD,,21.462,,A,"LAKE ARROWHEAD, JCT. RTE. 189 ",4200,420,10.0,29,86,V,-117.18959408308996,34.24856778223396,State,True
1826,173,,8,SBD,,21.462,,B,"LAKE ARROWHEAD, JCT. RTE. 189",8700,522,6.0,27,89,V,-117.18959408308996,34.24856778223396,State,True
1828,173,,8,SBD,,23.04,,B,JCT. RTE. 18,5100,204,4.0,13,86,E,-117.1965929904192,34.23388072166915,State,True
1830,174,,3,NEV,,0.0,,O,PLACER/NEVADA COUNTY LINE,5400,391,7.24,61,3,E,-120.95909740106018,39.131357612254504,State,True
1832,174,,3,NEV,,10.17,,B,"GRASS VALLEY, JCT. RTE. 20",7000,507,7.24,79,3,E,-121.06091133516313,39.21640040869489,,False
1834,174,,3,PLA,,0.0,,A,"COLFAX, JCT. RTE. 80",17600,276,1.57,44,6,E,-120.94955601983008,39.095799026797195,State,True
1836,174,,3,PLA,,2.883,,O,PLACER/NEVADA COUNTY LINE,5400,391,7.24,61,3,E,-120.95909740106018,39.131357612254504,State,True
1838,175,,1,LAK,R,8.193,,B,JCT. RTE. 29,1900,105,5.55,6,16,E,-122.91291435575596,39.01690688211598,State,True
1840,175,,1,LAK,,19.62,,A,COBB POST OFFICE,2900,211,7.28,14,17,V,-122.72016542610226,38.82192685709835,State,True
1842,175,,1,LAK,,28.038,,B,JCT. RTE. 29,2700,353,13.06,25,17,V,-122.61525384577813,38.75239206717414,State,True
1844,175,,1,LAK,,8.254,,A,JCT. RTE. 29,840,27,3.18,3,16,E,-122.79221741217265,38.94260900876764,State,True
1846,175,,1,MEN,,0.0,,A,"HOPLAND, JCT. RTE. 101",2250,143,6.36,18,18,V,-123.11662157484587,38.97124671296192,State,True
1848,177,,8,RIV,,0.26,,A,KAISER MINE ROAD,2700,378,14.0,90,93,V,-115.39995118156102,33.71438490608427,State,True
1850,177,,8,RIV,,0.0,,A,JCT. RTE. 10,3400,255,7.5,48,78,E,-115.40027699332803,33.71049815916563,State,True
1852,177,,8,RIV,,27.024,,B,JCT. RTE. 62,2700,521,19.3,154,78,E,-115.21968765756354,34.047054025258376,State,True
1854,178,S,6,KER,S,1.736,R,A,JCT. RTE. 178 EB,2150,65,3.0,8,3,E,-119.01423074961227,35.380019226241785,State,True
1855,178,S,6,KER,S,2.163,,B,NORTH JCT. RTE. 204,2200,110,5.0,13,3,E,-119.00704792121176,35.38096636104729,State,True
1857,178,,6,KER,R,2.009,,A,"BAKERSFIELD, JCT. RTE. 204",63000,3780,6.0,297,4,E,-119.0098664914169,35.38205727274672,State,True
1859,178,,6,KER,R,42.941,,A,JCT. RTE. 155,3500,292,8.34,17,18,V,-118.47823920424305,35.62803677588792,State,True
1861,178,,6,KER,R,42.941,,B,JCT. RTE. 155,3750,342,9.13,31,18,V,-118.47823920424305,35.62803677588792,State,True
1863,178,,6,KER,R,5.641,,A,"BAKERSFIELD, OSWELL STREET",46000,2056,4.47,127,18,V,-118.94979904902789,35.39624134127316,State,True
1865,178,,6,KER,R,5.641,,B,"BAKERSFIELD, OSWELL STREET",55000,3300,6.0,301,4,E,-118.94979904902789,35.39624134127316,State,True
1867,178,,6,KER,T,9.614,,A,JCT. RTE. 184,14900,1599,10.73,81,20,V,-118.87980279639976,35.398282442224236,State,True
1869,178,,6,KER,T,9.614,,B,JCT. RTE. 184,14600,2044,14.0,97,20,V,-118.87980279639976,35.398282442224236,State,True
1871,178,,6,KER,,0.0,,A,JCT. RTES. 99/58,55000,4950,9.0,1135,4,E,-119.04452355975693,35.38304218770652,State,True
1873,178,,8,SBD,,14.778,,B,TRONA ROAD,2000,240,12.0,77,91,V,-117.3920980995866,35.68131751513773,State,True
1875,178,,8,SBD,,7.35,,A,TRONA ROAD,2000,200,10.0,59,91,E,-117.51056901699758,35.6470030572089,State,True
1877,178,,8,SBD,,7.35,,B,TRONA ROAD,2200,176,8.0,47,91,E,-117.51056901699758,35.6470030572089,State,True
1879,178,,9,INY,,28.0,,A,"DEATH VALLEY MONUMENT, SO. BOUNDARY",250,15,6.07,1,7,V,-116.49216673998275,35.9112153728115,State,True
1881,178,,9,INY,,42.92,,B,JCT. RTE. 127,70,4,5.5,1,3,V,-116.27489872314541,35.99634356071118,State,True
1883,178,,9,INY,,42.93,,A,JCT. RTE. 127,950,86,9.1,12,94,V,-116.2703953689131,35.972726112129955,State,True
1885,178,,9,INY,,62.186,,B,NEVADA STATE LINE,950,135,14.21,15,22,V,-116.10833108914109,36.167187966667015,State,True
1887,178,,9,KER,R,88.453,,A,JCT. RTE. 14,3160,348,11.0,45,13,V,-117.88243192442744,35.639542006310805,State,True
1889,178,,9,KER,R,93.237,,A,JCT. RTE. 395,6400,270,4.22,47,13,E,-117.8007221157032,35.65145744326771,State,True
1891,178,,9,KER,R,93.237,,B,JCT. RTE. 395,3000,225,7.5,51,4,E,-117.8007221157032,35.65145744326771,State,True
1893,178,,9,KER,,102.616,,A,RIDGECREST BLVD/CHINA LAKE,10500,315,3.0,51,4,E,-117.66994216426563,35.62251845209791,State,True
1895,178,,9,KER,,102.616,,B,RIDGECREST BLVD/CHINA LAKE,19800,693,3.5,104,4,E,-117.66994216426563,35.62251845209791,State,True
1897,178,,9,KER,,57.076,,A,KELSO VALLEY ROAD,2500,205,8.2,12,15,E,-118.3031632102629,35.66417338881675,State,True
1899,178,,9,KER,,88.26,,B,JCT. RTE. 14,1470,319,21.71,44,22,V,-117.90306929694533,35.60161056874878,State,True
1901,17,,4,SCL,,0.108,,A,JCT. RTE. 35 NORTHWEST,54000,1631,3.02,274,4,V,-121.98487111585425,37.14555127599845,State,True
1903,17,,4,SCL,,0.108,,B,JCT. RTE. 35 NORTHWEST,51000,1571,3.08,264,4,V,-121.98487111585425,37.14555127599845,State,True
1905,17,,4,SCL,,4.06,,B,BEAR CREEK ROAD,54000,1831,3.39,361,1,V,-121.99283840526314,37.19020478498947,State,True
1907,17,,4,SCL,,7.073,,A,"LOS GATOS, JCT. RTE. 9 WEST",82000,4576,5.58,338,22,V,-121.97496939610916,37.22658262135076,State,True
1909,17,,5,SCR,,0.0,,A,"SANTA CRUZ, JCT. RTE. 1",74000,2220,3.0,308,15,E,-122.02182682568264,36.98976852773132,State,True
1911,180,,6,FRE,R,71.334,,A,ACADEMY AVE,17900,2227,12.44,251,21,V,-119.55630569776363,36.73592360881367,State,True
1913,180,,6,FRE,,108.128,,B,JCT. RTE. 245 SOUTH,1550,140,9.0,7,19,V,-119.00005639803415,36.719722937153975,State,True
1915,180,,6,FRE,,112.09,,A,"NORTH BOUNDARY GENERAL GRANT GROVE, KINGS CANYON NATIONAL PARK",1050,76,7.27,5,16,E,-118.95938519420692,36.755969606749915,State,True
1917,180,,6,FRE,,116.85,,A,HUME LAKE ROAD,710,61,8.57,3,16,E,-118.93537348986878,36.80183490879684,State,True
1919,180,,6,FRE,,34.59,,A,JAMES ROAD,8100,1134,14.0,268,15,E,-120.20513259308362,36.73453641571482,State,True
1921,180,,6,FRE,,34.59,,B,JAMES ROAD,7300,684,9.37,130,11,E,-120.20513259308362,36.73453641571482,State,True
1923,180,,6,FRE,,40.11,,A,SHASTA AVE,8600,1051,12.22,171,21,E,-120.10540543909747,36.734716654851354,State,True
1925,180,,6,FRE,,42.639,,A,"KERMAN, JCT. RTE. 145",16000,1974,12.34,178,19,V,-120.06015751922193,36.734904590231146,State,True
1927,180,,6,FRE,,42.639,,B,"KERMAN, JCT. RTE. 145",16300,1467,9.0,160,21,E,-120.06015751922193,36.734904590231146,State,True
1929,180,,6,FRE,,87.706,,A,JCT. RTE. 63 SOUTH,4550,371,8.16,20,19,V,-119.28670719361908,36.73038418665099,State,True
1931,180,,6,FRE,,87.706,,B,JCT. RTE. 63 SOUTH,3650,247,6.76,14,19,V,-119.28670719361908,36.73038418665099,State,True
1933,180,,6,TUL,,110.829,,B,"NORTH BOUNDARY GENERAL GRANT GROVE, KINGS CANYON NATIONAL PARK",1050,76,7.27,5,16,E,-118.96390988702044,36.71632819818969,State,True
1935,182,,9,MNO,,0.0,,A,"BRIDGEPORT, JCT. RTE. 395",1000,197,19.7,20,16,V,-119.22310964255638,38.25513729223808,State,True
1937,182,,9,MNO,,12.651,,B,NEVADA STATE LINE,290,127,43.68,21,22,V,-119.16151924494369,38.417627045269036,State,True
1939,183,,5,MON,,0.0,,A,"SALINAS, JCT. RTE. 101",29000,2523,8.7,279,17,E,-121.65320086622505,36.68728994524903,State,True
1941,183,,5,MON,,1.821,,B,"SALINAS, WEST CITY LIMITS",17700,2301,13.0,385,17,E,-121.67308128055528,36.68418193801806,State,True
1943,183,,5,MON,,9.006,,B,"CASTROVILLE, JCT. RTE. 156",25500,4080,16.0,651,17,E,-121.75221621224804,36.761509717813425,State,True
1945,183,,5,MON,,9.98,,B,"NORTH, CASTROVILLE, JCT. RTE. 1",12900,2193,17.0,406,17,E,-121.76541400258586,36.77080590470398,State,True
1947,184,,6,KER,L,0.0,,A,JCT. RTE. 223,4450,677,15.22,124,21,V,-118.91451839986202,35.20871294094623,State,True
1949,184,,6,KER,R,12.031,,B,JCT. RTE. 178,3550,313,8.81,17,21,V,-118.88248230290732,35.398034225637026,State,True
1951,184,,6,KER,,7.937,,A,JCT. RTE. 58,21200,1030,4.86,113,6,E,-118.91410513440714,35.35230769434891,State,True
1953,184,,6,KER,,7.937,,B,JCT. RTE. 58,19300,2316,12.0,383,21,E,-118.91410513440714,35.35230769434891,State,True
1955,184,,6,KER,,9.6,,B,"BAKERSFIELD, NILES STREET",13300,983,7.39,78,21,V,-118.91420009890906,35.37626109880161,State,True
1957,185,,4,ALA,,10.37,,B,"OAKLAND, 44TH AVE/12TH STREET",26500,647,2.44,46,2,V,-122.21396496562186,37.771982787052025,State,True
1959,185,,4,ALA,,10.519,,B,"OAKLAND, HIGH/ 12TH STREETS",3300,291,8.83,18,0,V,-122.21615866322377,37.77304530668164,State,True
1961,185,,4,ALA,,5.728,,A,JCT. RTE. 112 WEST,19400,274,1.41,14,0,V,-122.15687055785276,37.725790440716374,State,True
1963,185,,4,ALA,,5.728,,B,JCT. RTE. 112 WEST,23200,376,1.62,24,3,V,-122.15687055785276,37.725790440716374,State,True
1965,186,,11,IMP,,0.0,,A,MEXICAN BOUNDARY,3850,266,6.9,38,94,E,-114.72848300498794,32.71813704289203,State,True
1967,186,,11,IMP,,2.07,,B,JCT. RTE. 8,9100,601,6.6,86,94,E,-114.7201043743155,32.74347612202754,State,True
1969,187,,7,LA,,8.802,,B,"LOS ANGELES, JCT. RTE. 10",37500,1451,3.87,91,6,V,-118.37546209559417,34.03654363721444,State,True
1971,187,,7,LA,,8.905,,B,"LOS ANGELES, CADILLAC AVENUE",46500,1483,3.19,89,6,V,-118.3739201787315,34.037409480097615,State,True
1973,188,,11,SD,,0.0,,A,MEXICO BOUNDARY,8300,855,10.3,160,96,E,-116.62747207683495,32.576298089070185,State,True
1975,188,,11,SD,,1.85,,B,JCT. RTE. 94,7700,793,10.3,149,96,E,-116.64322980342443,32.598032772932555,State,True
1977,189,,8,SBD,,0.0,,A,JCT. RTE. 18,3600,216,6.0,8,88,V,-117.2513056589429,34.22832133390134,State,True
1979,189,,8,SBD,,5.565,,B,JCT. RTE. 173,4650,186,4.0,9,86,V,-117.18959573599008,34.24856774510647,State,True
1981,18,,8,SBD,R,17.732,,A,JCT. RTE. 138 NORTH,9000,2052,22.8,129,84,E,-117.29024235878867,34.2280783926916,State,True
1983,18,,8,SBD,R,17.732,,B,JCT. RTE. 138 NORTH,16000,2096,13.1,162,84,V,-117.29024235878867,34.2280783926916,State,True
1985,18,,8,SBD,R,96.577,,A,"VICTORVILLE, NORTH JCT. RTE. 15",40000,3520,8.8,447,92,V,-117.32286470258599,34.507774676174144,State,True
1987,18,,8,SBD,T,6.179,,A,"SAN BERNARDINO, JCT. RTE. 210",28000,2968,10.6,361,84,E,-117.27861632914393,34.145161970716295,State,True
1989,18,,8,SBD,T,7.548,,A,"SAN BERNARDINO, 40TH STREET",17200,1445,8.4,118,84,E,-117.27865650360006,34.16498975811079,State,True
1991,18,,8,SBD,T,8.264,,A,"SAN BERNARDINO, SIERRA WAY",16000,1632,10.2,130,84,E,-117.27854779577258,34.17537722274485,State,True
1993,18,,8,SBD,,100.956,,A,JCT. RTE. 395,9100,672,7.38,122,3,E,-117.39955824959343,34.506684994302255,State,True
1995,18,,8,SBD,,100.956,,B,JCT. RTE. 395,19300,1505,7.8,256,93,V,-117.39955824959343,34.506684994302255,State,True
1997,18,,8,SBD,,20.612,,A,JCT. RTE. 189 NORTH,10500,1911,18.2,120,84,E,-117.25118981939038,34.228352660738004,State,True
1999,18,,8,SBD,,24.712,,A,JCT. RTE. 173 NORTH,5200,681,13.1,41,84,E,-117.19645031998577,34.2339216856827,State,True
2001,18,,8,SBD,,24.712,,B,JCT. RTE. 173 NORTH,12000,2076,17.3,127,84,E,-117.19645031998577,34.2339216856827,State,True
2003,18,,8,SBD,,25.81,,A,KUFFEL CANYON ROAD,5400,697,12.9,39,84,E,-117.17942786069767,34.23537701036579,State,True
2005,18,,8,SBD,,31.651,,A,WEST JCT. RTE. 330,5200,499,9.6,34,84,E,-117.10802036284305,34.20555465131467,State,True
2007,18,,8,SBD,,31.651,,B,WEST JCT. RTE. 330,5000,635,12.7,36,84,E,-117.10802036284305,34.20555465131467,State,True
2009,18,,8,SBD,,31.903,,A,JCT. RTE. 330 SOUTH,11400,821,7.2,68,89,V,-117.10425015605345,34.2048087847601,State,True
2011,18,,8,SBD,,34.52,,B,GREEN VALLEY LAKE ROAD,8350,944,11.3,61,84,E,-117.07164208109616,34.21926616418473,State,True
2013,18,,8,SBD,,44.319,,A,JCT. RTE. 38 NORTHEAST,5500,688,12.5,58,88,V,-116.97813762535505,34.24200138065239,State,True
2015,18,,8,SBD,,44.319,,B,JCT. RTE. 38 NORTHEAST,7000,770,11.0,62,88,E,-116.97813762535505,34.24200138065239,State,True
2017,18,,8,SBD,,53.917,,B,JCT. RTE. 38 EAST,16400,1804,11.0,168,88,E,-116.84559671095761,34.2611714657678,State,True
2019,18,,8,SBD,,54.537,,A,JCT. RTE. 38 WEST,5800,742,12.8,85,92,V,-116.84682115421572,34.27034912825559,State,True
2021,18,,8,SBD,,58.44,,A,BALDWIN LAKE ROAD,3500,441,12.6,50,88,V,-116.81031397500533,34.29097523089092,State,True
2023,18,,8,SBD,,58.44,,B,BALDWIN LAKE ROAD,2700,213,7.9,16,91,E,-116.81031397500533,34.29097523089092,State,True
2025,18,,8,SBD,,73.783,,A,"LUCERNE VALLEY, JCT. RTE. 247",9500,1786,18.8,402,91,E,-116.94999061913295,34.44387772415918,State,True
2027,18,,8,SBD,,73.783,,B,"LUCERNE VALLEY, JCT. RTE. 247",7300,1307,17.9,340,87,E,-116.94999061913295,34.44387772415918,State,True
2029,18,,8,SBD,,84.325,,A,BEAR VALLEY CUTOFF,5800,864,14.9,155,87,E,-117.12527379156711,34.47379159699487,State,True
2031,18,,8,SBD,,84.325,,B,BEAR VALLEY CUTOFF,12000,2340,19.5,529,90,E,-117.12527379156711,34.47379159699487,State,True
2033,18,,8,SBD,,9.15,,A,WATERMAN CANYON ROAD,16000,1632,10.2,126,84,E,-117.273892275016,34.18255738014414,State,True
2035,18,,8,SBD,,94.39,,A,APPLE VALLEY ROAD,49000,5831,11.9,544,93,V,-117.27247985658973,34.54013329974386,State,True
2037,18,,8,SBD,,94.39,,B,APPLE VALLEY ROAD,35000,4095,11.7,451,93,V,-117.27247985658973,34.54013329974386,State,True
2039,18,,8,SBD,,96.571,,B,"VICTORVILLE, NORTH JCT. RTE. 15",30000,2250,7.5,254,92,V,-117.30067322396532,34.54530893111816,State,True
2041,190,,6,TUL,R,15.241,,A,"PORTERVILLE, JCT. RTE. 65",27500,2090,7.6,331,20,V,-119.03899191120543,36.05157032510359,State,True
2043,190,,6,TUL,R,15.241,,B,"PORTERVILLE, JCT. RTE. 65",10800,1174,10.87,167,20,V,-119.03899191120543,36.05157032510359,State,True
2045,190,,6,TUL,R,32.704,,A,BALCH PARK DRIVE,850,75,8.87,4,20,V,-118.80763100201992,36.139037239736375,State,True
2047,190,,6,TUL,R,32.704,,B,BALCH PARK DRIVE,2750,207,7.54,12,20,V,-118.80763100201992,36.139037239736375,State,True
2049,190,,6,TUL,,0.0,,A,"TIPTON, JCT. RTE. 99",5100,1222,23.96,234,21,V,-119.31100789137403,36.05128238633568,State,True
2051,190,,6,TUL,,18.453,,A,HOSPITAL ROAD,9500,1259,13.25,103,20,V,-118.98158909383298,36.051145789032525,State,True
2053,190,,6,TUL,,18.453,,B,HOSPITAL ROAD,10800,864,8.0,106,14,E,-118.98158909383298,36.051145789032525,State,True
2055,190,,6,TUL,,22.55,,A,GOVERNMENT ROAD TO SUCCESS DAM,6500,815,12.54,69,20,V,-118.91516879180581,36.05639609973577,State,True
2057,190,,6,TUL,,47.98,,A,CAMP NELSON ROAD,380,43,11.22,3,20,V,-118.6166454517942,36.13955849392253,State,True
2059,190,,6,TUL,,47.98,,B,CAMP NELSON ROAD,770,91,11.83,5,20,E,-118.6166454517942,36.13955849392253,State,True
2061,190,,6,TUL,,56.567,,B,QUAKING ASPEN CAMP,290,32,10.97,2,20,E,-118.5447643109178,36.12336536293662,State,True
2063,190,,6,TUL,,9.474,,A,"POPLAR, COUNTY ROAD 192",6200,930,15.0,156,20,V,-119.14310737757532,36.05124988895539,State,True
2065,190,,6,TUL,,9.474,,B,"POPLAR, COUNTY ROAD 192",4450,732,16.46,144,20,V,-119.14310737757532,36.05124988895539,State,True
2067,190,,9,INY,,110.72,,A,FURNACE CREEK RANCH,1200,47,3.9,3,7,E,-116.86519192006658,36.45710530104513,State,True
2069,190,,9,INY,,140.692,,B,"DEATH VALLEY JUNCTION, JCT. RTE. 127",1100,101,9.2,8,22,V,-116.41520925177515,36.30463320771771,State,True
2071,190,,9,INY,,24.55,,A,JCT. RTE. 136 NORTHWEST,430,44,10.21,10,7,V,-117.82439233177428,36.43004113824492,State,True
2073,190,,9,INY,,24.55,,B,JCT. RTE. 136 NORTHWEST,430,7,1.67,0,7,E,-117.82439233177428,36.43004113824492,State,True
2075,190,,9,INY,,9.85,,A,"OLANCHA, JCT. RTE. 395",360,52,14.55,13,7,V,-118.00613319813854,36.2821971292767,State,True
2077,191,,3,BUT,,11.386,,B,"PARADISE, PEARSON ROAD",4350,194,4.46,26,6,E,-121.60776609407544,39.75224789890109,State,True
2079,192,,5,SB,R,0.019,,A,JCT. RTE. 154,11500,690,6.0,41,17,E,-119.76238321874874,34.45129889820703,State,True
2081,192,,5,SB,,1.64,,A,"SANTA BARBARA, ONTARE ROAD",10400,624,6.0,53,17,E,-119.73790263156152,34.45048455965892,State,True
2083,192,,5,SB,,1.64,,B,"SANTA BARBARA, ONTARE ROAD",10200,612,6.0,32,17,E,-119.73790263156152,34.45048455965892,State,True
2085,192,,5,SB,,5.99,,B,"SANTA BARBARA, JCT. RTE. 144 SOUTH",2000,120,6.0,10,17,E,-119.67447340142688,34.44307581328923,State,True
2087,192,,5,SB,,8.28,,A,HOT SPRINGS ROAD,6700,330,4.93,18,22,E,-119.64152011199066,34.43595419187576,State,True
2089,192,,5,SB,,8.28,,B,HOT SPRINGS ROAD,3600,331,9.19,30,17,E,-119.64152011199066,34.43595419187576,State,True
2091,192,,5,SB,,8.82,,A,SAN YSIDRO ROAD,5300,318,6.0,16,17,E,-119.63208113510967,34.43697783436384,State,True
2093,193,,3,ED,,0.0,,A,"COOL, JCT. RTE. 49",6300,378,6.0,36,89,V,-121.01593292873746,38.8870029361926,State,True
2095,193,,3,ED,,12.699,,A,"GEORGETOWN, LOWER MAIN STREET",2800,122,4.37,7,12,V,-120.83996691092321,38.90541619568117,State,True
2097,193,,3,ED,,12.699,,B,"GEORGETOWN, LOWER MAIN STREET",3500,210,6.0,14,89,E,-120.83996691092321,38.90541619568117,State,True
2099,193,,3,ED,,26.95,,B,JCT. RTE. 49,1750,93,5.3,12,89,E,-120.81128936418587,38.73761179675109,State,True
2101,193,,3,PLA,,10.194,,B,"NEWCASTLE, JCT. RTE. 80",6700,657,9.8,59,97,E,-121.12595275377188,38.87822910631157,State,True
2103,193,,3,PLA,,3.0,,A,SIERRA COLLEGE BOULEVARD,9500,891,9.38,223,6,E,-121.23800451587674,38.88654313970986,State,True
2105,193,,3,PLA,,3.0,,B,SIERRA COLLEGE BOULEVARD,5900,553,9.38,138,6,E,-121.23800451587674,38.88654313970986,State,True
2107,193,,3,PLA,,9.77,,A,TAYLOR ROAD,6700,596,8.9,61,97,E,-121.13171535109811,38.87751515229616,State,True
2109,193,,3,PLA,,9.77,,B,TAYLOR ROAD,4250,251,5.9,33,97,E,-121.13171535109811,38.87751515229616,State,True
2111,197,,1,DN,R,0.0,,A,JCT. RTE. 199,2250,265,11.79,27,22,V,-124.08125301121683,41.805652104310305,State,True
2113,197,,1,DN,R,1.285,,B,SIMPSON PARK DR.,2600,279,10.73,38,19,V,-124.09254921721849,41.81716315225943,State,True
2115,197,,1,DN,,7.08,,B,JCT. RTE. 101,3000,246,8.2,36,19,V,-124.1367259554065,41.881614231771614,State,True
2117,198,,5,MON,,13.995,,A,JCT. RTE. 25 NORTH,680,175,25.74,34,23,E,-120.82119697957418,36.18723525369358,State,True
2119,198,,5,MON,,13.995,,B,JCT. RTE. 25 NORTH,700,180,25.71,28,23,E,-120.82119697957418,36.18723525369358,State,True
2121,198,,6,FRE,,12.33,,A,PARKFIELD JUNCTION,800,147,18.33,26,17,V,-120.48067114955222,36.08199128429822,State,True
2123,198,,6,FRE,,12.33,,B,PARKFIELD JUNCTION,750,176,23.45,39,20,E,-120.48067114955222,36.08199128429822,State,True
2125,198,,6,FRE,,21.19,,B,FIRESTONE AVENUE,830,162,19.52,24,17,V,-120.37437048364302,36.12195308382199,State,True
2127,198,,6,FRE,,22.65,,B,JCT. RTE. 33,6100,1342,22.0,236,11,E,-120.36029572199226,36.13972694069218,State,True
2129,198,,6,FRE,,22.66,,A,JCT. RTE. 33,1800,379,21.08,63,20,V,-120.31532372594442,36.24626195468128,State,True
2131,198,,6,FRE,,26.814,,A,JCT. RTE. 5,4350,1225,28.17,294,20,V,-120.24397520428484,36.254382184677794,State,True
2133,198,,6,FRE,,26.814,,B,JCT. RTE. 5,1800,271,15.05,38,17,V,-120.24397520428484,36.254382184677794,State,True
2135,198,,6,FRE,,34.66,,A,JCT. RTE. 269,5000,981,19.61,220,20,E,-120.10358986934808,36.25538345820413,State,True
2137,198,,6,KIN,R,15.745,,A,HANFORD/ARMONA ROAD,40500,5123,12.65,533,21,V,-119.69296159594995,36.3139556101839,State,True
2139,198,,6,KIN,R,15.745,,B,HANFORD/ARMONA ROAD,42000,5137,12.23,517,21,V,-119.69296159594995,36.3139556101839,State,True
2141,198,,6,KIN,R,17.912,,A,"HANFORD, 11TH AVENUE",32000,2880,9.0,488,20,E,-119.65539933196364,36.32126215277233,State,True
2143,198,,6,KIN,R,17.912,,B,"HANFORD, 11TH AVENUE",40500,3645,9.0,505,20,E,-119.65539933196364,36.32126215277233,State,True
2145,198,,6,KIN,R,20.975,,A,JCT. RTE. 43,34000,2975,8.75,529,21,V,-119.60094016262323,36.32516246735067,State,True
2147,198,,6,KIN,R,20.975,,B,JCT. RTE. 43,33000,2970,9.0,503,20,E,-119.60094016262323,36.32516246735067,State,True
2149,198,,6,KIN,R,8.897,,A,JCT. RTE. 41,25000,2688,10.75,503,21,V,-119.80807012823561,36.282156738023325,State,True
2151,198,,6,KIN,,4.992,,A,AVENAL CUTOFF ROAD,20400,2142,10.5,407,20,E,-119.8695776356021,36.25557797087037,State,True
2153,198,,6,KIN,,4.992,,B,AVENAL CUTOFF ROAD,14800,1504,10.16,264,21,V,-119.8695776356021,36.25557797087037,State,True
2155,198,,6,KIN,,8.897,,B,JCT. RTE. 41,21000,2205,10.5,419,20,E,-119.80807012823561,36.282156738023325,State,True
2157,198,,6,TUL,R,11.719,,A,LOVERS LANE,37000,3308,8.94,301,21,V,-119.26101289265152,36.32752281866189,State,True
2159,198,,6,TUL,R,11.719,,B,LOVERS LANE,49500,4455,9.0,522,20,E,-119.26101289265152,36.32752281866189,State,True
2161,198,,6,TUL,R,14.653,,A,COUNTY ROAD 164,27000,2430,9.0,285,20,E,-119.20847927200407,36.32667945995762,State,True
2163,198,,6,TUL,R,14.653,,B,COUNTY ROAD 164,32500,2766,8.51,286,21,V,-119.20847927200407,36.32667945995762,State,True
2165,198,,6,TUL,R,18.761,,A,JCT. RTE. 65 SOUTH,16200,1583,9.77,172,20,V,-119.13489645338328,36.326137500839245,State,True
2167,198,,6,TUL,R,18.761,,B,JCT. RTE. 65 SOUTH,22900,2482,10.84,250,21,V,-119.13489645338328,36.326137500839245,State,True
2169,198,,6,TUL,R,19.762,,A,JCT. RTE. 245 NORTH,7600,684,9.0,80,20,E,-119.11694855867266,36.32574523113274,State,True
2171,198,,6,TUL,R,3.835,R,A,JCT. RTE. 99,61000,5893,9.66,990,21,V,-119.40691208859879,36.32619845522564,State,True
2172,198,,6,TUL,R,3.835,R,B,JCT. RTE. 99,15700,1481,9.43,244,21,E,-119.40691208859879,36.32619845522564,State,True
2173,198,,6,TUL,R,4.796,,A,ALTA AVENUE; COUNTY ROAD 80,66000,5181,7.85,635,21,V,-119.39001601418633,36.327198973316555,State,True
2175,198,,6,TUL,R,8.753,,A,"VISALIA, JCT. RTE. 63 SOUTH",72000,3960,5.5,553,20,E,-119.31410359184427,36.32689008970362,State,True
2177,198,,6,TUL,R,8.753,,B,"VISALIA, JCT. RTE. 63 SOUTH",76000,4180,5.5,519,20,E,-119.31410359184427,36.32689008970362,State,True
2179,198,,6,TUL,R,9.967,,A,"VISALIA, JCT. RTE. 63 NORTH",60000,5400,9.0,633,20,E,-119.29227390341612,36.32684113672481,State,True
2181,198,,6,TUL,,27.96,,A,JCT. RTE. 216 WEST,4700,329,7.0,17,20,V,-119.0218137909466,36.395243694348125,State,True
2183,198,,6,TUL,,27.96,,B,JCT. RTE. 216 WEST,4800,342,7.13,21,20,V,-119.0218137909466,36.395243694348125,State,True
2185,198,,6,TUL,,38.49,,A,"THREE RIVERS, NORTH FORK DRIVE",3750,79,2.1,4,20,E,-118.9054493698763,36.43776437776387,State,True
2187,198,,6,TUL,,38.49,,B,"THREE RIVERS, NORTH FORK DRIVE",3950,98,2.47,5,20,E,-118.9054493698763,36.43776437776387,State,True
2189,198,,6,TUL,,42.35,,A,"THREE RIVERS, MINERAL KING ROAD",2100,54,2.55,2,20,E,-118.85923020768523,36.466771046265634,State,True
2191,198,,6,TUL,,44.163,,B,SEQUOIA NATIONAL PARK BOUNDARY,2100,32,1.5,2,20,E,-118.83823784073,36.481652135998694,State,True
2193,198,,6,TUL,,7.76,,B,DEMAREE ROAD,69000,4457,6.46,545,21,V,-119.33183854361178,36.327040870330286,State,True
2195,199,,1,DN,T,0.506,R,A,JCT. RTE. 101,2700,422,15.63,65,16,E,-124.14790278878164,41.80270994223492,US,True
2196,199,,1,DN,,36.408,,B,OREGON STATE LINE,4700,798,16.98,108,18,V,-123.72144470258574,41.996884470738074,US,True
2198,199,,1,DN,,4.37,,A,JCT. RTE. 197 NORTH,5000,628,12.56,58,23,V,-124.08128698190762,41.80568736480381,US,True
2200,1,,12,ORA,R,0.129,,A,"DANA POINT, JCT. RTE. 5",38250,2379,6.22,223,18,E,-117.66993354043888,33.46709980413509,State,True
2202,1,,12,ORA,R,0.78,,A,"DANA POINT, DOHENY PARK ROAD",38900,1894,4.87,177,3,E,-117.67887995757484,33.464177530192096,State,True
2204,1,,12,ORA,,19.797,,A,"NEWPORT BEACH, JCT. RTE. 55, NEWPORT BOULEVARD",49600,397,0.8,34,19,E,-117.92906148734595,33.62127920615473,State,True
2206,1,,12,ORA,,19.797,,B,"NEWPORT BEACH, JCT. RTE. 55, NEWPORT BOULEVARD",49600,565,1.14,35,19,E,-117.92906148734595,33.62127920615473,State,True
2208,1,,12,ORA,,21.549,,B,SANTA ANA RIVER BRIDGE,38800,272,0.7,24,19,E,-117.95642661521612,33.630598055305796,State,True
2210,1,,12,ORA,,23.739,,B,"HUNTINGTON BEACH, JCT. RTE. 39 NORTH, BEACH BOULEVARD",38300,306,0.8,26,19,E,-117.98824590826855,33.648673114748576,State,True
2212,1,,12,ORA,,9.418,,A,"LAGUNA BEACH, JCT. RTE. 133 NORTH",38800,675,1.74,60,19,E,-117.78533058913594,33.54274318065363,State,True
2214,1,,12,ORA,,9.418,,B,"LAGUNA BEACH, JCT. RTE. 133 NORTH",38800,675,1.74,60,19,E,-117.78533058913594,33.54274318065363,State,True
2216,1,,1,MEN,R,55.78,,B,NORTH LIMITS CASPAR,8480,734,8.66,46,23,V,-123.81525749426832,39.37230779573206,State,True
2218,1,,1,MEN,,105.578,,B,"LEGGETT, JCT. RTE. 101",630,55,8.75,7,19,V,-123.71360646694723,39.868169995069415,State,True
2220,1,,1,MEN,,2.5,,O,SONOMA/MENDOCINO COUNTY LINE,1840,285,15.49,32,21,V,-123.55225741771959,38.78392684373287,State,True
2222,1,,1,MEN,,40.273,,A,JCT. RTE. 128 EAST,2830,279,9.86,31,19,V,-123.74661341095869,39.19753858620234,State,True
2224,1,,1,MEN,,40.273,,B,JCT. RTE. 128 EAST,3000,205,6.83,18,19,V,-123.74661341095869,39.19753858620234,State,True
2226,1,,1,MEN,,5.09,,A,FISH ROCK ROAD,3100,172,5.55,10,19,V,-123.5854289259046,38.8035542359336,State,True
2228,1,,1,MEN,,5.09,,B,FISH ROCK ROAD,3100,170,5.48,10,18,V,-123.5854289259046,38.8035542359336,State,True
2230,1,,1,MEN,,59.803,,A,JCT. RTE. 20 EAST,4850,174,3.59,17,19,V,-123.80792221727253,39.420129240945315,State,True
2232,1,,1,MEN,,59.803,,B,JCT. RTE. 20 EAST,11000,679,6.17,60,19,V,-123.80792221727253,39.420129240945315,State,True
2234,1,,1,MEN,,90.874,,B,JCT. RTE. 211 NORTH,570,86,15.17,17,16,E,-123.8315373082262,39.78035930534062,State,True
2236,1,,4,MRN,,0.65,,B,"TAMALPAIS JUNCTION, ALMONTE BOULEVARD",31500,469,1.49,53,4,V,-122.5249492609443,37.882157255731286,State,True
2238,1,,4,MRN,,0.0,,A,JCT. RTE. 101,31500,718,2.28,49,4,V,-122.51631238618725,37.880229929996354,State,True
2240,1,,4,MRN,,17.2,,B,BOLINAS ROAD,2700,41,1.52,3,4,V,-122.70015173681817,37.93571184034926,State,True
2242,1,,4,MRN,,26.509,,A,"SIR FRANCIS DRAKE BOULEVARD, SOUTH",3600,157,4.37,11,1,V,-122.7877731221703,38.04050219226558,State,True
2244,1,,4,MRN,,3.35,,A,SOUTH JCT. PANORAMIC HIGHWAY,3700,30,0.82,1,4,V,-122.55376971976186,37.884094205328005,State,True
2246,1,,4,MRN,,45.36,,A,TOMALES/PETALUMA ROADS,1450,30,2.1,4,1,E,-122.90516290635703,38.24194493088871,State,True
2248,1,,4,SF,,1.897,,A,"SAN FRANCISCO, JCT. RTE. 35",67000,1072,1.6,122,4,V,-122.47508176729659,37.73464070873768,State,True
2250,1,,4,SF,,4.05,,B,"SAN FRANCISCO, LINCOLN WAY",67000,1045,1.56,109,4,V,-122.4772807020766,37.76544654891765,State,True
2252,1,,4,SF,,7.077,,B,JCT. RTE. 101,61000,1342,2.2,97,1,E,-122.4694554515855,37.80327941916594,State,True
2254,1,,4,SM,R,43.464,,B,"PACIFICA, SHARP PARK ROAD INTERCHANGE",48000,965,2.01,97,4,V,-122.48764634058051,37.62604709093029,State,True
2256,1,,4,SM,R,46.722,,A,"DALY CITY, JCT. RTE. 35",70000,1183,1.69,170,7,V,-122.48503052821984,37.66830258691693,State,True
2258,1,,4,SM,R,46.722,,B,"DALY CITY, JCT. RTE. 35",49500,980,1.98,90,4,V,-122.48503052821984,37.66830258691693,State,True
2260,1,,4,SM,R,47.802,,B,SOUTH JCT. RTE. 280,76000,471,0.62,35,4,V,-122.47133808326579,37.67796229431955,State,True
2262,1,,4,SM,R,48.359,,A,NORTH JCT. RTE. 280,91000,1247,1.37,112,8,V,-122.47143793999275,37.70500669925596,State,True
2264,1,,4,SM,,18.189,,A,JCT. RTE. 84 EAST,6800,524,7.7,82,4,V,-122.39987749228291,37.32455436027993,State,True
2266,1,,4,SM,,18.189,,B,JCT. RTE. 84 EAST,6100,309,5.06,56,4,V,-122.39987749228291,37.32455436027993,State,True
2268,1,,4,SM,,26.432,,B,MIRAMONTES POINT ROAD,8200,411,5.01,55,4,V,-122.42670302012822,37.4313697468471,State,True
2270,1,,4,SM,,29.036,,A,"HALF MOON BAY, JCT. RTE. 92 EAST",25000,795,3.18,91,4,V,-122.43342818563754,37.468011633217145,State,True
2272,1,,4,SM,,29.036,,B,"HALF MOON BAY, JCT. RTE. 92 EAST",27500,726,2.64,92,4,V,-122.43342818563754,37.468011633217145,State,True
2274,1,,4,SM,,35.334,,B,VALLEMAR/ETHELDORE STREETS,15300,1163,7.6,108,4,V,-122.5146336801613,37.528734328833345,State,True
2276,1,,4,SM,,40.959,,A,"PACIFICA, LINDA MAR BOULEVARD",33500,905,2.7,87,7,V,-122.50382727158515,37.59594350868015,State,True
2278,1,,4,SON,R,33.038,,A,"FORT ROSS, FORT ROSS ROAD",1950,121,6.2,17,1,E,-123.2464360547453,38.51849283829022,State,True
2280,1,,4,SON,,0.19,,B,VALLEY FORD ROAD,1150,39,3.43,1,1,V,-122.89653694074077,38.31644399190111,State,True
2282,1,,4,SON,,20.1,,A,JCT. RTE. 116 EAST,3050,177,5.8,17,1,E,-123.10447472715221,38.43706622730103,State,True
2284,1,,4,SON,,20.1,,B,JCT. RTE. 116 EAST,2400,66,2.76,6,1,V,-123.10447472715221,38.43706622730103,State,True
2286,1,,4,SON,,48.112,,A,STEWARTS POINT/SKAGGS SPRINGS ROAD,1750,174,9.93,17,1,V,-123.39945745628614,38.65191821378598,State,True
2288,1,,4,SON,,48.112,,B,STEWARTS POINT/SKAGGS SPRINGS ROAD,1750,179,10.25,18,1,V,-123.39945745628614,38.65191821378598,State,True
2290,1,,4,SON,,5.38,,A,BODEGA HIGHWAY,8200,512,6.24,27,1,V,-122.97743547374544,38.33714742531666,State,True
2292,1,,5,MON,R,78.119,,A,"MONTEREY, JCT. RTE. 68 EAST",57000,2850,5.0,283,17,E,-121.86839055070256,36.59506014908006,State,True
2294,1,,5,MON,R,78.119,,B,"MONTEREY, JCT. RTE. 68 EAST",89000,4450,5.0,334,17,E,-121.86839055070256,36.59506014908006,State,True
2296,1,,5,MON,R,79.357,,A,"SEASIDE, JCT. RTE. 218",69000,3450,5.0,385,17,E,-121.85784445592944,36.61008985468078,State,True
2298,1,,5,MON,R,79.357,,B,"SEASIDE, JCT. RTE. 218",70000,3500,5.0,366,17,E,-121.85784445592944,36.61008985468078,State,True
2300,1,,5,MON,R,80.679,,A,ORD VILLAGE INTERCHANGE,83000,4150,5.0,507,17,E,-121.84203088377369,36.62400218175524,State,True
2302,1,,5,MON,R,89.185,,O,"SALINAS RIVER BRIDGE, CASTROVILLE, SOUTH",37500,2625,7.0,453,17,E,-121.78324815441185,36.73131881614393,State,True
2304,1,,5,MON,R,90.979,,A,"CASTROVILLE, JCT. RTE. 156 WEST",17500,1575,9.0,249,17,E,-121.76564339458018,36.753039748899624,State,True
2306,1,,5,MON,R,90.979,,B,"CASTROVILLE, JCT. RTE. 156 WEST",49000,3920,8.0,694,17,E,-121.76564339458018,36.753039748899624,State,True
2308,1,,5,MON,T,101.04,,A,SALINAS/PAJARO ROADS,41000,4510,11.0,694,17,E,-121.77001248122022,36.86989276206251,State,True
2310,1,,5,MON,T,101.04,,B,SALINAS/PAJARO ROADS,29500,3245,11.0,501,17,E,-121.77001248122022,36.86989276206251,State,True
2312,1,,5,MON,T,92.213,,A,"CASTROVILLE, JCT. RTE. 183",27500,2750,10.0,414,17,E,-121.76543327324534,36.77082735404064,State,True
2314,1,,5,MON,,18.91,,O,KIRK CREEK,1300,26,2.0,2,17,E,-121.49423720430116,35.98885148365681,State,True
2316,1,,5,MON,,46.595,,O,BIG SUR RIVER BRIDGE,3500,105,3.0,6,17,E,-121.786183334924,36.25002534532693,State,True
2318,1,,5,MON,,62.972,,O,"BIG SUR, GARRAPATA CREEK BRIDGE",5400,108,2.0,8,17,E,-121.91394928856472,36.41684636777558,State,True
2320,1,,5,MON,,72.921,,A,"CARMEL VALLEY ROAD, CARMEL, SOUTH",36000,1800,5.0,116,17,E,-121.908428500645,36.5434655943369,State,True
2322,1,,5,MON,,72.921,,B,"CARMEL VALLEY ROAD, CARMEL, SOUTH",16500,376,2.28,34,23,E,-121.908428500645,36.5434655943369,State,True
2324,1,,5,MON,,75.135,,A,"JCT. RTE. 68, CARMEL- PACIFIC GROVE",64000,2560,4.0,203,17,E,-121.91225650144669,36.57464546428917,State,True
2326,1,,5,MON,,75.135,,B,"JCT. RTE. 68, CARMEL- PACIFIC GROVE",48000,2400,5.0,170,17,E,-121.91225650144669,36.57464546428917,State,True
2328,1,,5,SB,M,29.891,,A,VANDENBERG AIR FORCE BASE,17200,1892,11.0,239,18,E,-120.520528980992,34.75087876573776,State,True
2330,1,,5,SB,M,29.891,,B,VANDENBERG AIR FORCE BASE,17400,1914,11.0,236,18,E,-120.520528980992,34.75087876573776,State,True
2332,1,,5,SB,M,36.189,,B,"JCT. RTE. 135, VANDENBURG, NORTH",17100,1881,11.0,271,18,E,-120.44291692726779,34.8010579601604,State,True
2334,1,,5,SB,R,23.296,,A,LOMPOC/CASMALIA ROAD,19500,1365,7.0,119,18,E,-120.45590664712452,34.67835304392166,State,True
2336,1,,5,SB,R,34.777,,A,"ORCUTT, JCT. RTE. 135 NORTH",3500,1182,33.77,123,22,E,-120.45246679128913,34.85403930325986,State,True
2338,1,,5,SB,R,34.777,,B,"ORCUTT, JCT. RTE. 135 NORTH",20600,2266,11.0,328,18,E,-120.45246679128913,34.85403930325986,State,True
2340,1,,5,SB,,19.251,,A,"LOMPOC, SOUTH JCT. RTE. 246",13300,3059,23.0,437,18,E,-120.43595779374607,34.64124771134089,State,True
2342,1,,5,SB,,19.251,,B,"LOMPOC, SOUTH JCT. RTE. 246",8000,866,10.82,98,22,E,-120.43595779374607,34.64124771134089,State,True
2344,1,,5,SB,,20.565,,A,"LOMPOC, NORTH JCT. RTE. 246",11700,1287,11.0,141,18,E,-120.45788567342468,34.63899526805691,State,True
2346,1,,5,SB,,20.565,,B,"LOMPOC, NORTH JCT. RTE. 246",12400,1612,13.0,172,18,E,-120.45788567342468,34.63899526805691,State,True
2348,1,,5,SB,,22.519,,B,"LOMPOC, SANTA YNEZ RIVER BRIDGE",25000,3000,12.0,419,18,E,-120.45758628290679,34.66730309992338,State,True
2350,1,,5,SB,,41.81,,A,CASMALIA ROAD,3200,352,11.01,37,18,V,-120.49739932344819,34.881360130779655,State,True
2352,1,,5,SB,,49.199,,A,"GUADALUPE, JCT. RTE. 166 EAST",6700,804,12.0,76,18,E,-120.57402752610356,34.95751932136521,State,True
2354,1,,5,SB,,49.199,,B,"GUADALUPE, JCT. RTE. 166 EAST",3450,518,15.0,83,18,E,-120.57402752610356,34.95751932136521,State,True
2356,1,,5,SCR,R,0.716,,A,JCT. RTE. 129,46500,3720,8.0,474,17,E,-121.77409700044286,36.894363853669816,State,True
2358,1,,5,SCR,R,0.716,,B,JCT. RTE. 129,41000,4100,10.0,654,17,E,-121.77409700044286,36.894363853669816,State,True
2360,1,,5,SCR,R,2.683,,A,JCT. RTE. 152,58000,2900,5.0,298,17,E,-121.79015258592264,36.919664894658005,State,True
2362,1,,5,SCR,R,2.683,,B,JCT. RTE. 152,37500,3375,9.0,422,17,E,-121.79015258592264,36.919664894658005,State,True
2364,1,,5,SCR,,14.864,,A,SOQUEL AVENUE,90000,5400,6.0,536,17,E,-121.9862327219748,36.98715391575355,State,True
2366,1,,5,SCR,,16.821,,A,"SANTA CRUZ, JCT. RTE. 17 NORTH",54000,2700,5.0,329,17,E,-122.02141012057851,36.98965870501462,State,True
2368,1,,5,SCR,,16.821,,B,"SANTA CRUZ, JCT. RTE. 17 NORTH",83000,4150,5.0,444,17,E,-122.02141012057851,36.98965870501462,State,True
2370,1,,5,SCR,,20.611,,A,"SANTA CRUZ, NORTH CITY LIMITS",13000,1170,9.0,163,17,E,-122.06547008766108,36.96159333675047,State,True
2372,1,,5,SCR,,30.44,,B,LANDING/SWANTON ROADS,7600,456,6.0,79,17,E,-122.21621354669436,37.02845426988736,State,True
2374,1,,5,SLO,,10.9,,A,HALCYON ROAD,9500,1127,11.86,114,18,V,-120.59112690184125,35.098208158224594,State,True
2376,1,,5,SLO,,10.9,,B,HALCYON ROAD,12300,984,8.0,121,21,E,-120.59112690184125,35.098208158224594,State,True
2378,1,,5,SLO,,16.73,,B,SOUTH JCT. RTE. 101,6800,227,3.34,15,21,E,-120.6546205079441,35.15110585472872,State,True
2380,1,,5,SLO,,16.77,,A,"SAN LUIS OBISPO, NORTH JCT. RTE. 101",26500,2120,8.0,176,21,E,-120.66352673894585,35.2867146712285,State,True
2382,1,,5,SLO,,17.874,,A,HIGHLAND DRIVE,23900,1912,8.0,186,21,E,-120.67462923044297,35.299259674347155,State,True
2384,1,,5,SLO,,17.874,,B,HIGHLAND DRIVE,25500,1785,7.0,144,21,E,-120.67462923044297,35.299259674347155,State,True
2386,1,,5,SLO,,27.883,,A,BAYWOOD PARK ROAD,24500,1960,8.0,182,21,E,-120.82312043159926,35.36425513988662,State,True
2388,1,,5,SLO,,27.883,,B,BAYWOOD PARK ROAD,18000,1440,8.0,134,21,E,-120.82312043159926,35.36425513988662,State,True
2390,1,,5,SLO,,30.135,,A,JCT. RTE. 41 NORTHEAST,18000,2520,14.0,181,21,E,-120.8554516889052,35.379983360202914,State,True
2392,1,,5,SLO,,30.135,,B,JCT. RTE. 41 NORTHEAST,22500,1800,8.0,195,21,E,-120.8554516889052,35.379983360202914,State,True
2394,1,,5,SLO,,45.99,,A,JCT. RTE. 46,11000,1540,14.0,110,21,E,-121.04479349463749,35.527163677201415,State,True
2396,1,,5,SLO,,45.99,,B,JCT. RTE. 46,7400,592,8.0,50,21,E,-121.04479349463749,35.527163677201415,State,True
2398,1,,5,SLO,,56.39,,B,HEARST CASTLE STATE PARK,3400,180,5.3,10,21,E,-121.16373291221521,35.63403066732646,State,True
2400,1,,7,LA,R,34.576,,B,"SANTA MONICA, JCT. RTE. 10, SANTA MONICA FREEWAY",40000,1224,3.06,92,5,V,-118.4858926815805,34.01482105970118,State,True
2402,1,,7,LA,,0.0,,A,LOS ANGELES/ORANGE COUNTY LINE,40500,543,1.34,31,7,V,-118.10592541979568,33.75101481712639,State,True
2404,1,,7,LA,,1.973,,A,"LONG BEACH, JCT. RTE. 22, SEVENTH STREET",31500,986,3.13,122,5,V,-118.12264803491668,33.775351617938576,State,True
2406,1,,7,LA,,1.973,,B,"LONG BEACH, JCT. RTE. 22, SEVENTH STREET",24200,649,2.68,50,5,V,-118.12264803491668,33.775351617938576,State,True
2408,1,,7,LA,,11.61,,A,"LOS ANGELES, JCT. RTE. 110, HARBOR FREEWAY",53000,2862,5.4,300,5,V,-118.28201380971117,33.790631251934904,State,True
2410,1,,7,LA,,11.61,,B,"LOS ANGELES, JCT. RTE. 110, HARBOR FREEWAY",38500,1890,4.91,243,5,V,-118.28201380971117,33.790631251934904,State,True
2412,1,,7,LA,,13.1,,A,"LOS ANGELES, JCT. RTE. 213, WESTERN AVENUE",57000,2702,4.74,289,5,V,-118.30757754863704,33.789535693329846,State,True
2414,1,,7,LA,,16.005,,A,"TORRANCE, JCT. RTE. 107, HAWTHORNE BOULEVARD",39500,1315,3.33,82,5,V,-118.35110817984517,33.8051032552836,State,True
2416,1,,7,LA,,16.005,,B,"TORRANCE, JCT. RTE. 107, HAWTHORNE BOULEVARD",36000,1318,3.66,88,5,V,-118.35110817984517,33.8051032552836,State,True
2418,1,,7,LA,,21.919,,A,"MANHATTAN BEACH, ARTESIA BOULEVARD",42500,1415,3.33,88,5,E,-118.39548393708947,33.87283812225389,State,True
2420,1,,7,LA,,21.919,,B,"MANHATTAN BEACH, ARTESIA BOULEVARD",44000,1465,3.33,91,5,E,-118.39548393708947,33.87283812225389,State,True
2422,1,,7,LA,,25.924,,B,"LOS ANGELES, JCT. RTE. 105, GLENN ANDERSON FREEWAY",58000,1786,3.08,180,5,V,-118.39602682674489,33.93110666691522,State,True
2424,1,,7,LA,,27.363,,A,"LOS ANGELES, LOS ANGELES INTERNATIONAL AIRPORT, VIA LINCOLN BOULEVARD",34500,745,2.16,45,5,E,-118.39627321666104,33.9517919877949,State,True
2426,1,,7,LA,,29.084,,A,"LOS ANGELES, MANCHESTER AVENUE",53000,1145,2.16,69,5,E,-118.41921287872563,33.95979849166782,State,True
2428,1,,7,LA,,31.29,,A,"LOS ANGELES, JCT. RTE. 90, MARINA FREEWAY",61000,1531,2.51,110,5,V,-118.4426785304402,33.984729861744576,State,True
2430,1,,7,LA,,31.29,,B,"LOS ANGELES, JCT. RTE. 90, MARINA FREEWAY",48500,1048,2.16,64,5,V,-118.4426785304402,33.984729861744576,State,True
2432,1,,7,LA,,35.17,,O,"SANTA MONICA, MCCLURE TUNNEL",62000,3367,5.43,304,5,V,-118.49460693362285,34.01143930236037,State,True
2434,1,,7,LA,,40.769,,A,"JCT. RTE. 27, TOPANGA CANYON BOULEVARD",46000,1398,3.04,83,5,V,-118.57930956595443,34.04014959934658,State,True
2436,1,,7,LA,,40.769,,B,"JCT. RTE. 27, TOPANGA CANYON BOULEVARD",49500,1332,2.69,88,5,V,-118.57930956595443,34.04014959934658,State,True
2438,1,,7,LA,,59.901,,A,"MALIBU, JCT. RTE. 23, DECKER CANYON ROAD",10900,592,5.43,43,5,E,-118.89441504523782,34.04152700921045,State,True
2440,1,,7,LA,,59.901,,B,"MALIBU, JCT. RTE. 23, DECKER CANYON ROAD",11400,619,5.43,45,5,V,-118.89441504523782,34.04152700921045,State,True
2442,1,,7,LA,,7.288,,A,"LONG BEACH, JCT. RTE. 710, LONG BEACH FREEWAY",36000,6847,19.02,1524,4,V,-118.2073268969275,33.7900157561233,State,True
2444,1,,7,LA,,7.288,,B,"LONG BEACH, JCT. RTE. 710, LONG BEACH FREEWAY",37500,2258,6.02,243,5,V,-118.2073268969275,33.7900157561233,State,True
2446,1,,7,LA,,8.266,,A,"LONG BEACH, JCT. RTE. 103, TERMINAL ISLAND FREEWAY",30000,7401,24.67,1521,5,V,-118.22462974556859,33.789899595239646,State,True
2448,1,,7,LA,,8.266,,B,"LONG BEACH, JCT. RTE. 103, TERMINAL ISLAND FREEWAY",31500,6908,21.93,1552,7,V,-118.22462974556859,33.789899595239646,State,True
2450,1,,7,VEN,R,15.053,,B,"OXNARD, PLEASANT VALLEY ROAD/RICE AVENUE",11400,746,6.54,78,5,V,-119.1423298847986,34.166329614649065,State,True
2452,1,,7,VEN,,21.075,,B,"OXNARD, JCT. RTE. 101, VENTURA FREEWAY",27000,740,2.74,60,6,E,-119.18083148383984,34.239855533256026,State,True
2454,1,,7,VEN,,21.25,,A,"OXNARD, JCT. RTE. 101, VENTURA FREEWAY",3900,347,8.91,42,7,V,-119.334767185287,34.29009852667312,State,True
2456,1,,7,VEN,,27.675,,A,"SEACLIFF COLONY, JCT. RTE. 101, VENTURA FREEWAY",540,51,9.41,6,7,E,-119.41671000711449,34.34327580690787,State,True
2458,1,,7,VEN,,9.866,,O,CALLEGUAS CREEK,9900,645,6.52,51,5,V,-119.08175592464168,34.112469103691,State,True
2460,200,,1,HUM,R,0.0,,A,JCT. RTE. 101,2350,99,4.2,12,17,E,-124.09859526355955,40.92100896433447,State,True
2462,200,,1,HUM,R,2.681,,B,JCT. RTE. 299,2200,117,5.3,14,17,E,-124.05810407043712,40.91011356693138,State,True
2464,201,,6,FRE,,0.0,,A,"KINGSBURG, JCT. RTE. 99",14700,2134,14.52,275,20,E,-119.56132229904361,36.517875679905785,State,True
2466,201,,6,TUL,L,13.98,,A,JCT. RTE. 63,5400,702,13.0,103,20,V,-119.28720658415352,36.486695045772244,State,True
2468,201,,6,TUL,,1.4,,A,ROAD 28,5800,738,12.72,84,20,V,-119.51215819165326,36.51788440467302,State,True
2470,201,,6,TUL,,13.97,,B,JCT. RTE. 63,1200,115,9.57,15,20,V,-119.2867387738929,36.51574675676649,State,True
2472,201,,6,TUL,,23.957,,B,JCT. RTE. 245,1550,180,11.59,16,20,V,-119.1223881999761,36.471726011744856,State,True
2474,201,,6,TUL,,7.95,,A,ALTA AVENUE,3300,284,8.6,38,17,E,-119.39475880267949,36.51687331925407,State,True
2476,201,,6,TUL,,7.95,,B,ALTA AVENUE,3700,320,8.65,50,17,E,-119.39475880267949,36.51687331925407,State,True
2478,202,,9,KER,R,1.476,,A,TEHACHAPI MENS PRISON,1650,33,2.0,7,3,E,-118.57479531425942,35.12370982428854,State,True
2480,202,,9,KER,R,5.5,,B,OLD TOWN ROAD,9200,184,2.0,33,3,E,-118.52144101342965,35.11265526225853,State,True
2482,202,,9,KER,R,7.4,,B,WOODFORD ROAD,13200,876,6.64,52,22,V,-118.49487211000654,35.12427766223639,State,True
2484,202,,9,KER,,12.008,,B,JCT. RTE. 58,13400,1206,9.0,238,3,E,-118.46735931886658,35.14143609526295,State,True
2486,203,,9,MNO,L,0.0,,A,MINARET SUMMIT,620,11,1.7,1,93,E,-119.05785767033741,37.65396117623702,State,True
2488,203,,9,MNO,R,4.49,,B,"MAMMOTH, FOREST TRAIL ROAD",4600,248,5.4,14,22,V,-118.9850168843958,37.65185683433907,State,True
2490,203,,9,MNO,R,8.56,,B,JCT. RTE. 395,8900,1011,11.36,61,22,V,-118.91673932270524,37.64128156773592,State,True
2492,204,,6,KER,R,0.0,,A,"BAKERSFIELD, JCT. RTE. 58",24400,2928,12.0,473,3,E,-119.00294610403002,35.352463605900546,State,True
2494,204,,6,KER,,3.087,,A,"BAKERSFIELD, CALIFORNIA AVENUE",29000,2610,9.0,415,3,E,-119.00288465836627,35.368446362055415,State,True
2496,204,,6,KER,,3.087,,B,"BAKERSFIELD, CALIFORNIA AVENUE",29500,3245,11.0,516,3,E,-119.00288465836627,35.368446362055415,State,True
2498,204,,6,KER,,4.057,,A,"BAKERSFIELD, 24TH STREET",25000,2250,9.0,358,3,E,-119.00757913905672,35.381248509357334,State,True
2500,204,,6,KER,,4.235,,A,"BAKERSFIELD, JCT. RTE. 178",29500,2655,9.0,422,3,E,-119.00993497897416,35.382142545114064,State,True
2502,204,,6,KER,,4.235,,B,"BAKERSFIELD, JCT. RTE. 178",25000,2250,9.0,364,3,E,-119.00993497897416,35.382142545114064,State,True
2504,204,,6,KER,,6.752,,B,"BAKERSFIELD, JCT. RTE. 99",25000,1750,7.0,164,21,E,-119.04532212431526,35.40418066564916,State,True
2506,205,,10,SJ,R,12.686,,B,JCT. RTE. 5,102000,11659,11.43,2698,4,V,-121.33189117243187,37.767023275651155,Interstate,True
2508,205,,10,SJ,R,3.369,,B,OLD ROUTE 50,89000,10680,12.0,2471,4,E,-121.49495665602907,37.741112527749884,Interstate,True
2510,205,,10,SJ,R,8.127,,A,"TRACY, MAC ARTHUR DRIVE",130000,18928,14.56,4041,21,E,-121.41508511658311,37.76404989369492,Interstate,True
2512,205,,4,ALA,,0.213,,A,JCT. RTE. 580,135000,16200,12.0,3885,6,V,-121.56163421309573,37.7427144652014,Interstate,True
2514,207,,10,ALP,,0.0,,A,JCT. RTE. 4,750,45,6.0,9,98,V,-120.01946663959501,38.48256351565804,State,True
2516,207,,10,ALP,,1.36,,B,MT. REBA SKI RESORT,740,24,3.24,5,98,E,-120.03459292959148,38.492165181665506,State,True
2518,20,,1,LAK,,12.199,,A,LUCERNE CUTOFF,12000,934,7.78,146,16,E,-122.87010059900918,39.12989952531988,State,True
2520,20,,1,LAK,,12.199,,B,LUCERNE CUTOFF,9800,939,9.58,143,17,V,-122.87010059900918,39.12989952531988,State,True
2522,20,,1,LAK,,18.53,,B,"LUCERNE, EAST; BELL RAY AVENUE",8700,677,7.78,106,16,E,-122.78315239226635,39.07655085320242,State,True
2524,20,,1,LAK,,31.62,,A,JCT. RTE. 53 SOUTH,7300,906,12.41,137,17,V,-122.61374012613389,39.0088458073439,State,True
2526,20,,1,LAK,,31.62,,B,JCT. RTE. 53 SOUTH,8500,915,10.76,176,17,V,-122.61374012613389,39.0088458073439,State,True
2528,20,,1,LAK,,8.319,,A,JCT. RTE. 29 SOUTH,7550,869,11.51,126,16,E,-122.92112685559302,39.163375223707234,State,True
2530,20,,1,LAK,,8.319,,B,JCT. RTE. 29 SOUTH,10020,948,9.46,162,17,V,-122.92112685559302,39.163375223707234,State,True
2532,20,,1,MEN,L,35.956,,B,NORTH JCT. RTE. 101,6400,453,7.08,63,15,V,-123.32440839039063,39.37591350819554,State,True
2534,20,,1,MEN,R,0.0,,A,"JCT. RTE. 1, FORT BRAGG, SOUTH",8700,954,10.97,111,16,E,-123.80792221727253,39.420129240945315,State,True
2536,20,,1,MEN,R,38.054,,B,POTTER VALLEY ROAD,5790,1222,21.11,163,23,V,-123.12593197316527,39.24552093227105,State,True
2538,20,,1,MEN,,17.285,,A,CHAMBERLAIN CREEK,2800,293,10.48,40,19,V,-123.55666509957746,39.35285960674252,State,True
2540,20,,1,MEN,,2.08,,A,SUMMER LANE,3090,378,12.23,37,23,V,-123.77085113681218,39.415132011016745,State,True
2542,20,,1,MEN,,35.39,,B,MARINA DRIVE,9806,1274,12.99,186,21,E,-123.17107712307737,39.23797573674616,State,True
2544,20,,3,COL,R,22.12,,A,"WILLIAMS, JCT. RTE. 5",7800,1482,19.0,281,86,E,-122.1499874766013,39.166709010148054,State,True
2546,20,,3,COL,R,22.12,,B,"WILLIAMS, JCT. RTE. 5",7800,828,10.61,213,7,E,-122.1499874766013,39.166709010148054,State,True
2548,20,,3,COL,,3.451,,A,JCT. RTE. 16 SOUTH,5800,615,10.61,159,7,E,-122.35886550267115,39.013082459253326,State,True
2550,20,,3,COL,,3.451,,B,JCT. RTE. 16 SOUTH,5500,800,14.55,132,6,E,-122.35886550267115,39.013082459253326,State,True
2552,20,,3,COL,,31.091,,A,"COLUSA, JCT. RTE. 45 NORTH",12900,903,7.0,171,83,E,-122.0147606974207,39.215620509976326,State,True
2554,20,,3,COL,,31.091,,B,"COLUSA, JCT. RTE. 45 NORTH",9900,792,8.0,149,83,E,-122.0147606974207,39.215620509976326,State,True
2556,20,,3,COL,,32.29,,A,"COLUSA, FREMONT STREET",12000,840,7.0,159,86,E,-122.00364239108295,39.20620450198416,State,True
2558,20,,3,NEV,R,12.24,,A,"GRASS VALLEY, JCT. RTE. 49",45500,3185,7.0,462,86,E,-121.06846362716529,39.20966594134474,State,True
2560,20,,3,NEV,R,12.92,,O,JCT. RTE. 174,33500,2178,6.5,320,85,E,-121.06083221424784,39.216369505698324,State,True
2562,20,,3,NEV,R,14.797,,A,BRUNSWICK ROAD,28500,1710,6.0,248,83,E,-121.0365448394069,39.23525546068521,State,True
2564,20,,3,NEV,R,17.398,,A,"NEVADA CITY, EAST JCT. RTE. 49",4450,468,10.52,66,0,E,-121.01510989676571,39.26788377072034,State,True
2566,20,,3,NEV,R,17.398,,B,"NEVADA CITY, EAST JCT. RTE. 49",13500,716,5.3,101,86,V,-121.01510989676571,39.26788377072034,State,True
2568,20,,3,NEV,,31.834,,B,WASHINGTON ROAD,3400,525,15.45,74,0,E,-120.81179748814151,39.31665077885733,State,True
2570,20,,3,NEV,,45.661,,B,JCT RTE 80,3150,335,10.63,56,0,E,-120.60384683066869,39.32273731332128,State,True
2572,20,,3,SUT,R,15.598,,B,JCT. RTE. 99,33500,2010,6.0,323,86,E,-121.63456421611811,39.141726292189134,State,True
2574,20,,3,SUT,,15.573,,A,JCT. RTE. 99,36000,1692,4.7,257,86,E,-121.63456421611811,39.141726292189134,State,True
2576,20,,3,SUT,,17.057,,O,SUTTER/YUBA COUNTY LINE,44500,2136,4.8,331,86,V,-121.6080737733485,39.143453038989485,State,True
2578,20,,3,SUT,,9.176,,A,ACACIA AVENUE,8400,1461,17.39,209,20,V,-121.75397611609422,39.142252018208474,State,True
2580,20,,3,SUT,,9.176,,B,ACACIA AVENUE,7700,501,6.51,98,15,E,-121.75397611609422,39.142252018208474,State,True
2582,20,,3,YUB,R,1.98,,B,"MARYSVILLE, BUCHANAN STREET",9500,944,9.94,177,0,E,-121.5781784937682,39.149141096784284,State,True
2584,20,,3,YUB,R,7.018,,A,HALLWOOD BOULEVARD,10400,540,5.19,98,19,V,-121.51669721541137,39.20307744032899,State,True
2586,20,,3,YUB,,0.989,,B,"MARYSVILLE, SOUTH JCT. RTE. 70",39500,2765,7.0,401,86,E,-121.5911720323632,39.14468878193729,State,True
2588,20,,3,YUB,,0.0,,O,SUTTER/YUBA COUNTY LINE,44500,2136,4.8,331,86,V,-121.6080737733485,39.143453038989485,State,True
2590,20,,3,YUB,,1.472,,A,NORTH JCT. RTE. 70,17700,1637,9.25,307,0,E,-121.58714122071646,39.148436030258395,State,True
2592,210,U,8,SBD,,15.767,,A,SIERRA AVENUE,12000,1200,10.0,163,87,E,-117.43608288935799,34.133510993742945,Interstate,True
2594,210,U,8,SBD,,15.767,,B,SIERRA AVENUE,9800,980,10.0,99,87,E,-117.43608288935799,34.133510993742945,Interstate,True
2596,210,U,8,SBD,,19.521,,A,"RIALTO, RIVERSIDE AVENUE",27500,1898,6.9,205,87,E,-117.37046371029112,34.13400793432672,Interstate,True
2598,210,U,8,SBD,,19.521,,B,"RIALTO, RIVERSIDE AVENUE",19000,2926,15.4,592,89,V,-117.37046371029112,34.13400793432672,Interstate,True
2600,210,U,8,SBD,,21.68,,B,CAJON BOULEVARD,28000,1904,6.8,220,92,V,-117.33266598080084,34.13608322029468,Interstate,True
2602,210,,7,LA,L,29.795,,A,"PASADENA, ROSEMEAD BOULEVARD",237000,15073,6.36,3180,12,E,-118.0735946224272,34.14819596701455,Interstate,True
2604,210,,7,LA,L,29.795,,B,"PASADENA, ROSEMEAD BOULEVARD",251000,14809,5.9,3124,12,E,-118.0735946224272,34.14819596701455,Interstate,True
2606,210,,7,LA,R,0.0,,A,"LOS ANGELES, JCT. RTE. 5",77000,5914,7.68,1550,11,E,-118.49079925001794,34.316670871134754,Interstate,True
2608,210,,7,LA,R,18.872,,A,"LA CANADA-FLINTRIDGE, WEST JCT. RTE. 2",118000,10207,8.65,2454,12,E,-118.21774952275638,34.20755974472217,Interstate,True
2610,210,,7,LA,R,18.872,,B,"LA CANADA-FLINTRIDGE, WEST JCT. RTE. 2",168000,9979,5.94,2273,15,V,-118.21774952275638,34.20755974472217,Interstate,True
2612,210,,7,LA,R,19.881,,A,"LA CANADA-FLINTRIDGE, EAST JCT. RTE. 2",113000,9775,8.65,2350,12,E,-118.20016262233086,34.2065349181952,Interstate,True
2614,210,,7,LA,R,24.962,,A,"PASADENA, JCT. RTES. 134/710",296000,13290,4.49,2835,12,E,-118.15565901236377,34.14961269014031,Interstate,True
2616,210,,7,LA,R,24.962,,B,"PASADENA, JCT. RTES. 134/710",130000,9373,7.21,2253,12,E,-118.15565901236377,34.14961269014031,Interstate,True
2618,210,,7,LA,R,26.326,,A,"PASADENA, LAKE AVENUE ",324000,24332,7.51,3725,16,E,-118.13238980423553,34.15164777163237,Interstate,True
2620,210,,7,LA,R,3.57,,O,E/O POLK ST; ASTORIA ST PED OC,95500,6446,6.75,1727,16,V,-118.43628426924724,34.313583862663286,Interstate,True
2622,210,,7,LA,R,32.89,,A,"MONROVIA, HUNTINGTON DRIVE ",228000,13999,6.14,2956,0,E,-118.0170144911751,34.14052430336878,Interstate,True
2624,210,,7,LA,R,36.41,,A,"DUARTE, JCT. RTE. 605",243000,17156,7.06,3982,12,E,-117.95769550441955,34.134244664228234,Interstate,True
2626,210,,7,LA,R,36.41,,B,"DUARTE, JCT. RTE. 605",231000,18018,7.8,3747,12,E,-117.95769550441955,34.134244664228234,Interstate,True
2628,210,,7,LA,R,41.594,,A,"GLENDORA, GRAND AVENUE",231000,19820,8.58,4398,16,V,-117.87292599071847,34.1205790851999,Interstate,True
2630,210,,7,LA,R,44.377,,A,"GLENDORA, JCT. RTE. 57",179000,6390,3.57,1382,12,E,-117.82602700687657,34.12067414136523,State,True
2632,210,,7,LA,R,44.377,,B,"GLENDORA, JCT. RTE. 57",232000,16147,6.96,3747,12,E,-117.82602700687657,34.12067414136523,State,True
2634,210,,7,LA,R,5.911,,A,"LOS ANGELES, JCT. RTE. 118",117000,9840,8.41,2281,12,E,-118.40830857534307,34.288646013633,Interstate,True
2636,210,,7,LA,R,5.911,,B,"LOS ANGELES, JCT. RTE. 118",118000,5994,5.08,1572,11,E,-118.40830857534307,34.288646013633,Interstate,True
2638,210,,7,LA,R,51.849,,B,"CLAREMONT, BASELINE ROAD",151000,9332,6.18,1538,15,V,-117.69625350722208,34.12159463802994,State,True
2640,210,,8,SBD,R,31.7,,A,E/O SANTA ANA RIVER BRIDGE,94000,4333,4.61,940,17,V,-117.20079579800183,34.08666736919294,State,True
2642,210,,8,SBD,R,33.18,,B,JCT. RTE. 10,79000,4108,5.2,703,11,V,-117.20057537658393,34.06557846828922,State,True
2644,210,,8,SBD,,11.498,,B,JCT. RTE. 15,188000,8798,4.68,1938,5,E,-117.49607836501465,34.13623827690054,State,True
2646,211,,1,HUM,,73.2,,A,"FERNDALE, OCEAN AVENUE",6000,316,5.26,30,16,E,-124.26487248391061,40.57569990873392,State,True
2648,211,,1,HUM,,79.275,,B,JCT. RTE. 101,5500,371,6.74,32,17,V,-124.21137041740313,40.62241489530902,State,True
2650,213,,7,LA,,0.0,,A,"LOS ANGELES, 25TH STREET",29000,496,1.71,25,6,V,-118.31285776862197,33.72294007635217,State,True
2652,213,,7,LA,,5.085,,A,"LOS ANGELES, JCT. RTE. 1",20000,596,2.98,40,6,V,-118.30754319616226,33.78949050971283,State,True
2654,213,,7,LA,,5.085,,B,"LOS ANGELES, JCT. RTE. 1",30000,612,2.04,42,6,V,-118.30754319616226,33.78949050971283,State,True
2656,213,,7,LA,,7.983,,B,CARSON STREET,30000,1140,3.8,68,6,V,-118.30896345777929,33.831450154974455,State,True
2658,215,,8,RIV,R,15.515,,B,SCOTT ROAD,121000,6014,4.97,1077,18,V,-117.17106883216306,33.64151126088855,Interstate,True
2660,215,,8,RIV,R,35.76,,A,CACTUS AVENUE,153000,13770,9.0,2528,84,E,-117.28071338329264,33.90905243609806,Interstate,True
2662,215,,8,RIV,R,35.76,,B,CACTUS AVENUE,150000,15300,10.2,2844,84,E,-117.28071338329264,33.90905243609806,Interstate,True
2664,215,,8,RIV,R,38.339,,A,JCT. RTE. 60 EAST,218000,23762,10.9,4695,96,V,-117.29264306955456,33.9440591430418,Interstate,True
2666,215,,8,RIV,R,38.339,,B,JCT. RTE. 60 EAST,155000,22475,14.5,4249,96,V,-117.29264306955456,33.9440591430418,Interstate,True
2668,215,,8,RIV,R,8.998,,A,"MURRIETA, JCT. RTE. 15",106000,7632,7.2,1120,5,V,-117.18037881635914,33.55090908711614,Interstate,True
2670,215,,8,RIV,,23.537,,A,SOUTH JCT. RTE. 74,105000,12390,11.8,1705,84,E,-117.18916244888416,33.754182090349474,Interstate,True
2672,215,,8,RIV,,23.537,,B,SOUTH JCT. RTE. 74,97000,7033,7.25,1051,5,E,-117.18916244888416,33.754182090349474,Interstate,True
2674,215,,8,RIV,,26.308,,A,"PERRIS, NORTH JCT. RTE. 74",98000,12936,13.2,2063,84,E,-117.2162631774134,33.78408234209777,Interstate,True
2676,215,,8,RIV,,27.23,,A,"PERRIS, D STREET",117000,14040,12.0,2688,86,V,-117.22849928800186,33.79216592615431,Interstate,True
2678,215,,8,RIV,,45.013,,A,CENTER STREET,172000,11868,6.9,2231,84,E,-117.3424962198021,34.01541780290493,Interstate,True
2680,215,,8,SBD,,0.402,,A,IOWA AVENUE,179000,12709,7.1,2348,84,E,-117.33536007325364,34.02397240711964,Interstate,True
2682,215,,8,SBD,,11.634,,A,UNIVERSITY PARKWAY,74000,6756,9.13,1315,4,V,-117.33308509698314,34.16440001389708,Interstate,True
2684,215,,8,SBD,,14.091,,A,PALM AVENUE,74000,10234,13.83,2245,21,V,-117.36114771456914,34.19102827117789,Interstate,True
2686,215,,8,SBD,,4.052,,A,"COLTON, JCT. RTE. 10",216000,20736,9.6,3283,84,V,-117.29628817156775,34.06420405822731,Interstate,True
2688,215,,8,SBD,,4.052,,B,"COLTON, JCT. RTE. 10",199000,14328,7.2,2647,84,E,-117.29628817156775,34.06420405822731,Interstate,True
2690,215,,8,SBD,,6.06,,A,"SAN BERNARDINO, MILL STREET",197000,12214,6.2,2057,84,E,-117.30179005444231,34.09217031107925,Interstate,True
2692,215,,8,SBD,,7.183,,A,"SAN BERNARDINO, JCT. RTE. 66 WEST",180000,12060,6.7,2028,84,E,-117.30245454005461,34.1081531237953,Interstate,True
2694,215,,8,SBD,,7.183,,B,"SAN BERNARDINO, JCT. RTE. 66 WEST",183000,12627,6.9,2127,84,E,-117.30245454005461,34.1081531237953,Interstate,True
2696,215,,8,SBD,,8.603,,A,"SAN BERNARDINO, JCT. RTE. 259 NORTH",100000,12100,12.1,2752,84,E,-117.30330375162866,34.12880673135409,Interstate,True
2698,215,,8,SBD,,8.603,,B,"SAN BERNARDINO, JCT. RTE. 259 NORTH",164000,12136,7.4,2041,84,E,-117.30330375162866,34.12880673135409,Interstate,True
2700,215,,8,SBD,,9.364,,A,"SAN BERNARDINO, HIGHLAND AVENUE",94000,9964,10.6,2141,84,E,-117.31285434598033,34.13608382702492,Interstate,True
2702,215,,8,SBD,,9.364,,B,"SAN BERNARDINO, HIGHLAND AVENUE",98000,10388,10.6,2386,84,E,-117.31285434598033,34.13608382702492,Interstate,True
2704,216,,6,TUL,R,0.99,,B,LOVERS LANE,11800,826,7.0,65,14,E,-119.26100218742826,36.34198365231302,State,True
2706,216,,6,TUL,R,0.0,,A,"VISALIA, JCT. RTE. 198",18600,1302,7.0,102,14,E,-119.26069747169737,36.327578499652745,State,True
2708,216,,6,TUL,,1.96,,A,LOVERS LANE,12200,854,7.0,78,14,E,-119.26100218742826,36.34198365231302,State,True
2710,216,,6,TUL,,11.732,,A,AVENUE 344,5300,371,7.0,34,14,E,-119.13953556191963,36.413806930682654,State,True
2712,216,,6,TUL,,11.732,,B,AVENUE 344,4650,324,6.97,29,20,V,-119.13953556191963,36.413806930682654,State,True
2714,216,,6,TUL,,14.006,,A,"WOODLAKE, JCT. RTE. 245",5500,326,5.92,21,20,E,-119.09890725713873,36.41354242612314,State,True
2716,216,,6,TUL,,14.006,,B,"WOODLAKE, JCT. RTE. 245",6700,407,6.07,40,20,V,-119.09890725713873,36.41354242612314,State,True
2718,216,,6,TUL,,19.245,,B,JCT. RTE. 198,1300,121,9.33,8,20,V,-119.02182098196043,36.395230405350304,State,True
2720,216,,6,TUL,,2.46,,A,"MACAULIFF AVE, RD 144",4450,66,1.48,8,21,V,-119.25203279318396,36.34199380714367,State,True
2722,217,,5,SB,,0.464,,A,"ENTRANCE, UNIVERSITY OF CALIFORNIA AT SANTA BARBARA",11800,395,3.35,19,22,E,-119.83726848493701,34.415836863910805,State,True
2724,217,,5,SB,,2.756,,B,JCT. RTE. 101,23600,942,3.99,50,22,E,-119.81289466970784,34.44101923418159,State,True
2726,218,,5,MON,,1.956,,B,"DEL REY OAKS, JCT. RTE. 68",15000,1350,9.0,131,17,E,-121.82797086796832,36.580908316721164,State,True
2728,219,,10,STA,,4.858,,B,JCT. RTE. 108,14200,1278,9.0,272,1,E,-120.99494203861258,37.71109940322356,State,True
2730,220,,3,SAC,,3.114,,B,"RYDE, JCT. RTE. 160",700,60,8.63,3,17,V,-121.55865696807207,38.23817628028211,State,True
2732,220,,4,SOL,,0.0,,A,JCT. RTE. 84,200,7,3.33,1,4,E,-121.6591247542639,38.243074466159534,State,True
2734,221,,4,NAP,,0.0,,A,JCT. RTE. 29,23200,1401,6.04,232,2,V,-122.26914638763724,38.241397171261426,State,True
2736,221,,4,NAP,,2.682,,B,JCT. RTE. 121,22000,1111,5.05,146,2,V,-122.2741677203438,38.28047545277702,State,True
2738,222,,1,MEN,R,0.0,,A,"UKIAH, JCT. RTE. 101",6700,369,5.5,29,16,E,-123.19571624135266,39.13594854025945,State,True
2740,223,,6,KER,R,10.536,,A,JCT. RTE. 99,8300,1413,17.02,250,21,V,-119.01029839960887,35.20852888916696,State,True
2742,223,,6,KER,R,10.536,,B,JCT. RTE. 99,5000,1339,26.78,282,21,V,-119.01029839960887,35.20852888916696,State,True
2744,223,,6,KER,R,16.014,,A,JCT. RTE. 184 NORTH,8400,832,9.91,164,18,V,-118.91448943188904,35.20871304884058,State,True
2746,223,,6,KER,R,16.014,,B,JCT. RTE. 184 NORTH,8100,869,10.73,156,18,V,-118.91448943188904,35.20871304884058,State,True
2748,223,,6,KER,R,20.15,,B,"ARVIN, COMANCHE DRIVE",8700,1111,12.77,219,15,E,-118.8421783770806,35.20900211263528,State,True
2750,223,,6,KER,,1.85,,A,JCT. RTE. 5,1600,517,32.31,127,21,V,-119.16288795224655,35.20913686177957,State,True
2752,223,,6,KER,,20.15,,A,"ARVIN, COMANCHE DRIVE",12400,1612,13.0,317,15,V,-118.8421783770806,35.20900211263528,State,True
2754,223,,6,KER,,31.92,,B,JCT. RTE. 58,1800,525,29.17,124,21,V,-118.65841042544679,35.26423399223994,State,True
2756,227,,5,SLO,,7.12,,A,"EDNA, PRICE CANYON ROAD",13500,856,6.34,83,21,E,-120.60891855976104,35.20070042979693,State,True
2758,227,,5,SLO,,7.12,,B,"EDNA, PRICE CANYON ROAD",6900,412,5.97,27,21,E,-120.60891855976104,35.20070042979693,State,True
2760,229,,5,SLO,,0.0,,A,JCT. RTE. 58,110,21,19.0,1,21,E,-120.54685670203273,35.42378505676996,State,True
2762,229,,5,SLO,,9.16,,B,JCT. RTE. 41,2000,386,19.28,20,21,V,-120.52615568926686,35.53434887282135,State,True
2764,22,,12,ORA,R,0.65,,B,JCT. RTE. 405,142500,3705,2.6,308,18,E,-118.08611477042707,33.77420401226445,State,True
2766,22,,12,ORA,R,0.66,,A,JCT. RTE. 405,127500,11093,8.7,994,18,E,-118.04209570633432,33.774336707180304,State,True
2768,22,,12,ORA,R,10.478,,A,"SANTA ANA, JCT. RTES. 5 AND 57",157800,7101,4.5,742,18,E,-117.87615934093803,33.7788673238017,State,True
2770,22,,12,ORA,R,10.478,,B,"SANTA ANA, JCT. RTES. 5 AND 57",249100,11210,4.5,1024,18,E,-117.87615934093803,33.7788673238017,State,True
2772,22,,12,ORA,R,13.164,,B,JCT. RTE. 55,151200,5141,3.4,584,18,E,-117.83105213855848,33.77716030570269,State,True
2774,22,,12,ORA,R,3.587,,A,"GARDEN GROVE, JCT. RTE. 39",149200,7311,4.9,656,18,E,-117.99221224064085,33.771027020039384,State,True
2776,22,,12,ORA,R,3.587,,B,"GARDEN GROVE, JCT. RTE. 39",88900,4356,4.9,387,18,E,-117.99221224064085,33.771027020039384,State,True
2778,22,,12,ORA,R,7.829,,A,"GARDEN GROVE, HARBOR BOULEVARD",212300,9978,4.7,910,18,E,-117.92050535855653,33.76764847925977,State,True
2780,22,,12,ORA,R,7.829,,B,"GARDEN GROVE, HARBOR BOULEVARD",181000,8688,4.8,774,18,E,-117.92050535855653,33.76764847925977,State,True
2782,22,,7,LA,,0.0,,A,"LONG BEACH, JCT. RTE. 1",54000,1172,2.17,97,6,V,-118.12273627912198,33.77532327988573,State,True
2784,232,,7,VEN,R,4.11,,B,"JCT. RTE. 118, LOS ANGELES AVENUE",13300,1454,10.93,265,7,V,-119.13525836215337,34.273972368882895,State,True
2786,232,,7,VEN,,0.441,,A,"OXNARD, JCT. RTE. 101",19300,1561,8.09,229,7,E,-119.17322974586952,34.23185337432085,State,True
2788,233,,6,MAD,,0.005,,A,JCT. RTE. 152,3850,476,12.36,45,19,V,-120.29740437610027,37.083503721765815,State,True
2790,233,,6,MAD,,3.586,,A,"CHOWCHILLA, CHOWCHILLA AVENUE",13800,1104,8.0,211,4,E,-120.25717413099147,37.125106301298416,State,True
2792,233,,6,MAD,,3.586,,B,"CHOWCHILLA, CHOWCHILLA AVENUE",13600,1088,8.0,208,4,E,-120.25717413099147,37.125106301298416,State,True
2794,233,,6,MAD,,3.887,,B,JCT. RTE. 99,13800,1104,8.0,211,4,E,-120.25237493368833,37.126903862684095,State,True
2796,236,,5,SCR,,0.0,,A,"BOULDER CREEK, JCT. RTE. 9",4500,207,4.6,9,13,E,-122.12231089383897,37.12538795812474,State,True
2798,237,,4,SCL,R,0.375,,A,"MOUNTAIN VIEW, JCT. RTE. 85",64000,3462,5.41,493,98,V,-122.06832847209795,37.38404596885097,State,True
2800,237,,4,SCL,R,0.375,,B,"MOUNTAIN VIEW, JCT. RTE. 85",38000,1140,3.0,116,98,E,-122.06832847209795,37.38404596885097,State,True
2802,237,,4,SCL,R,0.0,,A,"MOUNTAIN VIEW, JCT. RTE. 82",44000,453,1.03,37,4,V,-122.072928508411,37.38034167630924,State,True
2804,237,,4,SCL,T,10.0,,B,MAIN STREET,57000,2280,4.0,315,98,E,-121.90744352308877,37.431130830992245,State,True
2806,237,,4,SCL,,11.08,,B,"MILPITAS, JCT. RTE. 680",60000,2400,4.0,439,98,E,-121.88848676102525,37.43462730510349,State,True
2808,237,,4,SCL,,2.48,,A,"SUNNYVALE, JCT. RTE. 101",69000,2036,2.95,321,4,V,-122.03549843421365,37.40068113472453,State,True
2810,237,,4,SCL,,2.48,,B,"SUNNYVALE, JCT. RTE. 101",69000,3015,4.37,630,1,V,-122.03549843421365,37.40068113472453,State,True
2812,237,,4,SCL,,9.335,,A,JCT. RTE. 880,57000,3004,5.27,433,98,V,-121.91647559638372,37.42556850425799,State,True
2814,237,,4,SCL,,9.335,,B,JCT. RTE. 880,100000,6260,6.26,828,98,V,-121.91647559638372,37.42556850425799,State,True
2816,238,,4,ALA,R,14.469,,A,JCT. RTE. 580,152000,20216,13.3,5083,94,V,-122.09815632143805,37.69017663273844,State,True
2818,238,,4,ALA,,0.0,,A,"FREMONT, JCT. RTE. 680",29000,870,3.0,108,94,V,-121.92453980682525,37.540712126658356,State,True
2820,238,,4,ALA,,14.951,,A,JCT. RTE. 185,152000,17936,11.8,4645,94,V,-122.10618409890658,37.68924460314691,State,True
2822,238,,4,ALA,,16.696,,B,JCT. RTE. 880,97000,7372,7.6,1763,94,V,-122.13740663213265,37.69078036995468,State,True
2824,238,,4,ALA,,3.314,,A,"FREMONT, SOUTH JCT. RTE. 84 WEST",33000,1947,5.9,302,94,V,-121.96811818888064,37.57270704021355,State,True
2826,238,,4,ALA,,3.314,,B,"FREMONT, SOUTH JCT. RTE. 84 WEST",29000,1247,4.3,187,94,V,-121.96811818888064,37.57270704021355,State,True
2828,238,,4,ALA,,6.78,,B,"UNION CITY, DECOTO ROAD",26000,910,3.5,128,97,E,-122.01564021815241,37.602419886278845,State,True
2830,23,,7,LA,,0.0,,A,JCT. RTE. 1,350,6,1.6,0,6,E,-118.89442176822944,34.04147419668501,State,True
2832,23,,7,VEN,R,11.432,,B,"MOORPARK, JCT. RTE. 118",49500,2742,5.54,164,12,E,-118.86285572013702,34.28200426121154,State,True
2834,23,,7,VEN,R,12.9,,A,"MOORPARK, JCT. RTE. 118",7800,1203,15.42,254,6,V,-118.88212044803616,34.278926641337485,State,True
2836,23,,7,VEN,R,2.258,,A,"THOUSAND OAKS, TRIUNFO CANYON ROAD",15900,410,2.58,41,6,E,-118.83888858840668,34.1493884727587,State,True
2838,23,,7,VEN,R,2.258,,B,"THOUSAND OAKS, TRIUNFO CANYON ROAD",10100,337,3.34,29,6,V,-118.83888858840668,34.1493884727587,State,True
2840,23,,7,VEN,R,3.32,,B,"THOUSAND OAKS, JCT. RTE. 101",25500,464,1.82,52,6,V,-118.82506661357517,34.15760402327651,State,True
2842,23,,7,VEN,R,3.339,,A,"THOUSAND OAKS, JCT. RTE. 101",80000,3184,3.98,188,16,V,-118.85771719142187,34.176861274837215,State,True
2844,23,,7,VEN,T,12.26,,B,"MOORPARK, JCT. RTE. 118",21000,3177,15.13,671,6,V,-118.87473132332728,34.27899778986204,State,True
2846,23,,7,VEN,,14.607,,A,SPRING ROAD,7100,342,4.82,71,9,V,-118.87790150760935,34.30150367481376,State,True
2848,23,,7,VEN,,14.607,,B,SPRING ROAD,2750,270,9.8,59,9,V,-118.87790150760935,34.30150367481376,State,True
2850,23,,7,VEN,,16.8,,A,GRIMES CANYON ROAD,4350,872,20.05,218,6,V,-118.90197599520269,34.31533942272994,State,True
2852,23,,7,VEN,,24.165,,B,"FILLMORE, JCT. RTE. 126, VENTURA STREET",6300,862,13.68,209,6,V,-118.9177978237742,34.396208958029575,State,True
2854,241,,12,ORA,,17.768,,A,ANTONIO PARKWAY,13900,973,7.0,112,19,E,-117.5989306958905,33.63316628528685,State,True
2856,241,,12,ORA,,20.077,,A,LOS ALISOS BOULEVARD,30300,758,2.5,86,19,E,-117.62476179590283,33.655130556362685,State,True
2858,241,,12,ORA,,23.418,,A,ALTON PARKWAY,42800,1712,4.0,158,19,E,-117.67328593899319,33.68017901668453,State,True
2860,241,,12,ORA,,25.804,,A,TOMATO SPRINGS NORTHBOUND,42800,1284,3.0,57,19,E,-117.70491799888593,33.70169449804202,State,True
2862,241,,12,ORA,,26.143,,B,TOMATO SPRINGS SOUTHBOUND,42800,1284,3.0,141,19,E,-117.71026956666395,33.70423506802357,State,True
2864,241,,12,ORA,,36.099,,A,WINDY RIDGE TOLL PLAZA,56600,1698,3.0,186,19,E,-117.71633493397017,33.824538347044175,State,True
2866,241,,12,ORA,,36.115,,B,WINDY RIDGE SOUTHBOUND,56600,1698,3.0,186,19,E,-117.71630271229925,33.82477471492783,State,True
2868,241,,12,ORA,,39.079,,B,JCT. RTE. 91,56600,1698,3.0,170,19,E,-117.72008117460626,33.86678287363141,State,True
2870,242,,4,CC,R,0.0,,A,"CONCORD, JCT. RTE. 680",49500,2475,5.0,431,0,E,-122.05194165711161,37.95871873095522,State,True
2872,242,,4,CC,R,3.398,,B,"CONCORD, JCT. RTE. 4",114000,5848,5.13,822,0,V,-122.03517358094906,38.005849471716495,State,True
2874,243,,8,RIV,,0.0,,A,JCT. RTE. 74,2700,108,4.0,5,79,E,-116.72495385134427,33.7043553050434,State,True
2876,243,,8,RIV,,28.28,,B,"BANNING, SAN GORGONIO AVENUE",1750,70,4.0,3,79,E,-116.87660409318151,33.91163941988411,State,True
2878,243,,8,RIV,,29.659,,B,"BANNING, JCT. RTE. 10",7300,292,4.0,13,79,E,-116.88543702165607,33.92426032584748,State,True
2880,244,,3,SAC,,0.0,,A,"SACRAMENTO, JCT. RTE. 80",9100,1365,15.0,240,83,E,-121.3835007186044,38.64472119509309,State,True
2882,245,,6,FRE,,8.972,,B,JCT. RTE. 180,220,26,11.67,1,20,V,-119.0001719752786,36.719724791314825,State,True
2884,245,,6,TUL,,0.0,,A,JCT. RTE. 198,3500,365,10.44,49,20,V,-119.11697726343924,36.325790954756364,State,True
2886,245,,6,TUL,,11.999,,A,JCT. RTE. 201 WEST,590,94,16.0,5,20,V,-119.12239084192134,36.47171834512029,State,True
2888,245,,6,TUL,,11.999,,B,JCT. RTE. 201 WEST,1050,150,14.29,11,20,V,-119.12239084192134,36.47171834512029,State,True
2890,245,,6,TUL,,19.293,,B,OROSI ROAD/BOYD DRIVE,150,17,11.0,1,20,E,-119.13295765004828,36.566516066240936,State,True
2892,245,,6,TUL,,7.066,,A,JCT. RTE. 216,6200,596,9.61,36,20,V,-119.09890725713873,36.41354242612314,State,True
2894,245,,6,TUL,,7.066,,B,JCT. RTE. 216,4850,361,7.45,34,20,E,-119.09890725713873,36.41354242612314,State,True
2896,246,,5,SB,R,34.601,,B,"SANTA YNEZ, JCT. RTE. 154",8000,739,9.24,73,17,V,-120.05486521599812,34.61005485211701,State,True
2898,246,,5,SB,,26.286,,A,"BUELLTON, JCT. RTE. 101",25500,1530,6.0,159,17,E,-120.19018884075284,34.61216471528044,State,True
2900,246,,5,SB,,26.286,,B,"BUELLTON, JCT. RTE. 101",19000,1467,7.72,175,17,E,-120.19018884075284,34.61216471528044,State,True
2902,246,,5,SB,,8.302,,A,"LOMPOC, WEST CITY LIMITS",3800,423,11.13,33,22,E,-120.47991265614377,34.639125782138215,State,True
2904,246,,5,SB,,9.55,,B,"LOMPOC, JCT. RTE. 1",12400,738,5.95,71,17,E,-120.45788567342468,34.63899526805691,State,True
2906,246,,5,SB,,9.56,,A,"LOMPOC, JCT. RTE. 1",11000,655,5.95,51,17,V,-120.43595098271959,34.64125147985143,State,True
2908,247,,8,SBD,,0.0,,A,"YUCCA VALLEY, JCT. RTE. 62",11700,1041,8.9,119,89,E,-116.41407387827408,34.123456968682056,State,True
2910,247,,8,SBD,,44.85,,B,JCT. RTE. 18,2950,443,15.0,43,89,V,-116.94971900991354,34.443877988633005,State,True
2912,247,,8,SBD,,44.86,,A,JCT. RTE. 18,3100,403,13.0,88,88,E,-116.94593399798974,34.44015097370983,State,True
2914,247,,8,SBD,,73.181,,A,STODDARD WELLS ROAD,2800,484,17.3,94,88,E,-117.02802682858824,34.819420052304714,State,True
2916,247,,8,SBD,,73.181,,B,STODDARD WELLS ROAD,3300,571,17.3,116,88,V,-117.02802682858824,34.819420052304714,State,True
2918,247,,8,SBD,,78.096,,B,"BARSTOW, JCT. RTE. 15",16000,336,2.1,47,92,V,-117.02288939941097,34.88598812497198,State,True
2920,24,,4,ALA,R,1.847,,A,"OAKLAND, JCT. RTES. 580 AND 980",164000,4067,2.48,428,0,V,-122.26804083640694,37.82422915768467,State,True
2922,24,,4,ALA,R,5.117,,A,"OAKLAND, JCT. RTE. 13",173000,3477,2.01,412,3,V,-122.22824545315076,37.84867466989603,State,True
2924,24,,4,ALA,R,5.117,,B,"OAKLAND, JCT. RTE. 13",168000,4687,2.79,571,0,V,-122.22824545315076,37.84867466989603,State,True
2926,24,,4,ALA,R,5.887,,O,"OAKLAND, CALDECOTT TUNNEL",169200,3824,2.26,378,2,V,-122.21815187482056,37.85447527016283,State,True
2928,24,,4,CC,R,2.319,,A,CAMINO PABLO,168000,3847,2.29,458,12,V,-122.18343710409658,37.87840269008038,State,True
2930,24,,4,CC,R,7.656,,A,"LAFAYETTE, PLEASANT HILL ROAD",186000,6510,3.5,918,97,E,-122.09628478484986,37.89753603906297,State,True
2932,24,,4,CC,R,7.656,,B,"LAFAYETTE, PLEASANT HILL ROAD",174000,4350,2.5,540,97,E,-122.09628478484986,37.89753603906297,State,True
2934,253,,1,MEN,,0.0,,A,"BOONVILLE, JCT. RTE. 128",1850,136,7.34,14,16,E,-123.35840454661657,38.99914834609577,State,True
2936,253,,1,MEN,,17.18,,B,"UKIAH, JCT. RTE. 101",3200,296,9.25,26,21,E,-123.19519590030916,39.109229558307675,State,True
2938,254,,1,HUM,,0.0,,A,JCT. RTE. 101,680,36,5.29,2,20,V,-123.77613299891748,40.18195780014771,State,True
2940,254,,1,HUM,,12.327,,A,JCT. RTE. 101,1200,81,6.75,4,17,V,-123.87012600971404,40.26644281724151,State,True
2942,254,,1,HUM,,12.327,,B,JCT. RTE. 101,2000,163,8.15,11,17,V,-123.87012600971404,40.26644281724151,State,True
2944,255,,1,HUM,R,5.13,,A,MAD RIVER SLOUGH BRIDGE,6300,345,5.48,43,18,V,-124.150558084794,40.86501756719545,State,True
2946,255,,1,HUM,,0.0,,A,"EUREKA, JCT. RTE. 101",7900,357,4.52,44,18,V,-124.15363045511802,40.80386090608037,State,True
2948,255,,1,HUM,,2.028,,A,NAVY BASE ROAD,7000,441,6.3,54,18,E,-124.17659210794076,40.825936222873565,State,True
2950,255,,1,HUM,,8.803,,B,JCT. RTE. 101,14780,931,6.3,113,16,E,-124.08275801989774,40.862681009152865,State,True
2952,259,,8,SBD,R,0.0,,A,"SAN BERNARDINO, JCT. RTE. 215",65000,2860,4.4,195,84,E,-117.30273658859592,34.12904277386102,State,True
2954,259,,8,SBD,,1.25,,B,JCT. RTE. 210,62000,2728,4.4,186,84,E,-117.29766619080685,34.145003366321475,State,True
2956,25,,4,SCL,,2.528,,B,"GILROY, JCT. RTE. 101",26500,1725,6.51,232,1,V,-121.55104475933881,36.961229765132195,State,True
2958,25,,5,MON,,0.0,,A,JCT. RTE. 198,90,17,18.89,1,23,E,-120.82124672737629,36.187218915299404,State,True
2960,25,,5,SBT,,21.47,,A,JCT. RTE. 146 WEST,900,150,16.67,19,23,E,-121.137076882091,36.518040924013896,State,True
2962,25,,5,SBT,,21.47,,B,JCT. RTE. 146 WEST,550,50,9.0,5,14,E,-121.137076882091,36.518040924013896,State,True
2964,25,,5,SBT,,39.533,,B,"PAICINES, PANOCHE ROAD",1100,135,12.27,13,23,E,-121.27894815717009,36.728882495746404,State,True
2966,25,,5,SBT,,7.3,,A,BITTER WATER/KING CITY ROAD,500,99,19.8,11,23,E,-121.00135133939999,36.38059791495666,State,True
2968,260,,4,ALA,R,1.924,R,B,"OAKLAND, JCT. RTE. 880, END RIGHT ALIGN",62000,1488,2.4,143,94,V,-122.27131801363262,37.79705782074019,State,True
2969,262,,4,ALA,R,0.0,,A,"FREMONT, JCT. RTE. 880",70000,5040,7.2,943,94,V,-121.93548368908088,37.484232162666004,State,True
2971,262,,4,ALA,R,1.07,,B,"FREMONT, JCT. RTE. 680",81000,4536,5.6,1061,94,V,-121.92319645087801,37.495469507229494,State,True
2973,263,,2,SIS,,49.07,,A,"YREKA, JCT. RTE. 3",1700,106,6.26,22,20,E,-122.63337639903116,41.740305365826494,State,True
2975,263,,2,SIS,,50.63,,B,"HAWKINSVILLE, HUMBUG ROAD",1750,103,5.89,18,20,E,-122.62185300370423,41.76086671567992,State,True
2977,265,,2,SIS,,19.801,,A,"WEED, JCT. RTE. 97",1600,140,8.74,33,20,E,-122.38734524217955,41.42293109103262,State,True
2979,265,,2,SIS,,20.328,,B,"WEED, JCT. RTE. 5",1600,140,8.74,33,20,E,-122.39661796605425,41.4233289702581,State,True
2981,266,,9,MNO,,0.0,,A,NEVADA STATE LINE (SOUTH),300,83,27.5,5,16,V,-117.83959596222516,37.469432887974065,State,True
2983,266,,9,MNO,,11.721,,B,NEVADA STATE LINE (NORTH),160,51,32.14,5,22,V,-117.98279912895184,37.57405438065304,State,True
2985,267,,3,PLA,,9.898,,B,JCT. RTE. 28,8800,282,3.2,37,6,E,-120.03153775212367,39.237944999100215,State,True
2987,269,,6,FRE,,0.427,,A,JCT. RTE. 5,2000,381,19.05,83,17,V,-120.10204631306,36.0768019500266,State,True
2989,269,,6,FRE,,0.0,,A,KINGS/FRESNO COUNTY LINE,4850,707,14.58,161,20,E,-120.10342322557469,36.0706034043624,State,True
2991,269,,6,FRE,,12.746,,A,JCT. RTE. 198,3250,794,24.42,108,17,V,-120.10357163624278,36.25552419432647,State,True
2993,269,,6,FRE,,12.746,,B,JCT. RTE. 198,4550,607,13.34,102,17,V,-120.10357163624278,36.25552419432647,State,True
2995,269,,6,FRE,,24.764,,B,JCT. RTE. 145,2650,777,29.31,127,20,V,-120.10309871007661,36.42965698567747,State,True
2997,269,,6,KIN,,0.0,,A,JCT. RTE. 33,2050,425,20.75,54,17,V,-120.13679300541763,36.00029108234522,State,True
2999,26,,10,AMA,,4.644,,B,JCT. RTE. 88,2550,156,6.1,35,96,V,-120.61017701143918,38.415605131837914,State,True
3001,26,,10,CAL,R,4.379,,A,JENNY LIND ROAD,6300,397,6.3,96,96,V,-120.87755106056481,38.122716741986665,State,True
3003,26,,10,CAL,R,4.379,,B,JENNY LIND ROAD,2500,170,6.8,42,96,V,-120.87755106056481,38.122716741986665,State,True
3005,26,,10,CAL,,10.302,,B,"VALLEY SPRINGS, JCT. RTE. 12",11400,490,4.3,127,96,E,-120.82905607768687,38.19154656998717,State,True
3007,26,,10,CAL,,10.435,,A,"VALLEY SPRINGS, JCT. RTE. 12",1700,85,5.0,8,96,V,-120.7644150121491,38.21188153219897,State,True
3009,26,,10,CAL,,18.069,,A,"MOKELUMNE HILL, JCT. RTE. 49",2350,108,4.59,21,96,V,-120.70466764398739,38.29781774618034,State,True
3011,26,,10,CAL,,18.069,,B,"MOKELUMNE HILL, JCT. RTE. 49",1700,75,4.43,11,96,V,-120.70466764398739,38.29781774618034,State,True
3013,26,,10,CAL,,26.797,,A,RIDGE ROAD,740,38,5.1,6,96,V,-120.58197887131448,38.346101830153614,State,True
3015,26,,10,CAL,,26.797,,B,RIDGE ROAD,1100,68,6.19,13,96,V,-120.58197887131448,38.346101830153614,State,True
3017,26,,10,CAL,,32.65,,A,"GLENCO, ASSOCIATED OFFICE ROAD",730,38,5.2,8,96,V,-120.53291210177505,38.3801738397509,State,True
3019,26,,10,CAL,,32.65,,B,"GLENCO, ASSOCIATED OFFICE ROAD",750,39,5.2,7,96,E,-120.53291210177505,38.3801738397509,State,True
3021,26,,10,CAL,,34.77,,A,WINTON ROAD,1800,68,3.8,16,96,V,-120.52513803818714,38.40247646881868,State,True
3023,26,,10,CAL,,34.77,,B,WINTON ROAD,1400,59,4.2,14,96,V,-120.52513803818714,38.40247646881868,State,True
3025,26,,10,CAL,,8.53,,A,LA CONTENTA COUNTRY CLUB ENTRANCE,11900,536,4.5,141,96,V,-120.83767115931512,38.17044739729695,State,True
3027,26,,10,CAL,,8.53,,B,LA CONTENTA COUNTRY CLUB ENTRANCE,11800,637,5.4,161,96,E,-120.83767115931512,38.17044739729695,State,True
3029,26,,10,SJ,,1.11,,A,JCT. RTE. 99,22100,2453,11.1,598,96,E,-121.24581305141537,37.96991504106849,State,True
3031,26,,10,SJ,,1.11,,B,JCT. RTE. 99,9300,828,8.9,183,96,E,-121.24581305141537,37.96991504106849,State,True
3033,26,,10,SJ,,1.897,,A,CARDINAL AVENUE,12600,932,7.4,196,96,E,-121.23206348169407,37.973979120809354,State,True
3035,26,,10,SJ,,1.897,,B,CARDINAL AVENUE,10200,1020,10.0,249,96,V,-121.23206348169407,37.973979120809354,State,True
3037,26,,10,SJ,,11.08,,A,"LINDEN, FLOOD ROAD/FRONT STREET",5400,232,4.3,61,97,V,-121.07724995912773,38.023226397165935,State,True
3039,26,,10,SJ,,11.08,,B,"LINDEN, FLOOD ROAD/FRONT STREET",5500,385,7.0,82,96,V,-121.07724995912773,38.023226397165935,State,True
3041,26,,10,SJ,,15.06,,A,ESCALON/BELLOTA ROAD,5500,369,6.7,81,96,V,-121.01471311359965,38.04994212392863,State,True
3043,26,,10,SJ,,15.06,,B,ESCALON/BELLOTA ROAD,5500,446,8.1,85,96,V,-121.01471311359965,38.04994212392863,State,True
3045,26,,10,SJ,,6.85,,A,JACKTONE ROAD,7000,483,6.9,96,96,V,-121.14951185722548,38.00076166324254,State,True
3047,26,,10,SJ,,6.85,,B,JACKTONE ROAD,6500,403,6.2,76,96,V,-121.14951185722548,38.00076166324254,State,True
3049,270,,9,MNO,,0.0,,A,JCT. RTE. 395,120,7,5.74,0,8,V,-119.19474372767932,38.17536319999518,State,True
3051,271,,1,MEN,R,17.048,,A,"JCT. RTE. 101, REYNOLDS",110,14,12.6,2,17,E,-123.77935181170082,39.94417263831077,State,True
3053,271,,1,MEN,,0.02,,A,JCT. RTE. 101,120,12,10.0,1,17,E,-123.63159606755583,39.834705483966104,State,True
3055,271,,1,MEN,,19.459,,A,"JCT. RTE. 101, PIERCY",140,18,13.1,2,17,E,-123.79510685322592,39.965978703894194,State,True
3057,271,,1,MEN,,5.601,,B,"JCT. RTE. 101, SCANDIA",490,44,9.0,3,17,E,-123.7076585651442,39.84856022173579,State,True
3059,271,,1,MEN,,7.308,,B,TEMPORARY JCT. RTE. 1,660,40,6.1,2,17,E,-123.71483050955672,39.8682645421847,State,True
3061,273,,2,SHA,,11.1,,A,CANYON ROAD,18900,917,4.85,108,23,V,-122.3793797008922,40.50653004671314,State,True
3063,273,,2,SHA,,11.83,,A,"REDDING, CLEAR CREEK ROAD",19200,480,2.5,102,20,E,-122.38129691321936,40.51691794498085,State,True
3065,273,,2,SHA,,12.27,,A,"REDDING, WESTWOOD AVENUE",21900,565,2.58,107,20,E,-122.38236958341527,40.52302269684237,State,True
3067,273,,2,SHA,,12.68,,A,"REDDING, CEDARS/SOUTH BONNEYVIEW ROADS",14700,767,5.22,60,23,V,-122.3834233449728,40.528997746775424,State,True
3069,273,,2,SHA,,16.833,,A,JCT. RTE. 299W AND RTE. 44E,15900,122,0.77,21,20,E,-122.3922686198926,40.58770726580741,State,True
3071,273,,2,SHA,,17.39,,A,QUARTZ HILL/RIO,19100,743,3.89,134,20,E,-122.3893052780946,40.594407045745065,State,True
3073,273,,2,SHA,,17.39,,B,QUARTZ HILL/RIO,16300,701,4.3,126,20,E,-122.3893052780946,40.594407045745065,State,True
3075,273,,2,SHA,,17.81,,A,"REDDING, BENTON DRIVE",17800,103,0.58,18,20,E,-122.38404250608741,40.5994636287929,State,True
3077,273,,2,SHA,,18.622,,A,LAKE BOULEVARD,12800,233,1.82,31,20,E,-122.37662384477201,40.6094062220586,State,True
3079,273,,2,SHA,,18.92,,A,TWINVIEW BOULEVARD,9000,221,2.45,25,20,E,-122.37527171857266,40.613474885730675,State,True
3081,273,,2,SHA,,20.033,,B,JCT. RTE. 5,6200,184,2.96,31,20,E,-122.36837625673995,40.6286331332552,State,True
3083,273,,2,SHA,,3.812,,A,JCT. RTE. 5,8700,601,6.91,83,21,V,-122.28462459534123,40.43099679196784,State,True
3085,273,,2,SHA,,4.44,,A,"ANDERSON, PINON AVENUE",11200,694,6.2,194,20,E,-122.29125493379082,40.43865798820684,State,True
3087,273,,2,SHA,,4.44,,B,"ANDERSON, PINON AVENUE",7600,470,6.19,132,20,E,-122.29125493379082,40.43865798820684,State,True
3089,273,,2,SHA,,5.206,,A,"ANDERSON, SOUTH STREET",10700,430,4.02,106,20,E,-122.29807722514867,40.4482349027659,State,True
3091,273,,2,SHA,,5.206,,B,"ANDERSON, SOUTH STREET",12000,466,3.88,118,20,E,-122.29807722514867,40.4482349027659,State,True
3093,273,,2,SHA,,5.438,,A,"ANDERSON, NORTH STREET",8300,384,4.63,91,20,E,-122.3013744878058,40.45050535431674,State,True
3095,273,,2,SHA,,6.387,,A,ALEXANDER AVENUE,9000,408,4.53,96,20,E,-122.31474236515947,40.45965884668849,State,True
3097,273,,2,SHA,,6.387,,B,ALEXANDER AVENUE,9500,253,2.66,33,20,E,-122.31474236515947,40.45965884668849,State,True
3099,273,,2,SHA,,6.9,,A,OX YOKE ROAD,11200,510,4.55,112,20,E,-122.3220317984314,40.46464639722915,State,True
3101,273,,2,SHA,,7.24,,A,CHAMPION/FRONTAGE ROADS,11100,490,4.41,104,20,E,-122.32688427301738,40.46796653676801,State,True
3103,273,,2,SHA,,7.54,,A,HILL STREET,10100,428,4.24,87,20,E,-122.33103491543146,40.470806055718946,State,True
3105,273,,2,SHA,,9.99,,A,HAPPY VALLEY ROAD,11000,356,3.24,71,20,E,-122.36586405875912,40.49459204690234,State,True
3107,275,,3,YOL,,12.009,,A,JCT. RTE. 50,9500,399,4.2,27,86,E,-121.52573212828092,38.57723098773003,State,True
3109,27,,7,LA,,0.0,,A,JCT. RTE. 1,14100,235,1.67,13,6,V,-118.57931065111929,34.040108906789975,State,True
3111,27,,7,LA,,12.276,,B,"LOS ANGELES, VENTURA BOULEVARD",30000,666,2.22,36,6,V,-118.60577286972097,34.16852711935667,State,True
3113,27,,7,LA,,12.43,,A,"LOS ANGELES, JCT. RTE. 101",48500,1567,3.23,140,6,V,-118.60577895401038,34.17075160432708,State,True
3115,27,,7,LA,,12.43,,B,"LOS ANGELES, JCT. RTE. 101",56000,1915,3.42,137,6,E,-118.60577895401038,34.17075160432708,State,True
3117,27,,7,LA,,20.062,,B,"LOS ANGELES, JCT. RTE. 118",41500,2009,4.84,239,6,V,-118.60479722655889,34.27775120519513,State,True
3119,280,,4,SCL,L,5.408,,A,"SAN JOSE, JCT. RTES. 17/880",167000,5177,3.1,740,96,E,-121.94031001730222,37.31740852622654,Interstate,True
3121,280,,4,SCL,R,0.366,,A,MCLAUGHLIN AVENUE,210000,7035,3.35,969,0,V,-121.85740533336741,37.33651131534501,Interstate,True
3123,280,,4,SCL,R,0.0,,A,"SAN JOSE, JCT. RTES. 101/680",201000,9447,4.7,1165,96,V,-121.85211546727297,37.33973764478589,Interstate,True
3125,280,,4,SCL,R,1.992,,A,"SAN JOSE, JCT. RTE. 82",179000,4654,2.6,504,96,V,-121.88322697142482,37.32632668825434,Interstate,True
3127,280,,4,SCL,R,2.522,,A,"SAN JOSE, JCT. RTE. 87",143000,2188,1.53,253,0,V,-121.89235003776986,37.32398586273484,Interstate,True
3129,280,,4,SCL,R,2.522,,B,"SAN JOSE, JCT. RTE. 87",179000,4475,2.5,552,96,V,-121.89235003776986,37.32398586273484,Interstate,True
3131,280,,4,SCL,,10.741,,A,"SUNNYVALE, JCT. RTE. 85",129000,4257,3.3,511,96,E,-122.05587608491828,37.332561145845744,Interstate,True
3133,280,,4,SCL,,9.433,,A,"SARATOGA, SUNNYVALE/DE ANZA BOULEVARD",121000,3594,2.97,655,5,V,-122.03231279801041,37.33452443773757,Interstate,True
3135,280,,4,SCL,,9.433,,B,"SARATOGA, SUNNYVALE/DE ANZA BOULEVARD",132000,4171,3.16,690,0,V,-122.03231279801041,37.33452443773757,Interstate,True
3137,280,,4,SF,R,0.738,,A,"SAN FRANCISCO, JCT. RTE. 82",156000,2496,1.6,280,8,V,-122.45660206993774,37.71062090174509,Interstate,True
3139,280,,4,SF,R,0.738,,B,"SAN FRANCISCO, JCT. RTE. 82",120000,1464,1.22,131,8,V,-122.45660206993774,37.71062090174509,Interstate,True
3141,280,,4,SF,R,4.341,R,B,"SAN FRANCISCO, JCT. RTE. 101",75000,1283,1.71,106,5,V,-122.40675415956322,37.73521147431804,Interstate,True
3142,280,,4,SF,R,6.05,,A,INDIANA STREET/PENNSYLVANIA AVENUE,107000,2675,2.5,216,96,V,-122.39221863134198,37.756427838763514,Interstate,True
3144,280,,4,SF,T,7.07,,B,"SAN FRANCISCO, 4TH STREET",94000,686,0.73,76,2,V,-122.3969342269332,37.76886493517243,Interstate,True
3146,280,,4,SF,T,7.543,,B,"SAN FRANCISCO, BRANNAN STREET",49000,1014,2.07,150,2,V,-122.4009952111937,37.7748139452183,Interstate,True
3148,280,,4,SM,M,27.165,R,B,"DALY CITY, JCT. RTE. 1 NORTH",92000,1012,1.1,96,96,V,-122.4710776553767,37.705009179669375,Interstate,True
3149,280,,4,SM,R,19.278,,A,"SAN BRUNO, JCT. RTE. 35 NORTH",99000,436,0.44,44,5,V,-122.42772106556835,37.604445196763315,Interstate,True
3151,280,,4,SM,R,19.278,,B,"SAN BRUNO, JCT. RTE. 35 NORTH",112000,269,0.24,25,5,V,-122.42772106556835,37.604445196763315,Interstate,True
3153,280,,4,SM,R,20.747,,A,"SAN BRUNO, SAN BRUNO AVENUE",104000,2465,2.37,246,0,V,-122.42826572400655,37.62434853485569,Interstate,True
3155,280,,4,SM,R,22.62,,A,"SOUTH SAN FRANCISCO, WESTBOROUGH BLVD",158000,1264,0.8,107,96,E,-122.44907304969136,37.64526897634124,Interstate,True
3157,280,,4,SM,R,24.197,,A,"DALY CITY, HICKEY BOULEVARD",156000,1420,0.91,145,0,V,-122.46553011472953,37.663347171954264,Interstate,True
3159,280,,4,SM,R,25.28,,A,"DALY CITY, JCT. RTE. 1 SOUTH",180000,2286,1.27,259,5,V,-122.47125716841487,37.678058787674665,Interstate,True
3161,280,,4,SM,R,25.28,,B,"DALY CITY, JCT. RTE. 1 SOUTH",186000,2195,1.18,239,5,V,-122.47125716841487,37.678058787674665,Interstate,True
3163,280,,4,SM,R,26.042,,A,JUNIPERO SIERRA,190000,2318,1.22,239,5,V,-122.47049255478439,37.68878587576644,Interstate,True
3165,280,,4,SM,R,3.337,,A,"WOODSIDE, JCT. RTE. 84",99000,2861,2.89,306,8,V,-122.24317986300258,37.43545959535275,Interstate,True
3167,280,,4,SM,R,3.337,,B,"WOODSIDE, JCT. RTE. 84",100000,3220,3.22,431,8,V,-122.24317986300258,37.43545959535275,Interstate,True
3169,280,,4,SM,R,5.6,,B,1-MI. S/O CANADA ROAD,97000,4239,4.37,249,22,E,-122.27776463672518,37.44987274735296,Interstate,True
3171,280,,4,SM,,10.866,,A,JCT. RTE. 92,96000,1613,1.68,212,5,V,-122.33894751181258,37.50739500300121,Interstate,True
3173,280,,4,SM,,10.866,,B,JCT. RTE. 92,89000,1522,1.71,192,5,V,-122.33894751181258,37.50739500300121,Interstate,True
3175,281,,1,LAK,,15.06,,B,POINT LAKEVIEW ROAD,2000,64,3.2,3,17,E,-122.7274472982544,38.954475895797856,State,True
3177,281,,1,LAK,,17.0,,B,JCT. RTE. 29,6400,282,4.4,16,17,E,-122.74152545643527,38.92970148466814,State,True
3179,282,,11,SD,,0.581,R,B,3RD ST./ALAMEDA BLVD,13600,408,3.0,36,86,V,-117.18293990514933,32.69965375666725,State,True
3180,282,,11,SD,,0.0,R,A,JCT. RTE. 75,16100,7392,45.91,1599,23,V,-117.17402061623662,32.6959221447438,State,True
3181,283,,1,HUM,,0.356,,B,NORTH END OF EEL RIVER BRIDGE,2210,84,3.8,5,22,V,-124.1011061113725,40.49263916623987,State,True
3183,283,,1,HUM,,0.0,,A,"JCT. RTE. 101, NORTH SCOTIA",2250,81,3.59,5,18,V,-124.09834551843583,40.48830195271357,State,True
3185,284,,2,PLU,,0.0,,A,JCT. RTE. 70,690,1,0.12,0,22,E,-120.13962511413243,39.79766128814164,State,True
3187,284,,2,PLU,,8.302,,B,FRENCHMAN RESERVOIR,390,0,0.04,0,22,E,-120.19107713443168,39.89275429279877,State,True
3189,28,,3,PLA,,0.085,,A,"TAHOE CITY, JCT. RTE. 89",6800,245,3.61,21,7,E,-120.14520465636328,39.16775073568718,State,True
3191,28,,3,PLA,,11.0,,B,CAL-NEVA DRIVE,10900,293,2.69,23,15,V,-120.0065491909995,39.22705380170583,State,True
3193,28,,3,PLA,,4.25,,A,LARDIN WAY,6100,257,4.21,24,12,V,-120.0937541865562,39.20731370425778,State,True
3195,28,,3,PLA,,9.34,,A,"KINGS BEACH, JCT. RTE. 267 NORTH",12500,451,3.61,38,7,E,-120.0315354847759,39.23791219292058,State,True
3197,28,,3,PLA,,9.34,,B,"KINGS BEACH, JCT. RTE. 267 NORTH",10500,379,3.61,32,7,E,-120.0315354847759,39.23791219292058,State,True
3199,299,,1,HUM,R,1.802,,A,JCT. RTE. 200 WEST,12400,1612,13.0,224,18,E,-124.05796336192428,40.909981997066375,State,True
3201,299,,1,HUM,R,1.802,,B,JCT. RTE. 200 WEST,11200,1456,13.0,202,18,E,-124.05796336192428,40.909981997066375,State,True
3203,299,,1,HUM,R,5.451,,A,BLUE LAKE ROAD,5000,650,13.0,90,16,E,-123.99786433387155,40.8879568762854,State,True
3205,299,,1,HUM,,0.0,,A,"ARCATA, JCT. RTE. 101",12550,1521,12.12,321,22,V,-124.083298629629,40.89723679520397,State,True
3207,299,,1,HUM,,38.833,,A,"WILLOW CREEK, JCT. RTE. 96 NORTH",5500,715,13.0,99,18,E,-123.63145737216755,40.93937938576576,State,True
3209,299,,1,HUM,,38.833,,B,"WILLOW CREEK, JCT. RTE. 96 NORTH",5300,506,9.55,67,18,V,-123.63145737216755,40.93937938576576,State,True
3211,299,,1,HUM,,41.86,,A,"GAMBI VILLAGE, EAST",3010,484,16.07,62,22,V,-123.60997836267008,40.90125441070706,State,True
3213,299,,1,HUM,,43.035,,B,HUMBOLT/TRINITY COUNTY LINE,3650,417,11.42,38,20,E,-123.60100940500703,40.888927556773034,State,True
3215,299,,2,LAS,,10.407,,O,CEMETERY ROAD,1450,252,17.39,47,23,E,-121.19547147277477,41.08438873700727,State,True
3217,299,,2,MOD,,0.332,,A,"ADIN, JCT. RTE. 139, SOUTH",1100,146,13.28,24,23,E,-120.94517874055465,41.187463546672646,State,True
3219,299,,2,MOD,,0.332,,B,"ADIN, JCT. RTE. 139, SOUTH",840,109,13.0,18,23,E,-120.94517874055465,41.187463546672646,State,True
3221,299,,2,MOD,,0.0,,A,LASSEN/MODOC COUNTY LINE,850,148,17.46,25,23,E,-120.95036211676207,41.18430076369688,State,True
3223,299,,2,MOD,,21.749,,A,JCT. RTE. 139 NORTH,2050,377,18.41,87,23,E,-120.87871101556533,41.43793657071137,State,True
3225,299,,2,MOD,,21.749,,B,JCT. RTE. 139 NORTH,850,147,17.29,24,23,E,-120.87871101556533,41.43793657071137,State,True
3227,299,,2,MOD,,40.276,,A,"ALTURAS, JUNIPER STREET",2950,360,12.2,83,23,E,-120.5495989756258,41.49453656075865,State,True
3229,299,,2,MOD,,40.276,,B,"ALTURAS, JUNIPER STREET",1550,450,29.04,104,23,E,-120.5495989756258,41.49453656075865,State,True
3231,299,,2,MOD,,40.63,,B,"ALTURAS, JCT. RTE. 395",4700,342,7.28,79,23,E,-120.5426035492683,41.49450281370093,State,True
3233,299,,2,MOD,,40.64,,A,"ALTURAS, JCT. RTE. 395",750,122,16.2,15,23,E,-120.45990778202756,41.540205356709826,State,True
3235,299,,2,MOD,,57.354,,A,LAKE CITY ROAD,290,53,18.3,5,23,E,-120.17193006697016,41.5295756211789,State,True
3237,299,,2,MOD,,57.354,,B,LAKE CITY ROAD,900,96,10.7,11,23,E,-120.17193006697016,41.5295756211789,State,True
3239,299,,2,MOD,,66.632,,B,NEVADA STATE LINE,95,18,19.26,2,23,E,-119.99916537623226,41.55758091067481,State,True
3241,299,,2,SHA,,0.0,,A,TRINITY/SHASTA COUNTY LINE,4200,444,10.57,82,21,V,-122.73381152158092,40.63510705105486,State,True
3243,299,,2,SHA,,16.47,,A,KENNEDY DRIVE,4650,259,5.56,64,20,E,-122.51946667567867,40.6150977403061,State,True
3245,299,,2,SHA,,17.739,,A,ROCK CREEK ROAD,9100,297,3.26,68,20,E,-122.50240882905658,40.60442215124615,State,True
3247,299,,2,SHA,,21.648,,B,"REDDING, WEST CITY LIMITS",9300,865,9.3,133,23,V,-122.43765699495606,40.582694386331745,State,True
3249,299,,2,SHA,,23.81,,A,"REDDING, COURT STREET",19300,322,1.67,58,20,E,-122.39711701972047,40.58641337271931,State,True
3251,299,,2,SHA,,23.81,,B,"REDDING, COURT STREET",19400,322,1.66,58,20,E,-122.39711701972047,40.58641337271931,State,True
3253,299,,2,SHA,,24.822,,A,"REDDING, JCT. RTE. 5",20500,1027,5.01,123,23,V,-122.36310981870811,40.612260841875326,State,True
3255,299,,2,SHA,,25.54,,A,HAWLEY ROAD,10700,401,3.75,93,20,E,-122.34994657667781,40.61456517595937,State,True
3257,299,,2,SHA,,27.239,,A,OLD OREGON TRAIL,9400,355,3.78,84,20,E,-122.31864975816765,40.62067545380385,State,True
3259,299,,2,SHA,,60.05,,B,BIG BEND ROAD,2600,450,17.3,87,21,V,-121.90734110167166,40.865630058115165,State,True
3261,299,,2,SHA,,72.64,,O,HAYNES ROAD,3400,523,15.39,117,20,E,-121.70670888137633,40.87435217276876,State,True
3263,299,,2,SHA,,73.13,,A,TAMARACK ROAD,2800,431,15.39,96,20,E,-121.69768987228059,40.872959311180274,State,True
3265,299,,2,SHA,,74.98,,B,"BURNEY, PLUMAS STREET",3050,628,20.59,117,23,E,-121.66671343342495,40.88192645990703,State,True
3267,299,,2,SHA,,76.181,,A,BLACK RANCH ROAD,5800,637,10.98,113,23,E,-121.6503097310096,40.892725660831424,State,True
3269,299,,2,SHA,,8.648,,A,FRENCH GULCH ROAD,5400,578,10.71,151,20,E,-122.63655683039565,40.66525297533873,State,True
3271,299,,2,SHA,,8.648,,B,FRENCH GULCH ROAD,4250,485,11.41,122,20,E,-122.63655683039565,40.66525297533873,State,True
3273,299,,2,SHA,,80.085,,A,"FOUR CORNERS, JCT. RTE. 89",3100,359,11.58,59,23,V,-121.60662733033253,40.938178523778525,State,True
3275,299,,2,SHA,,80.085,,B,"FOUR CORNERS, JCT. RTE. 89",4200,599,14.26,147,23,E,-121.60662733033253,40.938178523778525,State,True
3277,299,,2,SHA,,91.56,,A,"FALL RIVER MILLS, MAIN STREET",3600,427,11.86,76,23,E,-121.43857551508714,41.00413656508015,State,True
3279,299,,2,SHA,,91.56,,B,"FALL RIVER MILLS, MAIN STREET",3100,437,14.1,78,23,E,-121.43857551508714,41.00413656508015,State,True
3281,299,,2,SHA,,96.78,,A,PITTVILLE ROAD,1100,288,26.18,51,23,E,-121.37702390223684,41.058511013216226,State,True
3283,299,,2,SHA,,96.78,,B,PITTVILLE ROAD,2700,417,15.44,74,23,E,-121.37702390223684,41.058511013216226,State,True
3285,299,,2,SHA,,99.361,,B,SHASTA/LASSEN COUNTY LINE,1250,307,24.52,54,23,E,-121.33155174939166,41.07287172391867,State,True
3287,299,,2,TRI,R,58.11,,A,EAST JCT. RTE. 3,5000,307,6.14,74,20,E,-122.93930496605311,40.651295546768075,State,True
3289,299,,2,TRI,R,58.11,,B,EAST JCT. RTE. 3,4700,448,9.53,77,23,E,-122.93930496605311,40.651295546768075,State,True
3291,299,,2,TRI,,51.03,,A,"WEAVERVILLE, WEST CITY LIMITS",2100,229,10.9,40,21,V,-122.94777772489594,40.736093544219386,State,True
3293,299,,2,TRI,,51.03,,B,"WEAVERVILLE, WEST CITY LIMITS",2550,238,9.34,56,20,E,-122.94777772489594,40.736093544219386,State,True
3295,299,,2,TRI,,52.07,,O,"WEAVERVILLE, WASHINGTON STREET",8400,211,2.51,56,20,E,-122.93622105417431,40.727474388811636,State,True
3297,299,,2,TRI,,52.72,,A,MARTIN/NUGGET  ROADS,6800,270,3.97,68,20,E,-122.92823514268956,40.72024233828938,State,True
3299,299,,2,TRI,,52.72,,B,MARTIN/NUGGET  ROADS,7700,294,3.82,75,20,E,-122.92823514268956,40.72024233828938,State,True
3301,299,,2,TRI,,63.51,,A,LEWISTON ROAD,4350,315,7.25,80,20,E,-122.86256178982116,40.67268741213428,State,True
3303,299,,2,TRI,,67.425,,A,NEW LEWISTON ROAD,4250,484,11.39,121,20,E,-122.7972683659274,40.663647356285836,State,True
3305,29,,1,LAK,R,40.14,,A,JCT. RTE. 175,13000,710,5.46,66,17,E,-122.91290448237268,39.01689411372152,State,True
3307,29,,1,LAK,R,40.14,,B,JCT. RTE. 175,14500,792,5.46,74,17,E,-122.91290448237268,39.01689411372152,State,True
3309,29,,1,LAK,R,45.145,,B,PARK WAY,12200,715,5.86,67,18,V,-122.92608977355162,39.08418231178601,State,True
3311,29,,1,LAK,,20.31,,A,JCT. RTE. 53 NORTH,9700,869,8.96,101,18,E,-122.61236594988759,38.910147740704154,State,True
3313,29,,1,LAK,,20.31,,B,JCT. RTE. 53 NORTH,11700,906,7.74,96,17,V,-122.61236594988759,38.910147740704154,State,True
3315,29,,1,LAK,,31.05,,A,JCT. RTE. 175,9900,766,7.74,81,18,E,-122.79218130708476,38.94260281070603,State,True
3317,29,,1,LAK,,31.05,,B,JCT. RTE. 175,9300,720,7.74,76,18,E,-122.79218130708476,38.94260281070603,State,True
3319,29,,1,LAK,,5.811,,A,"MIDDLETOWN, JCT. RTE. 175",12800,781,6.1,59,18,E,-122.61525384577813,38.75239206717414,State,True
3321,29,,1,LAK,,5.811,,B,"MIDDLETOWN, JCT. RTE. 175",8100,322,3.98,29,20,V,-122.61525384577813,38.75239206717414,State,True
3323,29,,1,LAK,,52.539,,B,"JCT. RTE. 20, UPPER LAKE",6620,525,7.93,56,18,E,-122.92098319521617,39.16318551785787,State,True
3325,29,,4,NAP,R,6.196,,A,JCT. RTE. 221 NORTH,46500,3483,7.49,586,2,V,-122.26914638763724,38.241397171261426,State,True
3327,29,,4,NAP,R,8.657,,A,JCT. RTE. 121 SOUTH,50000,3000,6.0,494,99,V,-122.30277272542699,38.257582986182385,State,True
3329,29,,4,NAP,R,9.1,,B,IMOLA AVENUE,41500,3810,9.18,295,22,V,-122.29915299543067,38.26333830801206,State,True
3331,29,,4,NAP,,10.305,,A,"NAPA, JCT. RTE. 121 NORTH",57000,2770,4.86,427,99,V,-122.30024605918018,38.2819563983016,State,True
3333,29,,4,NAP,,11.548,,A,FIRST STREET,65000,2191,3.37,361,99,V,-122.30264333209347,38.299856708679954,State,True
3335,29,,4,NAP,,24.595,,A,"RUTHERFORD, JCT. RTE. 128 EAST",23200,1673,7.21,256,8,V,-122.42278040786249,38.45875065985881,State,True
3337,29,,4,NAP,,24.595,,B,"RUTHERFORD, JCT. RTE. 128 EAST",25000,1553,6.21,244,8,V,-122.42278040786249,38.45875065985881,State,True
3339,29,,4,NAP,,28.75,,A,"ST. HELENA, ADAMS STREET",19300,1297,6.72,144,2,V,-122.47035469033776,38.50529058203945,State,True
3341,29,,4,NAP,,36.893,,A,"CALISTOGA, JCT. RTE. 128 NORTHWEST",12200,389,3.19,51,99,V,-122.58052733586999,38.57526199669057,State,True
3343,29,,4,NAP,,36.893,,B,"CALISTOGA, JCT. RTE. 128 NORTHWEST",14000,850,6.07,96,2,V,-122.58052733586999,38.57526199669057,State,True
3345,29,,4,NAP,,37.902,,A,"CALISTOGA, SILVERADO TRAIL",10300,934,9.07,106,8,V,-122.57740540459342,38.588981427743036,State,True
3347,29,,4,NAP,,37.902,,B,"CALISTOGA, SILVERADO TRAIL",12200,501,4.11,43,8,V,-122.57740540459342,38.588981427743036,State,True
3349,29,,4,NAP,,4.706,,A,JCT. RTE. 12 EAST,63000,3956,6.28,662,2,V,-122.25789250126861,38.223166252981486,State,True
3351,29,,4,NAP,,4.706,,B,JCT. RTE. 12 EAST,42000,2919,6.95,562,2,V,-122.25789250126861,38.223166252981486,State,True
3353,29,,4,SOL,,0.0,,A,"VALLEJO, JCT. RTE. 80",8300,314,3.78,41,2,V,-122.23204083342955,38.0764948227323,State,True
3355,29,,4,SOL,,2.066,,A,"VALLEJO, MAINE STREET",15500,592,3.82,49,2,V,-122.25503117484921,38.099126567687556,State,True
3357,29,,4,SOL,,2.066,,B,"VALLEJO, MAINE STREET",15500,578,3.73,49,2,V,-122.25503117484921,38.099126567687556,State,True
3359,29,,4,SOL,,2.82,,A,"VALLEJO, TENNESSEE STREET",19300,720,3.73,49,2,V,-122.25475693715927,38.109996209718695,State,True
3361,29,,4,SOL,,2.82,,B,"VALLEJO, TENNESSEE STREET",15500,426,2.75,27,2,V,-122.25475693715927,38.109996209718695,State,True
3363,29,,4,SOL,,4.732,,A,LEWIS BROWN DR/JCT. RTE. 37,44000,3494,7.94,697,99,V,-122.25607629281706,38.13767342274302,State,True
3365,29,,4,SOL,,4.732,,B,LEWIS BROWN DR/JCT. RTE. 37,29000,972,3.35,95,2,V,-122.25607629281706,38.13767342274302,State,True
3367,29,,4,SOL,,5.955,,B,SOLANO/NAPA COUNTY LINE,44000,3045,6.92,515,2,V,-122.25361659238142,38.154953692719296,State,True
3369,2,,7,LA,R,18.814,,A,"LOS ANGELES, JCT. RTE. 134",104000,1165,1.12,149,12,E,-118.22618773957991,34.14656981812587,State,True
3371,2,,7,LA,R,18.814,,B,"LOS ANGELES, JCT. RTE. 134",128000,2803,2.19,263,12,E,-118.22618773957991,34.14656981812587,State,True
3373,2,,7,LA,R,22.939,,B,"LA CANADA-FLINTRIDGE, JCT. RTE. 210",99000,1752,1.77,156,16,V,-118.21826137741537,34.20463483708691,State,True
3375,2,,7,LA,R,23.438,,B,"LA CANADA-FLINTRIDGE, FOOTHILL BOULEVARD",11600,130,1.12,16,12,E,-118.21546319627225,34.211454875665446,State,True
3377,2,,7,LA,,10.896,,A,"LOS ANGELES, HIGHLAND AVENUE",31000,787,2.54,54,6,E,-118.33851364056004,34.090690616286906,State,True
3379,2,,7,LA,,12.74,,B,"LOS ANGELES, JCT. RTE. 101",44500,1130,2.54,77,6,V,-118.30659220097495,34.090790857079746,State,True
3381,2,,7,LA,,12.75,,A,"LOS ANGELES, JCT. RTE. 101",32500,1342,4.13,117,6,V,-118.26686609669179,34.072095857286904,State,True
3383,2,,7,LA,,15.143,,A,"LOS ANGELES, JCT. RTE. 5",128000,2803,2.19,263,12,E,-118.24983979171596,34.10247280586622,State,True
3385,2,,7,LA,,15.143,,B,"LOS ANGELES, JCT. RTE. 5",46000,1279,2.78,153,12,E,-118.24983979171596,34.10247280586622,State,True
3387,2,,7,LA,,16.008,,A,"LOS ANGELES, SAN FERNANDO ROAD ",123000,2694,2.19,252,12,E,-118.24430093418431,34.11314528468639,State,True
3389,2,,7,LA,,24.463,,A,"EAST JCT. RTE. 210, VIA ANGELES CREST HIGHWAY",12300,282,2.29,14,6,V,-118.20011429566354,34.206666513268274,State,True
3391,2,,7,LA,,3.645,,B,"LOS ANGELES, JCT. RTE. 405",40500,960,2.37,55,6,V,-118.44684985297043,34.04690184503467,State,True
3393,2,,7,LA,,33.8,,A,ANGELES FOREST HIGHWAY,600,33,5.55,4,6,V,-118.15344359259996,34.270174122230415,State,True
3395,2,,7,LA,,33.8,,B,ANGELES FOREST HIGHWAY,2500,38,1.53,5,6,V,-118.15344359259996,34.270174122230415,State,True
3397,2,,7,LA,,38.37,,A,MOUNT WILSON ROAD,290,15,5.24,2,6,E,-118.10522747014242,34.258453611028656,State,True
3399,2,,7,LA,,38.37,,B,MOUNT WILSON ROAD,600,33,5.55,4,6,E,-118.10522747014242,34.258453611028656,State,True
3401,2,,7,LA,,64.085,,A,"ISLIP SADDLE, JCT. RTE. 39 SOUTH (CLOSED)",170,8,4.92,1,6,E,-117.8511994225967,34.35684383698686,State,True
3403,2,,7,LA,,64.085,,B,"ISLIP SADDLE, JCT. RTE. 39 SOUTH (CLOSED)",170,8,4.92,1,6,E,-117.8511994225967,34.35684383698686,State,True
3405,2,,7,LA,,77.39,,A,BLUE RIDGE ROAD,310,13,4.29,1,6,E,-117.72069189425217,34.375148474968015,State,True
3407,2,,7,LA,,77.39,,B,BLUE RIDGE ROAD,170,8,4.61,1,6,E,-117.72069189425217,34.375148474968015,State,True
3409,2,,8,SBD,,6.358,,B,JCT. RTE. 138,7500,299,3.98,22,6,E,-117.57627110158205,34.39081193236302,State,True
3411,32,,2,TEH,R,24.876,,B,JCT. RTE. 36,960,89,9.27,20,22,E,-121.42118728157828,40.27938776923091,State,True
3413,32,,2,TEH,,0.0,,A,BUTTE/TEHAMA COUNTY LINE,1400,130,9.31,33,22,E,-121.61484506105947,40.047192435860225,State,True
3415,32,,3,BUT,,10.187,R,A,"CHICO, JCT. RTE. 99",15600,1092,7.0,121,83,E,-121.81919046758169,39.73603300201369,State,True
3416,32,,3,BUT,,10.187,R,B,"CHICO, JCT. RTE. 99",17300,792,4.58,115,0,E,-121.81919046758169,39.73603300201369,State,True
3417,32,,3,BUT,,11.27,,A,"CHICO, EL MONTE AVENUE",12600,445,3.53,49,83,E,-121.79990947388774,39.74037544166948,State,True
3419,32,,3,BUT,,7.79,,A,WEST SACRAMENTO AVENUE,19300,1058,5.48,154,0,E,-121.8582050935834,39.73060551882923,State,True
3421,32,,3,BUT,,7.79,,B,WEST SACRAMENTO AVENUE,17900,786,4.39,100,0,E,-121.8582050935834,39.73060551882923,State,True
3423,32,,3,GLE,L,0.0,,A,JCT. RTE. 5,6900,846,12.26,166,0,E,-122.2055212529054,39.7506994172678,State,True
3425,32,,3,GLE,,9.626,,A,JCT. RTE. 45 SOUTH,12900,1001,7.76,176,0,E,-122.01937021814653,39.74449621790282,State,True
3427,32,,3,GLE,,9.626,,B,JCT. RTE. 45 SOUTH,10000,867,8.67,170,0,E,-122.01937021814653,39.74449621790282,State,True
3429,330,,8,SBD,R,28.696,,A,JCT. RTE. 210,11000,275,2.5,34,85,V,-117.20474263783079,34.129729730173985,State,True
3431,330,,8,SBD,,44.118,,B,"RUNNING SPRINGS, JCT. RTE. 18",12000,480,4.0,32,79,E,-117.10417105759608,34.204877827328914,State,True
3433,33,,10,MER,R,13.238,,A,WEST JCT. RTE 152,10500,3192,30.4,868,88,V,-121.01634419633912,37.05686968725503,State,True
3435,33,,10,MER,R,16.643,,B,JCT. RTE. 5,12900,3664,28.4,1026,97,V,-121.01580089615364,37.10640102783268,State,True
3437,33,,10,MER,R,5.635,,B,EAST JCT. RTE. 152,6500,910,14.0,220,83,E,-120.63556022043397,37.05052648105472,State,True
3439,33,,10,MER,,16.643,,A,JCT. RTE. 5,14200,3280,23.1,955,97,V,-121.01580089615364,37.10640102783268,State,True
3441,33,,10,MER,,26.464,,B,NORTH JCT. RTE. 140 EAST,7600,1497,19.7,399,97,E,-121.01283166769555,37.24580701993621,State,True
3443,33,,10,MER,,27.111,,A,NORTH JCT. RTE. 140 EAST,8900,1246,14.0,327,98,V,-120.99976203371114,37.26015625567044,State,True
3445,33,,10,SJ,,0.818,,A,"VERNALIS, JCT. RTE. 132",3600,594,16.51,78,79,E,-121.29528830737235,37.63792571632115,State,True
3447,33,,10,SJ,,0.818,,B,"VERNALIS, JCT. RTE. 132",2900,600,20.69,79,79,E,-121.29528830737235,37.63792571632115,State,True
3449,33,,10,SJ,,4.826,,B,JCT. RTE. 5,4800,787,16.4,103,79,E,-121.34320900986555,37.68171113585908,State,True
3451,33,,10,STA,,6.838,,A,"CROWS LANDING, CROWS LANDING/FINK ROADS",4600,437,9.5,61,79,V,-121.07119332614103,37.39259796120466,State,True
3453,33,,5,SLO,,2.775,,B,JCT. RTE. 166 WEST,630,216,34.31,34,21,V,-119.51204368340399,34.93628058673686,State,True
3455,33,,5,SLO,,2.802,,A,JCT. RTE. 166 WEST,3600,1297,36.03,193,21,V,-119.51202548263801,34.93628225401296,State,True
3457,33,,6,FRE,R,18.588,,B,GALE AVENUE,4550,711,15.62,119,21,V,-120.35382236863006,36.17993858072153,State,True
3459,33,,6,FRE,R,29.0,,B,"JCT. RTE. 145 NORTHEAST, SOUTH JCT. RTE. 5",2250,416,18.5,68,20,E,-120.26934649083918,36.29420979480536,State,True
3461,33,,6,FRE,R,39.853,,A,NORTH JCT. RTE. 5,1800,665,36.92,174,19,V,-120.39414214163672,36.43571828172409,State,True
3463,33,,6,FRE,R,79.905,,A,BRANNON AVENUE,2350,353,15.0,63,13,E,-120.60013907206273,36.936315088273545,State,True
3465,33,,6,FRE,R,79.905,,B,BRANNON AVENUE,2550,455,17.85,79,19,V,-120.60013907206273,36.936315088273545,State,True
3467,33,,6,FRE,,14.75,,B,MERCED AVENUE,9200,661,7.19,63,20,V,-120.34374285971386,36.136604823138384,State,True
3469,33,,6,FRE,,15.707,,A,"COALINGA, JCT. RTE. 198 WEST",8400,918,10.93,56,20,E,-120.36029572199226,36.13972694069218,State,True
3471,33,,6,FRE,,15.707,,B,"COALINGA, JCT. RTE. 198 WEST",4100,172,4.2,14,20,E,-120.36029572199226,36.13972694069218,State,True
3473,33,,6,FRE,,16.8,,A,"COALINGA, PHELPS AVENUE",5400,759,14.06,71,20,E,-120.35444663756543,36.15451197182361,State,True
3475,33,,6,FRE,,24.316,,A,JCT. RTE. 198 EAST,2450,449,18.34,73,20,V,-120.31527806188359,36.24582171173321,State,True
3477,33,,6,FRE,,24.316,,B,JCT. RTE. 198 EAST,4150,708,17.06,104,20,V,-120.31527806188359,36.24582171173321,State,True
3479,33,,6,FRE,,62.247,,A,"MENDOTA, JCT. RTE. 180 EAST",13500,1076,7.97,181,19,V,-120.38651600093173,36.76074002268826,State,True
3481,33,,6,FRE,,62.247,,B,"MENDOTA, JCT. RTE. 180 EAST",5100,706,13.85,121,19,V,-120.38651600093173,36.76074002268826,State,True
3483,33,,6,FRE,,70.557,,A,"FIREBAUGH, 8TH STREET",8800,1263,14.35,158,13,E,-120.46064893705271,36.86127987806121,State,True
3485,33,,6,FRE,,70.557,,B,"FIREBAUGH, 8TH STREET",9300,1767,19.0,256,1,V,-120.46064893705271,36.86127987806121,State,True
3487,33,,6,FRE,,8.02,,A,ALPINE/LOST HILLS ROADS,1900,112,5.89,22,20,E,-120.26271842512722,36.10083704963924,State,True
3489,33,,6,FRE,,8.02,,B,ALPINE/LOST HILLS ROADS,2150,243,11.29,33,20,E,-120.26271842512722,36.10083704963924,State,True
3491,33,,6,KER,R,11.555,,A,"MARICOPA, JCT. RTE. 166 EAST",4500,551,12.24,99,21,V,-119.4010213043765,35.05843445834007,State,True
3493,33,,6,KER,R,11.555,,B,"MARICOPA, JCT. RTE. 166 EAST",4000,870,21.74,205,21,E,-119.4010213043765,35.05843445834007,State,True
3495,33,,6,KER,R,60.168,,A,JCT. RTE. 46,2250,447,19.86,96,21,V,-119.86767262329484,35.61504072085471,State,True
3497,33,,6,KER,R,60.168,,B,JCT. RTE. 46,2050,588,28.67,112,21,V,-119.86767262329484,35.61504072085471,State,True
3499,33,,6,KER,,17.889,,A,"TAFT, JCT. RTE. 119 EAST",2150,448,20.84,68,21,V,-119.44747483612687,35.135822431945584,State,True
3501,33,,6,KER,,17.889,,B,"TAFT, JCT. RTE. 119 EAST",5800,1000,17.24,135,21,E,-119.44747483612687,35.135822431945584,State,True
3503,33,,6,KER,,19.129,,A,LINCOLN/10TH STREETS,7300,918,12.58,78,21,E,-119.46515755535215,35.144912202752295,State,True
3505,33,,6,KER,,19.129,,B,LINCOLN/10TH STREETS,8700,951,10.93,86,21,E,-119.46515755535215,35.144912202752295,State,True
3507,33,,6,KER,,23.41,,A,MIDWAY ROAD,3250,742,22.83,111,21,V,-119.5274477369779,35.180160294251486,State,True
3509,33,,6,KER,,23.41,,B,MIDWAY ROAD,3700,852,23.03,81,21,E,-119.5274477369779,35.180160294251486,State,True
3511,33,,6,KER,,33.454,,A,JCT. RTE. 58 WEST,2500,958,38.32,116,21,E,-119.62553201603984,35.29671499135975,State,True
3513,33,,6,KER,,33.454,,B,JCT. RTE. 58 WEST,2500,896,35.84,119,21,E,-119.62553201603984,35.29671499135975,State,True
3515,33,,6,KER,,34.285,,A,JCT. RTE. 58 EAST,1350,501,37.11,68,21,E,-119.62232876297556,35.3090027957442,State,True
3517,33,,6,KIN,,7.8,,A,"REEF CITY, JCT. RTE. 41",3050,475,15.58,102,20,V,-120.04637176715764,35.8889106307138,State,True
3519,33,,6,KIN,,7.8,,B,"REEF CITY, JCT. RTE. 41",2050,397,19.35,91,20,V,-120.04637176715764,35.8889106307138,State,True
3521,33,,7,VEN,R,4.046,,O,"VENTURA, VENTURA AVENUE",29000,1027,3.54,66,16,V,-119.29247087521183,34.33506409067,State,True
3523,33,,7,VEN,,0.0,,A,"VENTURA, JCT. RTE. 101",39000,963,2.47,60,12,E,-119.30491853994805,34.27923139317949,State,True
3525,33,,7,VEN,,11.199,,B,WEST JCT. RTE. 150,19600,760,3.88,78,12,E,-119.28838843828404,34.42987991923544,State,True
3527,33,,7,VEN,,11.211,,A,"OJAI, EAST JCT. RTE. 150",10300,331,3.21,33,12,E,-119.26089481000571,34.441455858050844,State,True
3529,33,,7,VEN,,11.961,,A,EL ROBLAR DRIVE,2300,67,2.93,11,12,E,-119.27084329873944,34.447106026246345,State,True
3531,33,,7,VEN,,13.35,,O,LOS PADRES NATIONAL FOREST BOUNDARY,1350,60,4.47,11,12,E,-119.28308632725391,34.46281161192484,State,True
3533,33,,7,VEN,,30.219,,O,SESPE GORGE MAINTENANCE STATION,390,34,8.65,9,12,E,-119.2639140386925,34.5653040187244,State,True
3535,33,,7,VEN,,57.508,,B,VENTURA/SANTA BARBARA COUNTY LINE,310,49,15.83,3,17,V,-119.444112460883,34.790225893892604,State,True
3537,34,,7,VEN,R,13.603,,B,"CAMARILLO, JCT. RTE. 101",15400,2375,15.42,370,6,V,-119.03405386580042,34.21681327191308,State,True
3539,34,,7,VEN,,13.603,,A,"CAMARILLO, JCT. RTE. 101",15400,3082,20.01,500,6,V,-119.03405386580042,34.21681327191308,State,True
3541,34,,7,VEN,,17.663,,B,"SOMIS, JCT. RTE. 118",12300,1744,14.18,330,6,V,-118.9946703295593,34.26375483605423,State,True
3543,34,,7,VEN,,6.27,,A,"OXNARD, RICE AVENUE",9900,792,8.0,108,6,V,-119.14240295286551,34.196837446296435,State,True
3545,35,,4,SCL,R,0.053,,A,JCT. RTE. 17,1050,82,7.81,4,2,V,-121.98491574236094,37.14553422396253,State,True
3547,35,,4,SCL,,14.1,,A,JCT. RTE. 9,1400,24,1.7,3,96,V,-122.12198052941007,37.25852641884451,State,True
3549,35,,4,SCL,,14.1,,B,JCT. RTE. 9,1400,22,1.59,1,2,V,-122.12198052941007,37.25852641884451,State,True
3551,35,,4,SF,,3.164,,B,"SAN FRANCISCO, JCT. RTE. 1",28500,296,1.04,20,2,V,-122.47513098060111,37.73453952483084,State,True
3553,35,,4,SM,L,21.72,,A,JCT. RTE. 92,3800,332,8.73,45,5,V,-122.34979126784665,37.511810960256085,State,True
3555,35,,4,SM,L,23.037,,B,JCT. RTE. 280,3800,49,1.3,3,5,V,-122.42781007513827,37.604496213768215,State,True
3557,35,,4,SM,R,23.037,,A,JCT. RTE. 280,18500,179,0.97,16,2,V,-122.42781007513827,37.604496213768215,State,True
3559,35,,4,SM,R,28.687,,A,"DALY CITY, JCT. RTE. 1",28000,291,1.04,18,2,V,-122.4849998345832,37.668562336795524,State,True
3561,35,,4,SM,R,28.687,,B,"DALY CITY, JCT. RTE. 1",36000,396,1.1,30,2,V,-122.4849998345832,37.668562336795524,State,True
3563,35,,4,SM,,10.518,,B,"WOODSIDE, JCT. RTE. 84",2500,114,4.56,9,5,V,-122.26338562736576,37.38578676232701,State,True
3565,35,,4,SM,,23.037,,B,JCT. RTE. 92,2750,36,1.31,2,99,V,-122.36895038890265,37.49555075779771,State,True
3567,35,,4,SM,,30.834,,A,JOHN DALY BOULEVARD,34500,352,1.02,32,8,V,-122.49486916557072,37.69850780077603,State,True
3569,35,,4,SM,,30.834,,B,JOHN DALY BOULEVARD,33500,369,1.1,30,8,V,-122.49486916557072,37.69850780077603,State,True
3571,36,,1,HUM,,0.0,,A,"ALTON, JCT. RTE. 101",4300,419,9.75,34,16,E,-124.14541527021659,40.54862743133073,State,True
3573,36,,1,HUM,,2.811,,A,"HYDESVILLE, ROHNERVILLE ROAD",5300,753,14.2,72,17,E,-124.09749668684914,40.54759545611322,State,True
3575,36,,1,HUM,,2.811,,B,"HYDESVILLE, ROHNERVILLE ROAD",4600,653,14.2,62,17,V,-124.09749668684914,40.54759545611322,State,True
3577,36,,1,HUM,,7.54,,O,"CARLOTTA, EAST",2600,298,11.47,29,17,E,-124.02349079856046,40.51934445405559,State,True
3579,36,,2,LAS,R,19.196,,A,JCT. RTE. 44 NORTHWEST,3700,454,12.26,65,22,E,-120.75541382742519,40.411191225339664,State,True
3581,36,,2,LAS,R,19.196,,B,JCT. RTE. 44 NORTHWEST,2450,222,9.05,38,22,E,-120.75541382742519,40.411191225339664,State,True
3583,36,,2,LAS,R,26.22,,A,"SUSANVILLE, JOHNSTONVILLE ROAD",8000,723,9.04,102,22,E,-120.63500541282968,40.40943964667033,State,True
3585,36,,2,LAS,,0.76,,B,JCT. RTE. 147 SOUTH,1950,161,8.24,36,20,E,-121.04859662378394,40.31082840866518,State,True
3587,36,,2,LAS,,0.0,,O,PLUMAS/LASSEN COUNTY LINE,2200,128,5.81,26,22,E,-121.06096010380158,40.31470453785131,State,True
3589,36,,2,LAS,,22.06,,A,EAGLE LAKE ROAD,3950,485,12.27,119,22,E,-120.703078314044,40.42013173792231,State,True
3591,36,,2,LAS,,25.05,,A,"SUSANVILLE, PACIFIC STREET",9700,1032,10.64,252,22,E,-120.65422451260056,40.41674242233765,State,True
3593,36,,2,LAS,,25.356,,A,"SUSANVILLE, JCT. RTE. 139 NORTH",13400,1048,7.82,282,22,E,-120.64893656710419,40.415499243214335,State,True
3595,36,,2,LAS,,25.94,,B,RIVERSIDE DRIVE,13400,1211,9.04,326,22,E,-120.63895576686798,40.41255340191937,State,True
3597,36,,2,LAS,,3.706,,A,"WESTWOOD, COUNTY ROAD A 21",2550,214,8.39,44,22,E,-120.99293856556025,40.31516656806986,State,True
3599,36,,2,LAS,,3.706,,B,"WESTWOOD, COUNTY ROAD A 21",2500,206,8.25,38,22,E,-120.99293856556025,40.31516656806986,State,True
3601,36,,2,PLU,R,13.93,,A,BIG SPRINGS ROAD,1950,113,5.81,21,22,E,-121.14306704872979,40.305099016096186,State,True
3603,36,,2,PLU,,18.421,,O,PLUMAS/LASSEN COUNTY LINE,2200,128,5.81,26,22,E,-121.06096010380158,40.31470453785131,State,True
3605,36,,2,PLU,,6.287,,A,JCT. RTE. 89,3100,436,14.06,62,23,V,-121.25353921144242,40.278778851270154,State,True
3607,36,,2,PLU,,6.287,,B,JCT. RTE. 89,2100,332,15.79,68,22,E,-121.25353921144242,40.278778851270154,State,True
3609,36,,2,PLU,,8.08,,O,FARRAR DRIVE,4100,648,15.8,106,22,E,-121.2360870394449,40.301169894284854,State,True
3611,36,,2,PLU,,8.84,,O,FEATHER RIVER BRIDGE,5600,325,5.81,58,22,E,-121.22878157124518,40.310478528207135,State,True
3613,36,,2,PLU,,9.18,,O,"CHESTER, MELISSA AVENUE",4200,244,5.81,45,22,E,-121.22292128303015,40.312492451885646,State,True
3615,36,,2,SHA,,0.0,,A,TRINITY/SHASTA COUNTY LINE,480,15,3.06,3,20,E,-123.01600803071098,40.38171230328296,State,True
3617,36,,2,SHA,,11.928,,B,SHASTA/TEHAMA COUNTY LINE,520,17,3.33,4,20,E,-122.86464966857753,40.34776220483265,State,True
3619,36,,2,SHA,,8.87,,A,PLATINA ROAD,660,118,17.94,25,21,V,-122.88783286930553,40.36136634491539,State,True
3621,36,,2,SHA,,8.87,,B,PLATINA ROAD,720,115,15.95,24,21,V,-122.88783286930553,40.36136634491539,State,True
3623,36,,2,TEH,L,39.734,,A,NORTH MAIN STREET,7600,192,2.52,33,20,E,-122.24218029860279,40.197849580273285,State,True
3625,36,,2,TEH,L,40.87,,A,"RED BLUFF, CRITTENDEN STREET",7800,229,2.93,33,20,E,-122.23878425719704,40.181845765765885,State,True
3627,36,,2,TEH,L,41.29,,A,"RED BLUFF, OAK STREET",17800,285,1.6,31,20,E,-122.2341690878647,40.17655436573611,State,True
3629,36,,2,TEH,L,41.29,,B,"RED BLUFF, OAK STREET",10400,229,2.2,24,20,E,-122.2341690878647,40.17655436573611,State,True
3631,36,,2,TEH,,104.002,,B,TEHAMA/PLUMAS COUNTY LINE,2100,188,8.94,39,22,E,-121.35244296694418,40.26188650720062,State,True
3633,36,,2,TEH,,23.2,,A,BOWMAN ROAD,550,18,3.27,4,20,E,-122.4923744550935,40.27861552280584,State,True
3635,36,,2,TEH,,23.2,,B,BOWMAN ROAD,620,64,10.32,9,20,V,-122.4923744550935,40.27861552280584,State,True
3637,36,,2,TEH,,39.72,,A,BAKER ROAD,4050,124,3.05,26,20,E,-122.2644759539486,40.20835023131701,State,True
3639,36,,2,TEH,,39.72,,B,BAKER ROAD,3650,200,5.49,18,21,V,-122.2644759539486,40.20835023131701,State,True
3641,36,,2,TEH,,41.847,,A,"RED BLUFF, JCT. RTE. 5",18600,1265,6.8,284,20,E,-122.22514689513957,40.18068763576597,State,True
3643,36,,2,TEH,,41.847,,B,"RED BLUFF, JCT. RTE. 5",18100,308,1.7,33,20,E,-122.22514689513957,40.18068763576597,State,True
3645,36,,2,TEH,,42.79,,A,"RED BLUFF, CHESTNUT AVENUE",17000,1377,8.1,311,20,E,-122.20900848588889,40.186020479241485,State,True
3647,36,,2,TEH,,43.28,,A,HOY ROAD,11700,893,7.63,202,20,E,-122.19977478033853,40.18574956220476,State,True
3649,36,,2,TEH,,43.28,,B,HOY ROAD,16900,1606,9.5,362,20,E,-122.19977478033853,40.18574956220476,State,True
3651,36,,2,TEH,,44.004,,A,JCT. RTE. 99 SOUTH,2150,264,12.27,37,21,V,-122.18605109108059,40.18570371909693,State,True
3653,36,,2,TEH,,55.26,,A,MANTON ROAD,1550,124,8.02,28,22,E,-122.07078923434223,40.313694327926065,State,True
3655,36,,2,TEH,,58.18,,A,PAYNES CREEK,1300,130,10.0,26,22,E,-122.01745044202754,40.31107127670335,State,True
3657,36,,2,TEH,,83.142,,B,"MINERAL, JCT. RTE. 172 SOUTHEAST",1100,123,11.22,28,22,E,-121.59661409642301,40.34760588878054,State,True
3659,36,,2,TEH,,87.681,,O,JCT. RTE. 89 NORTH,1150,129,11.22,29,22,E,-121.53581713758166,40.365995547746905,State,True
3661,36,,2,TEH,,91.253,,B,"MORGAN SPRINGS, JCT. RTE. 172 SOUTHWEST",1050,118,11.22,25,22,E,-121.51182314442767,40.36193380031163,State,True
3663,36,,2,TEH,,99.935,,B,JCT. RTE. 32 SOUTHWEST,1050,94,8.92,20,22,E,-121.42121750090445,40.279403004702516,State,True
3665,36,,2,TRI,R,41.139,,B,TRINITY/SHASTA COUNTY LINE,480,15,3.06,3,20,E,-123.01600803071098,40.38171230328296,State,True
3667,36,,2,TRI,,27.23,,B,JCT. RTE. 3 NORTH,870,127,14.55,20,21,V,-123.17510727625903,40.420227692690695,State,True
3669,371,,8,RIV,,77.148,,B,JCT. RTE. 74,3700,222,6.0,16,79,E,-116.59144448659521,33.56955415100483,State,True
3671,37,,4,MRN,R,11.2,,A,"NOVATO, JCT. RTE. 101",35000,1288,3.68,259,5,V,-122.54457211570616,38.0792391327698,State,True
3673,37,,4,MRN,,14.473,,B,PETALUMA CREEK,36000,1336,3.71,233,2,V,-122.50727138094344,38.11423834514725,State,True
3675,37,,4,SOL,R,11.73,R,B,JCT. RTE. 80,54000,3164,5.86,836,5,V,-122.21872710831782,38.14117691520423,State,True
3676,37,,4,SOL,R,7.213,,B,WALNUT AVENUE,35000,4393,12.55,911,2,V,-122.28892897722963,38.11743976088228,State,True
3678,37,,4,SON,,3.9,,A,JCT. RTE. 121 NORTH,34000,4522,13.3,611,21,E,-122.44931253785116,38.15086218816177,State,True
3680,37,,4,SON,,3.9,,B,JCT. RTE. 121 NORTH,36000,1631,4.53,428,5,V,-122.44931253785116,38.15086218816177,State,True
3682,380,,4,SM,T,4.703,,A,"SAN BRUNO, JCT. RTE. 280",135000,2903,2.15,367,7,V,-122.43080974570466,37.627221057264556,Interstate,True
3684,380,,4,SM,,6.373,,B,"SOUTH SAN FRANCISCO, JCT. RTE. 101",157000,4223,2.69,635,1,V,-122.4036811496387,37.63589405734226,Interstate,True
3686,38,,8,SBD,R,9.72,,A,SAN BERNARDINO NATIONAL FOREST BOUNDARY,4150,374,9.0,40,92,E,-117.03590528719191,34.091895737198016,State,True
3688,38,,8,SBD,,0.0,,A,"REDLANDS, JCT. RTE. 10",21000,1890,9.0,175,86,V,-117.18247646429425,34.06181368036323,State,True
3690,38,,8,SBD,,14.99,,A,VALLEY OF THE FALLS DRIVE,3500,455,13.0,49,92,V,-116.95867900867827,34.09567813227072,State,True
3692,38,,8,SBD,,14.99,,B,VALLEY OF THE FALLS DRIVE,4150,527,12.7,57,92,V,-116.95867900867827,34.09567813227072,State,True
3694,38,,8,SBD,,48.16,,A,"BIG BEAR CITY, BIG BEAR BOULEVARD",13100,1703,13.0,149,92,E,-116.82192973690638,34.26264196370907,State,True
3696,38,,8,SBD,,49.52,,B,JCT. RTE. 18,15700,2669,17.0,237,92,V,-116.84559696518082,34.26115695923897,State,True
3698,38,,8,SBD,,49.53,,A,JCT. RTE. 18,4300,430,10.0,50,92,V,-116.84683796618624,34.27034032091269,State,True
3700,38,,8,SBD,,59.438,,B,"BIG BEAR DAM, JCT. RTE. 18",2300,281,12.2,18,92,V,-116.97822626032749,34.24202764375033,State,True
3702,395,,2,LAS,R,4.615,,A,JCT. RTE. 70 WEST,6100,702,11.51,105,22,E,-120.03834841838344,39.775101373894074,US,True
3704,395,,2,LAS,R,4.615,,B,JCT. RTE. 70 WEST,9800,1039,10.6,231,23,V,-120.03834841838344,39.775101373894074,US,True
3706,395,,2,LAS,R,61.094,,A,JCT. RTE. 36 WEST,3950,398,10.08,113,22,E,-120.59187926784112,40.38055030021019,US,True
3708,395,,2,LAS,R,61.094,,B,JCT. RTE. 36 WEST,8200,594,7.24,90,22,E,-120.59187926784112,40.38055030021019,US,True
3710,395,,2,LAS,R,76.927,,A,WENDEL ROAD,1100,308,27.99,48,22,E,-120.31167862842278,40.378670231310174,US,True
3712,395,,2,LAS,R,76.927,,B,WENDEL ROAD,1300,391,30.06,60,22,E,-120.31167862842278,40.378670231310174,US,True
3714,395,,2,LAS,,108.455,,O,RAVENDALE,1000,261,26.12,78,22,E,-120.3667132226016,40.7991025979594,US,True
3716,395,,2,LAS,,138.979,,O,LASSEN/MODOC COUNTY LINE,840,259,30.89,76,20,E,-120.50475093271416,41.184134345310966,US,True
3718,395,,2,LAS,,29.84,,A,GARNIER ROAD,4600,813,17.67,124,22,E,-120.17189919187383,40.090822128224886,US,True
3720,395,,2,LAS,,51.87,,A,STANDISH ROAD,5600,554,9.89,87,22,E,-120.49009574171055,40.28365038267211,US,True
3722,395,,2,LAS,,51.87,,B,STANDISH ROAD,5300,482,9.09,88,22,E,-120.49009574171055,40.28365038267211,US,True
3724,395,,2,LAS,,55.18,,A,JANESVILLE ROAD,6900,716,10.38,204,22,E,-120.53815122922563,40.31392188673331,US,True
3726,395,,2,LAS,,70.12,,A,"STANDISH, COUNTY ROAD A 3",1500,404,26.96,62,22,E,-120.42280220176873,40.36518917684277,US,True
3728,395,,2,LAS,,72.943,,A,"LITCHFIELD, COUNTY ROAD A-27",1300,391,30.06,60,22,E,-120.38536086629102,40.381956204731694,US,True
3730,395,,2,MOD,R,20.975,,A,GLENN STREET,1600,275,17.2,70,20,E,-120.54240250001952,41.47920143732938,US,True
3732,395,,2,MOD,R,20.975,,B,GLENN STREET,930,261,28.06,78,20,E,-120.54240250001952,41.47920143732938,US,True
3734,395,,2,MOD,,0.055,,O,LASSEN/MODOC COUNTY LINE,840,259,30.89,76,20,E,-120.50475093271416,41.184134345310966,US,True
3736,395,,2,MOD,,22.07,,A,"ALTURAS, FIRST STREET",4800,279,5.82,71,20,E,-120.54245112402921,41.483999470789996,US,True
3738,395,,2,MOD,,22.764,,A,"ALTURAS, JCT. RTE. 299 WEST",4450,143,3.22,36,20,E,-120.54260121364858,41.49441130932845,US,True
3740,395,,2,MOD,,22.764,,B,"ALTURAS, JCT. RTE. 299 WEST",4600,212,4.61,54,20,E,-120.54260121364858,41.49441130932845,US,True
3742,395,,2,MOD,,23.04,,B,ALTURAS STATE HIGHWAY MAINTENANCE STATION,2700,147,5.46,37,20,E,-120.53869176709165,41.496440412695264,US,True
3744,395,,2,MOD,,28.285,,A,JCT. RTE. 299 EAST,770,146,19.01,39,20,E,-120.45994635658417,41.54017297082182,US,True
3746,395,,2,MOD,,28.285,,B,JCT. RTE. 299 EAST,1450,196,13.53,54,20,E,-120.45994635658417,41.54017297082182,US,True
3748,395,,2,MOD,,3.216,,A,"LIKELY, JESS VALLEY ROAD",860,239,27.82,71,20,E,-120.50392768514676,41.23059195204136,US,True
3750,395,,2,MOD,,3.216,,B,"LIKELY, JESS VALLEY ROAD",770,191,24.82,56,20,E,-120.50392768514676,41.23059195204136,US,True
3752,395,,2,MOD,,61.563,,B,OREGON STATE LINE,700,105,15.07,27,20,E,-120.29808830484855,41.993003464678885,US,True
3754,395,,3,SIE,R,3.124,L,O,SIERRA/LASSEN COUNTY LINE,9600,1002,10.44,205,20,V,-120.03525080539991,39.70866848180492,US,True
3755,395,,8,SBD,R,3.981,,A,JCT. RTE. 15,29000,6380,22.0,1715,90,V,-117.40084768596235,34.404575824358076,US,True
3757,395,,8,SBD,,11.18,,A,PALMDALE ROAD; JCT. RTE. 18,26000,4498,17.3,1268,93,V,-117.3995010134351,34.50667034888277,US,True
3759,395,,8,SBD,,11.18,,B,PALMDALE ROAD; JCT. RTE. 18,26000,3484,13.4,930,93,V,-117.3995010134351,34.50667034888277,US,True
3761,395,,8,SBD,,15.707,,A,GEORGE AIR FORCE BASE ROAD,20000,3600,18.0,1015,98,E,-117.40960400790611,34.571999723264575,US,True
3763,395,,8,SBD,,15.707,,B,GEORGE AIR FORCE BASE ROAD,26000,4472,17.2,1260,93,E,-117.40960400790611,34.571999723264575,US,True
3765,395,,8,SBD,,45.948,,A,TWENTY MULE TEAM RD,5200,624,12.0,176,98,E,-117.54159950658554,34.992364775826296,US,True
3767,395,,8,SBD,,45.948,,B,TWENTY MULE TEAM RD,7800,1404,18.0,396,98,E,-117.54159950658554,34.992364775826296,US,True
3769,395,,9,INY,,100.833,,A,"BIG PINE, JCT. RTE. 168 NORTHEAST",8800,968,11.0,253,97,E,-118.29025141566376,37.17344958864768,US,True
3771,395,,9,INY,,100.833,,B,"BIG PINE, JCT. RTE. 168 NORTHEAST",6200,1468,23.68,269,15,V,-118.29025141566376,37.17344958864768,US,True
3773,395,,9,INY,,115.403,,A,"BISHOP, JCT. RTE. 168 WEST",14900,894,6.0,201,97,E,-118.39529610744839,37.36140653616753,US,True
3775,395,,9,INY,,116.25,,A,JCT. RTE. 6 NORTH,13700,1786,13.04,241,22,V,-118.39558324225086,37.37421955729588,US,True
3777,395,,9,INY,,116.25,,B,JCT. RTE. 6 NORTH,16500,495,3.0,92,97,V,-118.39558324225086,37.37421955729588,US,True
3779,395,,9,INY,,117.3,,B,BISHOP BIKE PATH,13700,1786,13.04,241,22,V,-118.4134746715577,37.37591618725464,US,True
3781,395,,9,INY,,120.95,,A,ED POWERS ROAD,8600,1113,12.94,143,23,V,-118.4773393160089,37.38088505488628,US,True
3783,395,,9,INY,,34.674,,A,JCT. RTE. 190 EAST,7250,631,8.7,193,98,V,-118.00613319813854,36.2821971292767,US,True
3785,395,,9,INY,,34.674,,B,JCT. RTE. 190 EAST,7200,864,12.0,227,95,E,-118.00613319813854,36.2821971292767,US,True
3787,395,,9,INY,,55.827,,A,JCT. RTE. 136 SOUTHEAST,8000,1328,16.6,371,97,V,-118.05752199410982,36.579283337314564,US,True
3789,395,,9,INY,,55.827,,B,JCT. RTE. 136 SOUTHEAST,7300,803,11.0,199,95,E,-118.05752199410982,36.579283337314564,US,True
3791,395,,9,INY,,96.4,,B,Weigh-In-Motion @ 4.3 MI SOUTH OF JCT. RTE. 168 E,7700,2100,27.27,411,22,V,-118.2588403027034,37.11589011966922,US,True
3793,395,,9,KER,R,1.152,,B,"REDROCK, RANDSBURG RD",4800,768,16.0,181,4,E,-117.64811907755647,35.380576022679016,US,True
3795,395,,9,KER,R,23.48,,B,JCT. RTE. 178,3800,912,24.0,239,3,E,-117.80070155596128,35.65143377679603,US,True
3797,395,,9,KER,R,29.64,,B,JCT. RTE. 14 SOUTH,3900,1040,26.67,238,23,V,-117.86659797578614,35.69471327433612,US,True
3799,395,,9,MNO,R,25.75,,A,JCT. RTE. 203 WEST,4650,1041,22.38,170,22,V,-118.91670030797414,37.6414413068548,US,True
3801,395,,9,MNO,R,25.75,,B,JCT. RTE. 203 WEST,9600,1513,15.76,200,22,V,-118.91670030797414,37.6414413068548,US,True
3803,395,,9,MNO,,116.965,,B,JCT. RTE. 89,3850,417,10.83,106,7,V,-119.52760686364901,38.642662233947554,US,True
3805,395,,9,MNO,,120.49,,B,NEVADA STATE LINE,3900,1002,25.69,205,20,E,-119.54858456740385,38.687742438000654,US,True
3807,395,,9,MNO,,40.336,,A,SOUTH JCT. RTE. 158,4100,456,11.11,124,98,V,-119.05348998866248,37.81273295669319,US,True
3809,395,,9,MNO,,50.744,,A,"TIOGA PASS JUNCTION, NORTH JCT. RTE. 120 WEST",4100,860,20.98,143,16,V,-119.11309499720787,37.950477732953004,US,True
3811,395,,9,MNO,,50.744,,B,"TIOGA PASS JUNCTION, NORTH JCT. RTE. 120 WEST",4300,1008,23.45,139,22,V,-119.11309499720787,37.950477732953004,US,True
3813,395,,9,MNO,,51.69,,A,LEE VINING VISITORS CENTER,3700,899,24.3,166,22,V,-119.12230188086045,37.960817058852975,US,True
3815,395,,9,MNO,,58.24,,B,JCT. RTE. 167 EAST,3150,388,12.32,92,13,V,-119.16082664116469,38.04534475194833,US,True
3817,395,,9,MNO,,76.3,,A,"BRIDGEPORT, JCT. RTE. 182 NORTH",3550,262,7.39,66,98,V,-119.22318972017743,38.2552994092144,US,True
3819,395,,9,MNO,,76.3,,B,"BRIDGEPORT, JCT. RTE. 182 NORTH",3500,721,20.6,111,16,V,-119.22318972017743,38.2552994092144,US,True
3821,395,,9,MNO,,80.61,,A,FARM HOUSE,3100,660,21.29,131,22,V,-119.28947214697817,38.27646234133827,US,True
3823,395,,9,MNO,,93.7,,A,JCT. RTE. 108 WEST,3350,598,17.86,127,22,V,-119.45230191174649,38.34850408983468,US,True
3825,39,,12,ORA,,0.0,,A,"HUNTINGTON BEACH, JCT. RTE. 1",30300,654,2.16,50,18,E,-117.98815235142666,33.64856844764767,State,True
3827,39,,12,ORA,,12.685,,A,"ANAHEIM, LINCOLN AVENUE",68800,2050,2.98,223,18,E,-117.99339597314862,33.83205664602737,State,True
3829,39,,12,ORA,,12.685,,B,"ANAHEIM, LINCOLN AVENUE",68800,1706,2.48,168,18,E,-117.99339597314862,33.83205664602737,State,True
3831,39,,12,ORA,,14.378,,A,"BUENA PARK, JCT. RTE. 91",57800,1248,2.16,164,18,E,-117.99793001742427,33.856098387870475,State,True
3833,39,,12,ORA,,14.378,,B,"BUENA PARK, JCT. RTE. 91",68500,1665,2.43,186,18,E,-117.99793001742427,33.856098387870475,State,True
3835,39,,12,ORA,,19.168,,A,"LA HABRA, JCT. RTE. 90 EAST",50300,1811,3.6,118,18,V,-117.96795886344015,33.91737700235825,State,True
3837,39,,12,ORA,,19.168,,B,"LA HABRA, JCT. RTE. 90 EAST",50300,1056,2.1,134,18,E,-117.96795886344015,33.91737700235825,State,True
3839,39,,12,ORA,,20.719,,B,"LA HABRA, JCT. RTE. 72",32700,1079,3.3,94,18,V,-117.96793913194492,33.939843857649805,State,True
3841,39,,12,ORA,,22.6,,B,HARBOR BOULEVARD,32800,984,3.0,84,18,V,-117.93441182982195,33.939075288631486,State,True
3843,39,,12,ORA,,3.12,,A,"HUNTINGTON BEACH, MAIN ST/ELLIS AVE",67100,725,1.08,67,18,E,-117.988752581445,33.69395847099732,State,True
3845,39,,12,ORA,,3.12,,B,"HUNTINGTON BEACH, MAIN ST/ELLIS AVE",61700,833,1.35,77,18,E,-117.988752581445,33.69395847099732,State,True
3847,39,,12,ORA,,5.8,,A,"HUNTINGTON BEACH, JCT. RTE. 405",86200,1474,1.71,151,18,E,-117.98924896441987,33.732634405256725,State,True
3849,39,,12,ORA,,5.8,,B,"HUNTINGTON BEACH, JCT. RTE. 405",82000,1451,1.77,149,18,E,-117.98924896441987,33.732634405256725,State,True
3851,39,,12,ORA,,8.478,,A,"WESTMINSTER, JCT. RTE. 22",76900,1938,2.52,191,18,E,-117.99223522942727,33.77113361168878,State,True
3853,39,,12,ORA,,8.478,,B,"WESTMINSTER, JCT. RTE. 22",77000,1879,2.44,179,18,E,-117.99223522942727,33.77113361168878,State,True
3855,39,,7,LA,,17.813,,A,SAN GABRIEL RIVER BRIDGE,2200,102,4.62,7,6,V,-117.89512805957798,34.1640920188522,State,True
3857,39,,7,LA,,25.71,,B,EAST FORK ROAD,1550,72,4.62,5,6,E,-117.851296741583,34.239112193056535,State,True
3859,39,,7,LA,,38.15,,B,CRYSTAL LAKE ROAD,140,7,4.67,1,6,E,-117.83656966379709,34.31450834865204,State,True
3861,3,,2,SIS,L,47.264,,A,"YREKA, MOONLIT OAKS AVENUE",6600,271,4.11,45,20,E,-122.6451506938169,41.703812573812655,State,True
3863,3,,2,SIS,L,48.164,,A,"YREKA, OBERLIN ROAD",6900,253,3.66,47,20,E,-122.64006889640686,41.71622671667484,State,True
3865,3,,2,SIS,L,49.207,,A,"YREKA, CENTER STREET",8600,185,2.15,34,20,E,-122.63587138888442,41.73089474619666,State,True
3867,3,,2,SIS,L,49.871,,A,"YREKA, JCT. RTE. 263 NORTH",6000,735,12.25,136,20,E,-122.63337662360995,41.74030448773876,State,True
3869,3,,2,SIS,L,49.871,,B,"YREKA, JCT. RTE. 263 NORTH",4550,310,6.82,58,20,E,-122.63337662360995,41.74030448773876,State,True
3871,3,,2,SIS,R,21.0,,A,"ETNA, MAIN STREET",1500,149,9.92,21,20,E,-122.88847947485043,41.46144307876526,State,True
3873,3,,2,SIS,R,47.264,,B,"YREKA, MOONLIT OAKS AVENUE",14200,406,2.86,67,20,E,-122.6451506938169,41.703812573812655,State,True
3875,3,,2,SIS,R,47.38,,A,"YREKA, JCT. RTE. 5",3350,203,6.06,35,20,E,-122.62770994659316,41.73956944972347,State,True
3877,3,,2,SIS,R,48.955,,A,"YREKA, AGER ROAD",2350,181,7.7,25,20,E,-122.59885363331767,41.74109702201706,State,True
3879,3,,2,SIS,R,49.454,,A,"YREKA, PHILIPE LANE",2300,100,4.34,11,20,E,-122.59311999408295,41.73541814731046,State,True
3881,3,,2,SIS,,0.408,,O,TRINITY/SISKIYOU COUNTY LINE,160,26,16.25,1,20,E,-122.69761899257013,41.275645059274936,State,True
3883,3,,2,SIS,,21.472,,A,COLLIER WAY,2050,167,8.15,22,20,E,-122.8968662074284,41.463295148732755,State,True
3885,3,,2,SIS,,21.0,,B,"ETNA, MAIN STREET",1300,138,10.58,20,20,E,-122.88847947485043,41.46144307876526,State,True
3887,3,,2,SIS,,32.2,,A,"FORT JONES, SCOTT RIVER ROAD",3850,208,5.41,26,20,E,-122.84634793196804,41.601454999873106,State,True
3889,3,,2,SIS,,32.2,,B,"FORT JONES, SCOTT RIVER ROAD",2650,208,7.84,26,20,E,-122.84634793196804,41.601454999873106,State,True
3891,3,,2,SIS,,38.258,,B,MOFFETT CREEK ROAD,2750,188,6.83,24,20,E,-122.75274853328459,41.632767897297605,State,True
3893,3,,2,SIS,,44.67,,O,FOREST MOUNTAIN RANCH,3050,199,6.51,26,20,E,-122.68410143612718,41.67521737621718,State,True
3895,3,,2,SIS,,53.22,,A,"MONTAGUE, GRENADA ROAD",3400,205,6.03,21,20,E,-122.53022505492984,41.724582378700326,State,True
3897,3,,2,SIS,,53.22,,B,"MONTAGUE, GRENADA ROAD",1700,96,5.65,10,20,E,-122.53022505492984,41.724582378700326,State,True
3899,3,,2,SIS,,54.187,,B,"MONTAGUE, EAST CITY LIMITS",2750,136,4.93,34,20,E,-122.51559579020362,41.72484507111102,State,True
3901,3,,2,SIS,,6.955,,A,GAZELLE ROAD,260,34,13.12,2,20,E,-122.76909719682078,41.310368531687935,State,True
3903,3,,2,SIS,,8.8,,A,CALLAHAN,370,42,11.35,4,20,E,-122.80138075358511,41.309415163771774,State,True
3905,3,,2,SIS,,8.8,,B,CALLAHAN,260,34,13.21,3,20,E,-122.80138075358511,41.309415163771774,State,True
3907,3,,2,TRI,L,0.0,,A,JCT. RTE. 36,800,85,10.64,14,21,V,-123.17507215931792,40.42021849497395,State,True
3909,3,,2,TRI,L,30.89,,B,"WEAVERVILLE, NORTH JCT. RTE. 299",1950,152,7.79,22,21,V,-122.93934128134677,40.6512902471022,State,True
3911,3,,2,TRI,R,79.501,,B,U. S. FOREST SERVICE ROAD,160,17,10.67,1,21,V,-122.64582261208986,41.234271890738235,State,True
3913,3,,2,TRI,T,85.068,,O,TRINITY/SISKIYOU COUNTY LINE,160,26,16.25,1,20,E,-122.69761899257013,41.275645059274936,State,True
3915,3,,2,TRI,,30.86,,A,"WEAVERVILLE, NORTH JCT. RTE. 299",3150,129,4.09,24,20,E,-122.94050829441046,40.73276725319741,State,True
3917,3,,2,TRI,,31.94,,A,TOM BELL ROAD,2200,101,4.57,18,20,E,-122.92460165229974,40.74166796476077,State,True
3919,3,,2,TRI,,31.94,,B,TOM BELL ROAD,2200,91,4.14,17,20,E,-122.92460165229974,40.74166796476077,State,True
3921,3,,2,TRI,,37.9,,A,RUSH CREEK ROAD,620,65,10.49,5,21,V,-122.89049608666208,40.79517179183772,State,True
3923,3,,2,TRI,,37.9,,B,RUSH CREEK ROAD,1150,64,5.55,4,21,V,-122.89049608666208,40.79517179183772,State,True
3925,3,,2,TRI,,59.64,,O,TRINITY CENTER STATE HIGHWAY MAINTENANCE STATION,480,47,9.79,4,21,V,-122.71118870430018,40.9816466330353,State,True
3927,3,,2,TRI,,6.22,,A,MORGAN HILL ROAD,2050,221,10.77,33,20,E,-123.19116933859202,40.545931802756925,State,True
3929,3,,2,TRI,,6.22,,B,MORGAN HILL ROAD,2000,83,4.14,16,20,E,-123.19116933859202,40.545931802756925,State,True
3931,3,,2,TRI,,7.2,,O,HAYFORK,2850,307,10.77,45,20,E,-123.18159091083959,40.55413368313624,State,True
3933,405,,12,ORA,,0.23,,A,"IRVINE, JCT. RTE. 5",181300,9065,5.0,1478,18,E,-117.7352612997394,33.644820114824874,Interstate,True
3935,405,,12,ORA,,1.804,,A,"IRVINE, JCT. RTE. 133",187400,9745,5.2,1526,18,E,-117.76112230556585,33.651875429354874,Interstate,True
3937,405,,12,ORA,,1.804,,B,"IRVINE, JCT. RTE. 133",136000,6664,4.9,1110,18,E,-117.76112230556585,33.651875429354874,Interstate,True
3939,405,,12,ORA,,16.544,,A,"HUNTINGTON BEACH, JCT. RTE. 39",149800,5228,3.49,893,18,E,-117.98935017311135,33.732868111813325,Interstate,True
3941,405,,12,ORA,,16.544,,B,"HUNTINGTON BEACH, JCT. RTE. 39",109000,3804,3.49,650,18,E,-117.98935017311135,33.732868111813325,Interstate,True
3943,405,,12,ORA,,19.156,,B,"WESTMINSTER, WESTMINSTER AVENUE",169200,6328,3.74,850,17,V,-118.02184622905106,33.759059028347664,Interstate,True
3945,405,,12,ORA,,20.751,,A,JCT. RTE. 22 EAST,320000,9600,3.0,1569,18,E,-118.0421657884012,33.77462588275938,Interstate,True
3947,405,,12,ORA,,20.751,,B,JCT. RTE. 22 EAST,162500,5671,3.49,968,18,E,-118.0421657884012,33.77462588275938,Interstate,True
3949,405,,12,ORA,,24.044,,A,"SEAL BEACH, JCT. RTE. 605",184200,8234,4.47,1552,18,E,-118.09168740371507,33.78445729329174,Interstate,True
3951,405,,12,ORA,,24.044,,B,"SEAL BEACH, JCT. RTE. 605",319400,9582,3.0,1566,18,E,-118.09168740371507,33.78445729329174,Interstate,True
3953,405,,12,ORA,,3.947,,A,UNIVERSITY DRIVE,178600,10002,5.6,1484,18,E,-117.79480462816076,33.66353177171443,Interstate,True
3955,405,,12,ORA,,7.803,,A,"IRVINE, MAC ARTHUR BOULEVARD",202300,7060,3.49,1206,18,E,-117.85697909240487,33.68288483573388,Interstate,True
3957,405,,12,ORA,,7.803,,B,"IRVINE, MAC ARTHUR BOULEVARD",206900,10345,5.0,1469,18,E,-117.85697909240487,33.68288483573388,Interstate,True
3959,405,,12,ORA,,8.74,,A,"COSTA MESA, JCT. RTE. 55",118800,4146,3.49,708,18,E,-117.87219339933287,33.68748304423737,Interstate,True
3961,405,,7,LA,R,21.175,,A,"LOS ANGELES, JCT. RTE 105",325000,9620,2.96,1688,12,E,-118.3682607187797,33.93006535712919,Interstate,True
3963,405,,7,LA,R,21.175,,B,"LOS ANGELES, JCT. RTE 105",251000,9136,3.64,1486,12,E,-118.3682607187797,33.93006535712919,Interstate,True
3965,405,,7,LA,,12.97,,A,"CARSON, JCT. RTE. 110",272000,9901,3.64,1611,12,E,-118.28470173163633,33.8570323702645,Interstate,True
3967,405,,7,LA,,12.97,,B,"CARSON, JCT. RTE. 110",270000,11556,4.28,1959,12,E,-118.28470173163633,33.8570323702645,Interstate,True
3969,405,,7,LA,,17.589,,B,"LAWNDALE, HAWTHORNE BOULEVARD",255000,9282,3.64,1510,12,E,-118.35253771297425,33.88477093374844,Interstate,True
3971,405,,7,LA,,25.947,,A,"CULVER CITY, JCT. RTE. 90",315000,8820,2.8,1328,12,E,-118.39898022059946,33.98774076906682,Interstate,True
3973,405,,7,LA,,25.947,,B,"CULVER CITY, JCT. RTE. 90",308000,9117,2.96,1600,12,E,-118.39898022059946,33.98774076906682,Interstate,True
3975,405,,7,LA,,27.964,,B,"CULVER CITY, JCT. RTE. 187",325000,9100,2.8,1370,12,E,-118.41837007483448,34.012270210965475,Interstate,True
3977,405,,7,LA,,29.538,,A,"LOS ANGELES, JCT. RTE. 10",302000,10449,3.46,1596,12,E,-118.43340030797766,34.031249269873996,Interstate,True
3979,405,,7,LA,,29.538,,B,"LOS ANGELES, JCT. RTE. 10",329000,9212,2.8,1386,12,E,-118.43340030797766,34.031249269873996,Interstate,True
3981,405,,7,LA,,3.324,,A,"LONG BEACH, LAKEWOOD BOULEVARD ",284000,12695,4.47,2393,12,E,-118.14264778773743,33.80584937035806,Interstate,True
3983,405,,7,LA,,30.856,,A,"LOS ANGELES, JCT. RTE. 2",308000,10657,3.46,1628,12,E,-118.44645902743135,34.04688165668714,Interstate,True
3985,405,,7,LA,,39.432,,A,"LOS ANGELES, JCT. RTE. 101",223000,7270,3.26,1217,12,E,-118.46939389339066,34.159982706746376,Interstate,True
3987,405,,7,LA,,39.432,,B,"LOS ANGELES, JCT. RTE. 101",282000,9757,3.46,1490,12,E,-118.46939389339066,34.159982706746376,Interstate,True
3989,405,,7,LA,,42.9,,A,N/O SHERMAN WAY; SATICOY ST,216000,14796,6.85,1914,22,V,-118.47321176389087,34.20870004825233,Interstate,True
3991,405,,7,LA,,46.85,,A,"LOS ANGELES, JCT. RTE. 118",154000,6037,3.92,999,12,E,-118.4720529569373,34.26602086505848,Interstate,True
3993,405,,7,LA,,46.85,,B,"LOS ANGELES, JCT. RTE. 118",217000,6358,2.93,1065,12,E,-118.4720529569373,34.26602086505848,Interstate,True
3995,405,,7,LA,,47.754,,B,"LOS ANGELES, RINALDI STREET ",147000,7865,5.35,1151,16,V,-118.46972687820521,34.278855203262125,Interstate,True
3997,405,,7,LA,,48.643,,B,"LOS ANGELES, JCT. RTE. 5",147000,5762,3.92,953,12,E,-118.46788424401295,34.2913878703362,Interstate,True
3999,405,,7,LA,,7.596,,A,"LONG BEACH, JCT. RTE. 710",280000,11984,4.28,2032,12,E,-118.20748755792113,33.826550883013795,Interstate,True
4001,405,,7,LA,,7.596,,B,"LONG BEACH, JCT. RTE. 710",274000,12248,4.47,2309,12,E,-118.20748755792113,33.826550883013795,Interstate,True
4003,40,,8,SBD,R,12.191,,B,AIRPORT ROAD,17700,6992,39.5,2139,15,E,-116.80373154640472,34.84108127531342,Interstate,True
4005,40,,8,SBD,R,132.739,,A,JCT. RTE. 95 NORTH,20000,8500,42.5,2600,6,E,-114.75537009168472,34.87789801389172,Interstate,True
4007,40,,8,SBD,R,139.117,,A,PARK ROAD,16500,7343,44.5,2246,6,E,-114.65260764713453,34.871415690639054,Interstate,True
4009,40,,8,SBD,R,143.764,,A,JCT. RTE. 95 SOUTH,16500,8877,53.8,2716,6,E,-114.59697566430863,34.82397021400594,Interstate,True
4011,40,,8,SBD,R,143.764,,B,JCT. RTE. 95 SOUTH,20600,9476,46.0,2902,6,E,-114.59697566430863,34.82397021400594,Interstate,True
4013,40,,8,SBD,R,154.643,,B,ARIZONA STATE LINE,17000,9146,53.8,2798,6,E,-114.4878286864217,34.717148237046985,Interstate,True
4015,40,,8,SBD,R,18.446,,A,WEST NEWBERRY ROAD,15000,6711,44.74,2091,15,V,-116.69449128117046,34.82983145325731,Interstate,True
4017,40,,8,SBD,R,28.481,,B,E/O DESERT OASIS ROADSIDE REST,16000,9691,60.57,2901,22,V,-116.52185433086598,34.80036900093423,Interstate,True
4019,40,,8,SBD,R,7.181,,A,A STREET,17700,7036,39.75,2152,15,E,-116.8902182813996,34.854858563749254,Interstate,True
4021,40,,8,SBD,R,7.181,,B,A STREET,20500,7298,35.6,2233,15,E,-116.8902182813996,34.854858563749254,Interstate,True
4023,40,,8,SBD,,0.0,,A,"BARSTOW, JCT. RTE. 15",22700,8444,37.2,2583,15,E,-117.00681173873136,34.88639577369741,Interstate,True
4025,41,,5,SLO,R,42.172,,B,JCT. RTE. 46,1750,147,8.4,13,21,E,-120.41412570322284,35.661552843003,State,True
4027,41,,5,SLO,,0.0,,A,"MORRO BAY, JCT. RTE. 1",8500,631,7.42,42,21,E,-120.8555523163867,35.38007717774056,State,True
4029,41,,5,SLO,,15.894,,A,"ATASCADERO, JCT. RTE. 101",16000,976,6.1,107,21,E,-120.66509553609676,35.4853258938949,State,True
4031,41,,5,SLO,,15.894,,B,"ATASCADERO, JCT. RTE. 101",14000,1820,13.0,182,21,E,-120.66509553609676,35.4853258938949,State,True
4033,41,,5,SLO,,27.975,,A,JCT. RTE. 229 SOUTH,1100,175,15.9,9,21,E,-120.52615568926686,35.53434887282135,State,True
4035,41,,5,SLO,,27.975,,B,JCT. RTE. 229 SOUTH,2100,208,9.9,11,21,V,-120.52615568926686,35.53434887282135,State,True
4037,41,,5,SLO,,41.159,,A,MC MILLAN CANYON ROAD,1700,158,9.31,13,21,E,-120.3998057248557,35.65553351430259,State,True
4039,41,,5,SLO,,41.159,,B,MC MILLAN CANYON ROAD,700,174,24.92,14,21,V,-120.3998057248557,35.65553351430259,State,True
4041,41,,5,SLO,,43.85,,A,JCT. RTE. 46,8600,1256,14.61,251,21,E,-120.28443781481153,35.73447268081103,State,True
4043,41,,6,FRE,R,0.0,,A,EXCELSIOR AVE; KINGS/FRESNO COUNTY LINE,16000,2240,14.0,432,21,E,-119.80687626542641,36.40214839313987,State,True
4045,41,,6,FRE,R,23.736,,B,"FRESNO, DIVISADERO STREET",114000,9086,7.97,773,21,V,-119.77717214015205,36.74299815428408,State,True
4047,41,,6,FRE,R,24.527,,A,"FRESNO, JCT. RTE. 180S",155000,7518,4.85,515,21,E,-119.77572909366617,36.754346295684854,State,True
4049,41,,6,FRE,R,25.266,,A,"FRESNO, MC KINLEY AVENUE",152000,8360,5.5,599,21,E,-119.77657859000615,36.76482356434574,State,True
4051,41,,6,FRE,R,30.447,,A,"FRESNO, HERNDON AVENUE",85000,4726,5.56,339,21,E,-119.78488235867609,36.83722878686512,State,True
4053,41,,6,FRE,R,30.447,,B,"FRESNO, HERNDON AVENUE",116000,6856,5.91,491,21,E,-119.78488235867609,36.83722878686512,State,True
4055,41,,6,FRE,R,31.683,,A,"FRESNO, FRIANT ROAD",59000,3788,6.42,276,21,V,-119.7887589727077,36.85455654109684,State,True
4057,41,,6,KIN,R,37.792,,B,JACKSON AVENUE,10700,1596,14.92,344,20,V,-119.80874716870233,36.254784728866184,State,True
4059,41,,6,KIN,R,39.962,,A,JCT RTE 198,18300,4194,22.92,584,21,V,-119.8079487874003,36.28231484730658,State,True
4061,41,,6,KIN,R,39.962,,B,JCT RTE 198,11800,1766,14.97,362,21,V,-119.8079487874003,36.28231484730658,State,True
4063,41,,6,KIN,R,42.148,,A,HANFORD-ARMONA ROAD,18300,2498,13.65,420,21,V,-119.80775465877247,36.313390607748836,State,True
4065,41,,6,KIN,R,48.283,,B,EXCELSIOR AVE; KINGS/FRESNO COUNTY LINE,17900,2506,14.0,292,21,E,-119.80687626542641,36.40214839313987,State,True
4067,41,,6,KIN,,16.275,,B,JCT. RTE. 5,8100,1539,19.0,265,20,E,-119.96019325491656,35.981657186234436,State,True
4069,41,,6,KIN,,20.08,,B,QUAIL AVENUE,7900,1268,16.05,293,20,V,-119.95894228440805,36.036376254054076,State,True
4071,41,,6,KIN,,8.098,,A,"REEF CITY, JCT. RTE. 33",8100,1796,22.17,275,21,V,-120.04632821144276,35.88889942516559,State,True
4073,41,,6,KIN,,8.098,,B,"REEF CITY, JCT. RTE. 33",8100,1458,18.0,251,20,V,-120.04632821144276,35.88889942516559,State,True
4075,41,,6,MAD,,17.91,,B,COUNTY ROAD 200,16900,1014,6.0,75,21,E,-119.73696346359323,37.12444011880502,State,True
4077,41,,6,MAD,,38.889,,A,"YOSEMITE FORKS, BASS LAKE ROAD",5500,467,8.49,22,21,V,-119.63072551626051,37.3651912911526,State,True
4079,41,,6,MAD,,38.889,,B,"YOSEMITE FORKS, BASS LAKE ROAD",9200,1703,18.51,78,21,V,-119.63072551626051,37.3651912911526,State,True
4081,41,,6,MAD,,9.25,,A,JCT. RTE. 145 WEST,17800,1431,8.04,107,21,V,-119.79386672783617,37.01049123989028,State,True
4083,41,,6,MAD,,9.25,,B,JCT. RTE. 145 WEST,15900,1232,7.75,92,21,E,-119.79386672783617,37.01049123989028,State,True
4085,41,,6,MPA,,4.918,,B,"FISH CAMP, ENTRANCE TO YOSEMITE NATIONAL PARK",2500,175,7.0,12,4,E,-119.63211543099061,37.49716203309901,,False
4087,43,,6,FRE,,8.34,,A,NEBRASKA AVENUE,13900,1112,8.0,183,13,E,-119.62882845314519,36.56165197029317,State,True
4089,43,,6,FRE,,8.34,,B,NEBRASKA AVENUE,13100,1048,8.0,173,13,E,-119.62882845314519,36.56165197029317,State,True
4091,43,,6,FRE,,9.308,,B,"JCT. RTE. 99; SELMA, WEST",18300,1405,7.68,244,16,V,-119.62858829304557,36.575545095226126,State,True
4093,43,,6,KER,R,21.289,,A,WASCO AVENUE,14500,1595,11.0,192,4,E,-119.3313357340894,35.54629050623791,State,True
4095,43,,6,KER,R,21.289,,B,WASCO AVENUE,14300,1287,9.0,141,4,E,-119.3313357340894,35.54629050623791,State,True
4097,43,,6,KER,R,25.125,,B,JCT. RTE. 46,7500,701,9.35,67,21,V,-119.33368450426553,35.601533954220734,State,True
4099,43,,6,KER,,0.111,,A,JCT. RTE. 119,7400,1454,19.65,142,20,V,-119.2527280802307,35.267358830363264,State,True
4101,43,,6,KER,,1.9,,A,JCT. RTE. 5,9300,2146,23.07,244,18,V,-119.25248828844036,35.29328288375259,State,True
4103,43,,6,KER,,1.9,,B,JCT. RTE. 5,7400,1430,19.32,139,21,V,-119.25248828844036,35.29328288375259,State,True
4105,43,,6,KER,,15.89,,A,CENTRAL VALLEY HIGHWAY,9500,950,10.0,132,4,E,-119.26152801358488,35.49269209322098,State,True
4107,43,,6,KER,,15.89,,B,CENTRAL VALLEY HIGHWAY,3250,715,22.0,110,15,E,-119.26152801358488,35.49269209322098,State,True
4109,43,,6,KER,,25.187,,A,JCT. RTE. 46,4300,731,17.01,117,21,V,-119.32814381417072,35.60153928692088,State,True
4111,43,,6,KER,,33.47,,A,POND ROAD,3800,640,16.83,133,17,V,-119.33043616206216,35.71769694773626,State,True
4113,43,,6,KER,,8.112,,A,JCT. RTE. 58 EAST,8300,2112,25.45,315,12,V,-119.2521310661811,35.38348203629094,State,True
4115,43,,6,KER,,8.112,,B,JCT. RTE. 58 EAST,5300,1285,24.25,219,21,V,-119.2521310661811,35.38348203629094,State,True
4117,43,,6,KER,,9.162,,A,JCT. RTE. 58 WEST,5400,1293,23.94,198,15,V,-119.25206209892346,35.39807093233843,State,True
4119,43,,6,KIN,,1.456,,A,JCT. RTE. 137,3400,828,24.34,190,20,V,-119.54564286602103,36.097986235759585,State,True
4121,43,,6,KIN,,1.456,,B,JCT. RTE. 137,5100,1087,21.31,228,21,V,-119.54564286602103,36.097986235759585,State,True
4123,43,,6,KIN,,10.359,,A,KANSAS AVENUE,8500,1615,19.0,334,20,E,-119.60058031997829,36.21092331219124,State,True
4125,43,,6,KIN,,10.359,,B,KANSAS AVENUE,6600,1092,16.54,224,20,V,-119.60058031997829,36.21092331219124,State,True
4127,43,,6,KIN,,18.238,,B,JCT. RTE. 198,7900,1891,23.94,301,21,V,-119.6009407366467,36.32517693788821,State,True
4129,43,,6,KIN,,18.429,,B,LACEY BOULEVARD,9300,1674,18.0,283,11,E,-119.60094215598485,36.32799876873519,State,True
4131,43,,6,KIN,,22.272,,A,10TH AVENUE,11000,1438,13.07,213,21,V,-119.6359256352682,36.36636960530362,State,True
4133,43,,6,TUL,,22.133,,B,"CORCORAN, RAILROAD DRIVE",5700,1535,26.93,322,20,V,-119.53520811922401,36.0706346230741,State,True
4135,43,,6,TUL,,7.76,,B,AVENUE 56,2850,508,17.82,92,20,E,-119.40534900113981,35.891377410183004,State,True
4137,44,,2,LAS,,0.0,,O,SHASTA/LASSEN COUNTY LINE,1950,314,16.1,87,22,E,-121.32237470238292,40.65512569523473,State,True
4139,44,,2,LAS,,19.29,,A,COUNTY ROAD A 21,1600,315,19.69,67,23,V,-121.03934193358853,40.53162334179848,State,True
4141,44,,2,LAS,,19.29,,B,COUNTY ROAD A 21,1850,298,16.1,47,22,E,-121.03934193358853,40.53162334179848,State,True
4143,44,,2,SHA,L,0.54,,A,END INDEP ALIGN RT AND LT LNS,41000,1439,3.51,271,20,E,-122.38443150894479,40.58644702922683,State,True
4145,44,,2,SHA,L,0.852,,A,"REDDING, BUTTE STREET",54000,1485,2.75,277,20,E,-122.37850299997214,40.586561901928285,State,True
4147,44,,2,SHA,L,1.808,,B,"REDDING, JCT. RTE. 5",54000,1485,2.75,277,20,E,-122.36055124699736,40.58532503281884,State,True
4149,44,,2,SHA,R,0.134,,A,HILLTOP DRIVE,35500,1360,3.83,191,20,E,-122.35792083072509,40.58512265419539,State,True
4151,44,,2,SHA,R,0.0,,A,"REDDING, JCT. RTE. 5",49000,1377,2.81,226,20,E,-122.36055124699736,40.58532503281884,State,True
4153,44,,2,SHA,R,1.239,,A,"REDDING, VICTOR AVENUE",34000,1465,4.31,135,23,V,-122.3386993432322,40.57972515330523,State,True
4155,44,,2,SHA,R,10.77,,A,MILLVILLE PLAINS,3800,204,5.36,19,21,V,-122.1742684886751,40.53844677986317,State,True
4157,44,,2,SHA,R,10.77,,B,MILLVILLE PLAINS,5400,249,4.61,24,21,V,-122.1742684886751,40.53844677986317,State,True
4159,44,,2,SHA,R,19.01,,A,DERSCH ROAD,4400,237,5.39,25,21,V,-122.03168363864665,40.514141590688176,State,True
4161,44,,2,SHA,R,19.01,,B,DERSCH ROAD,3550,76,2.15,13,20,E,-122.03168363864665,40.514141590688176,State,True
4163,44,,2,SHA,R,2.131,,A,SHASTA VIEW DRIVE,23600,453,1.92,67,20,E,-122.3246442924154,40.572622082759324,State,True
4165,44,,2,SHA,R,27.83,,A,SHINGLETOWN,3800,342,9.0,34,23,V,-121.88823168799362,40.49236496810241,State,True
4167,44,,2,SHA,R,3.627,,A,AIRPORT ROAD,17200,330,1.92,27,20,E,-122.30054993408798,40.5609865130579,State,True
4169,44,,2,SHA,R,49.353,,A,LASSEN VOLCANIC NATIONAL PARK,1350,101,7.47,23,22,E,-121.57774337140414,40.54465137829428,State,True
4171,44,,2,SHA,,42.818,,A,VIOLA,1400,105,7.47,21,22,E,-121.68265525805377,40.518520160325465,State,True
4173,44,,2,SHA,,42.818,,B,VIOLA,1800,135,7.49,32,22,E,-121.68265525805377,40.518520160325465,State,True
4175,44,,2,SHA,,62.685,,A,JCT. RTE. 89 NORTHWEST,1450,234,16.12,67,20,E,-121.42464117179337,40.68067165329976,State,True
4177,44,,2,SHA,,62.685,,B,JCT. RTE. 89 NORTHWEST,1350,101,7.47,23,22,E,-121.42464117179337,40.68067165329976,State,True
4179,44,,2,SHA,,71.389,,O,SHASTA/LASSEN COUNTY LINE,1950,314,16.1,87,22,E,-121.32237470238292,40.65512569523473,State,True
4181,45,,3,COL,,12.867,,A,GRIMES-ARBUCKLE ROAD,900,171,19.0,46,7,E,-121.89853329368573,39.07197141626424,State,True
4183,45,,3,COL,,12.867,,B,GRIMES-ARBUCKLE ROAD,1100,209,19.0,56,7,E,-121.89853329368573,39.07197141626424,State,True
4185,45,,3,COL,,19.84,,B,JCT. RTE. 20,760,92,12.11,12,7,E,-121.96511631384851,39.15014209020032,State,True
4187,45,,3,COL,,19.85,,A,JCT. RTE. 20,6200,751,12.11,97,7,E,-122.0147606974207,39.215620509976326,State,True
4189,45,,3,COL,,20.08,,A,"COLUSA, LURLINE AVENUE",6300,462,7.33,61,19,V,-122.01860245142939,39.21708357288518,State,True
4191,45,,3,COL,,32.06,,B,COUNTY ROAD P29,1950,175,8.95,44,7,E,-122.01735601202317,39.38455092475949,State,True
4193,45,,3,GLE,,22.68,,B,"HAMILTON CITY, WEST FIRST STREET",2550,142,5.56,28,7,E,-122.01573650856774,39.73712752616439,State,True
4195,45,,3,GLE,,3.059,,A,JCT. RTE. 162 EAST,2550,204,8.0,44,7,E,-122.01730417024817,39.457319899316666,State,True
4197,45,,3,GLE,,3.059,,B,JCT. RTE. 162 EAST,1650,254,15.39,42,7,E,-122.01730417024817,39.457319899316666,State,True
4199,45,,3,GLE,,7.527,,A,JCT. RTE. 162 WEST,2150,120,5.56,24,7,E,-122.01404692663864,39.52179407027027,State,True
4201,45,,3,GLE,,7.527,,B,JCT. RTE. 162 WEST,2500,215,8.59,45,7,E,-122.01404692663864,39.52179407027027,State,True
4203,45,,3,YOL,,0.0,,A,"KNIGHTS LANDING, JCT. RTE. 113",1000,169,16.86,37,7,E,-121.72022164800221,38.80048111228318,State,True
4205,46,,5,SLO,R,0.146,,A,JCT. RTE. 1,4700,470,10.0,51,21,E,-121.0448144541297,35.52719263766698,State,True
4207,46,,5,SLO,R,21.969,,B,SOUTH JCT. RTE. 101,7600,624,8.21,37,21,E,-120.69556505473928,35.58936445770227,State,True
4209,46,,5,SLO,,29.761,,A,SOUTH JCT. RTE. 101,29000,4930,17.0,1005,21,E,-120.68509620519913,35.642564251338385,State,True
4211,46,,5,SLO,,32.145,,A,PASO ROBLES AIRPORT ROAD,26500,4754,17.94,1069,21,E,-120.64328162477995,35.644456111669726,State,True
4213,46,,5,SLO,,45.48,,B,MC MILLAN CANYON ROAD,18000,3762,20.9,765,22,V,-120.4140768061253,35.66140713900095,State,True
4215,46,,5,SLO,,55.106,,A,JCT. RTE. 41 NORTHEAST,8500,2190,25.76,514,21,E,-120.28443781481153,35.73447268081103,State,True
4217,46,,6,KER,,20.543,,A,"BLACKWELLS CORNER, JCT. RTE. 33",8800,1672,19.0,440,21,E,-119.86767019065705,35.614951851140574,State,True
4219,46,,6,KER,,20.543,,B,"BLACKWELLS CORNER, JCT. RTE. 33",7200,1944,27.0,460,21,E,-119.86767019065705,35.614951851140574,State,True
4221,46,,6,KER,,32.533,,A,JCT. RTE. 5,6800,2247,33.04,614,21,V,-119.65330036440338,35.616232472642054,State,True
4223,46,,6,KER,,32.533,,B,JCT. RTE. 5,12600,2560,20.32,572,21,V,-119.65330036440338,35.616232472642054,State,True
4225,46,,6,KER,,50.904,,B,"WASCO, JCT. RTE. 43 SOUTH",10900,1942,17.82,502,21,V,-119.33368450426553,35.601533954220734,State,True
4227,46,,6,KER,,51.215,,A,"WASCO, JCT. RTE. 43 NORTH",6900,2220,32.18,590,21,E,-119.32814381417072,35.60153928692088,State,True
4229,46,,6,KER,,51.215,,B,"WASCO, JCT. RTE. 43 NORTH",9000,2021,22.45,538,20,E,-119.32814381417072,35.60153928692088,State,True
4231,47,,7,LA,R,0.0,,A,"LOS ANGELES, JCT. RTE. 110",58000,5875,10.13,987,12,E,-118.29086959222485,33.74892467432168,State,True
4233,47,,7,LA,,0.722,,A,"LOS ANGELES, HARBOR BOULEVARD",58000,5104,8.8,931,15,V,-118.28119116401501,33.74949852323127,State,True
4235,47,,7,LA,,3.497,,A,"LONG BEACH, OCEAN BOULEVARD",15100,2839,18.8,643,91,V,-118.23858050557418,33.758510527211556,State,True
4237,47,,7,LA,,3.88,,B,"LONG BEACH, HEIM LIFT BRIDGE",18500,10641,57.52,2374,11,V,-118.2391210317621,33.76447440962936,State,True
4239,49,,10,AMA,,14.723,,A,"CENTRAL HOUSE, JCT. RTE. 16 WEST",6900,552,8.0,92,96,V,-120.86767934275359,38.45488203507226,State,True
4241,49,,10,AMA,,14.723,,B,"CENTRAL HOUSE, JCT. RTE. 16 WEST",11200,918,8.2,142,96,V,-120.86767934275359,38.45488203507226,State,True
4243,49,,10,AMA,,22.116,,O,AMADOR/EL DORADO COUNTY LINE,1950,184,9.44,17,7,E,-120.84967015688942,38.55067929114442,State,True
4245,49,,10,AMA,,4.029,,A,"JACKSON, SOUTH JCT. RTE. 88",7400,525,7.1,108,96,V,-120.77308603995495,38.346938147736346,State,True
4247,49,,10,AMA,,4.029,,B,"JACKSON, SOUTH JCT. RTE. 88",7800,718,9.2,121,96,V,-120.77308603995495,38.346938147736346,State,True
4249,49,,10,AMA,,5.934,,A,"MARTELL, NORTH JCT. RTE. 88 WEST",11600,650,5.6,112,96,E,-120.79475634120055,38.36531271579548,State,True
4251,49,,10,AMA,,5.934,,B,"MARTELL, NORTH JCT. RTE. 88 WEST",19000,1368,7.2,234,96,E,-120.79475634120055,38.36531271579548,State,True
4253,49,,10,AMA,,6.98,,A,"SUTER CREEK, JCT. RTE. 104 WEST",14800,844,5.7,145,96,V,-120.80233473105834,38.37843042381435,State,True
4255,49,,10,CAL,R,0.0,,A,TUOLUMNE/CALAVERAS COUNTY LINE,4500,180,4.0,36,1,V,-120.50025592922076,38.00440158167629,State,True
4257,49,,10,CAL,R,20.496,,A,JCT. RTE. 12 WEST,5900,401,6.8,63,96,V,-120.69737410900788,38.2048561738877,State,True
4259,49,,10,CAL,,18.794,,A,MOUNTAIN RANCH ROAD,9100,455,5.0,90,1,V,-120.6744845226305,38.18914139233897,State,True
4261,49,,10,CAL,,18.794,,B,MOUNTAIN RANCH ROAD,6700,335,5.0,67,1,V,-120.6744845226305,38.18914139233897,State,True
4263,49,,10,CAL,,20.496,,B,JCT. RTE. 12 WEST,9300,567,6.1,115,1,V,-120.69737410900788,38.2048561738877,State,True
4265,49,,10,CAL,,27.614,,A,"MOKELUMNE HILL, JCT. RTE. 26",6600,449,6.8,93,96,V,-120.7046755087377,38.297844529042294,State,True
4267,49,,10,CAL,,27.614,,B,"MOKELUMNE HILL, JCT. RTE. 26",5300,381,7.19,68,96,V,-120.7046755087377,38.297844529042294,State,True
4269,49,,10,CAL,,7.21,,A,"ANGELS CAMP, SOUTH JCT. RTE. 4",6000,540,9.0,110,1,V,-120.53911123990514,38.06824724626205,State,True
4271,49,,10,CAL,,7.21,,B,"ANGELS CAMP, SOUTH JCT. RTE. 4",9300,651,7.0,139,1,V,-120.53911123990514,38.06824724626205,State,True
4273,49,,10,CAL,,8.667,,A,NORTH JCT. RTE. 4,8200,328,4.0,66,1,V,-120.55882268113042,38.08251598879431,State,True
4275,49,,10,CAL,,8.667,,B,NORTH JCT. RTE. 4,9600,422,4.4,66,1,E,-120.55882268113042,38.08251598879431,State,True
4277,49,,10,MPA,,0.332,,O,MADERA/MARIPOSA COUNTY LINE,3000,132,4.4,5,86,E,-119.7303967016112,37.41704763829792,State,True
4279,49,,10,MPA,,18.51,,A,"MARIPOSA, JCT. RTE. 140",5650,170,3.0,11,85,E,-119.97272009985683,37.49311577674112,State,True
4281,49,,10,MPA,,18.5,,B,"MARIPOSA, JCT. RTE. 140",8500,111,1.3,8,86,E,-119.96378799288335,37.483146407006046,State,True
4283,49,,10,MPA,,44.67,,A,"COULTERVILLE, JCT. RTE. 132 WEST",670,48,7.2,3,85,E,-120.19696251708417,37.710366433008666,State,True
4285,49,,10,MPA,,44.67,,B,"COULTERVILLE, JCT. RTE. 132 WEST",690,34,4.9,2,85,E,-120.19696251708417,37.710366433008666,State,True
4287,49,,10,TUO,R,11.587,,A,SOUTH JCT. RTE. 108; MONTEZUMA ROAD,16900,1014,6.0,235,1,V,-120.45239205594906,37.9094770619016,State,True
4289,49,,10,TUO,R,11.587,,B,SOUTH JCT. RTE. 108; MONTEZUMA ROAD,2500,208,8.31,42,95,V,-120.45239205594906,37.9094770619016,State,True
4291,49,,10,TUO,R,6.468,,B,JCT. RTE. 120,850,65,7.7,5,85,E,-120.31177567971115,37.81479438888545,State,True
4293,49,,10,TUO,R,8.779,,A,JCT. RTE. 120,1100,112,10.2,15,95,V,-120.43479268960235,37.874725008284656,State,True
4295,49,,10,TUO,,16.48,,B,"SONORA, EAST JCT. RTE. 108",19600,1960,10.0,515,97,V,-120.39397653272253,37.96517660502335,State,True
4297,49,,10,TUO,,17.965,,A,"SONORA, JCT. RTE. 108U; WASHINGTON STREET",18300,1281,7.0,235,95,E,-120.38221452060165,37.98290647201159,State,True
4299,49,,10,TUO,,17.965,,B,"SONORA, JCT. RTE. 108U; WASHINGTON STREET",11500,759,6.6,135,95,E,-120.38221452060165,37.98290647201159,State,True
4301,49,,10,TUO,,20.4,,A,COLUMBIA WYE,4800,288,6.0,59,1,V,-120.39600138028872,38.01395207735328,State,True
4303,49,,10,TUO,,23.709,,A,RAWHIDE ROAD,5400,324,6.0,61,1,V,-120.4417429378876,37.9884916526491,State,True
4305,49,,10,TUO,,23.709,,B,RAWHIDE ROAD,3600,180,5.0,36,1,V,-120.4417429378876,37.9884916526491,State,True
4307,49,,2,PLU,,0.0,,A,SIERRA/PLUMAS COUNTY LINE,690,79,11.41,21,22,E,-120.2217965221654,39.70801857514553,State,True
4309,49,,2,PLU,,3.92,,A,DYSON LANE,1100,94,8.57,22,22,E,-120.20920457541816,39.762335849279296,State,True
4311,49,,2,PLU,,7.5,,B,JCT. RTE. 70,1150,99,8.57,24,22,E,-120.17807998820248,39.80452229371268,State,True
4313,49,,3,ED,,0.0,,O,AMADOR/EL DORADO COUNTY LINE,1950,184,9.44,17,7,E,-120.84967015688942,38.55067929114442,State,True
4315,49,,3,ED,,14.856,,B,"PLACERVILLE, JCT. RTE. 50",9600,892,9.29,81,7,E,-120.80537905957246,38.728125820689826,State,True
4317,49,,3,ED,,14.891,,A,"PLACERVILLE, JCT. RTE. 50",6800,408,6.0,46,83,E,-120.80538804991183,38.728139486926246,State,True
4319,49,,3,ED,,15.685,,A,JCT. RTE. 193 NORTH,4750,171,3.6,11,84,V,-120.81125886458537,38.73759539677891,State,True
4321,49,,3,ED,,15.685,,B,JCT. RTE. 193 NORTH,5100,286,5.6,27,84,V,-120.81125886458537,38.73759539677891,State,True
4323,49,,3,ED,,22.865,,A,"COLOMA, JCT. RTE. 153 WEST",4250,298,7.0,47,83,E,-120.88934024941797,38.796956019669544,State,True
4325,49,,3,ED,,22.865,,B,"COLOMA, JCT. RTE. 153 WEST",2350,71,3.0,12,88,E,-120.88934024941797,38.796956019669544,State,True
4327,49,,3,ED,,34.466,,A,"COOL, JCT. RTE. 193 EAST",16400,1197,7.3,179,89,V,-121.0159043964474,38.88694720988555,State,True
4329,49,,3,ED,,34.466,,B,"COOL, JCT. RTE. 193 EAST",6600,937,14.2,155,89,V,-121.0159043964474,38.88694720988555,State,True
4331,49,,3,ED,,9.641,,A,"EL DORADO, PLEASANT VALLEY ROAD",8200,774,9.44,70,7,E,-120.84701471265504,38.682214720277145,State,True
4333,49,,3,NEV,R,14.475,,B,"NEVADA CITY, JCT. RTE. 20",24300,911,3.75,105,0,E,-121.06805928198114,39.20953807778077,State,True
4335,49,,3,NEV,,15.062,,A,"NEVADA CITY, JCT. RTE. 20",29500,770,2.61,83,6,E,-121.01510989676571,39.26788377072034,State,True
4337,49,,3,NEV,,9.22,,B,ALTA SIERRA DRIVE,18700,1000,5.35,111,2,E,-121.07117066434135,39.141126897283364,State,True
4339,49,,3,PLA,R,8.973,,A,LORENSEN RD,30000,2625,8.75,170,22,V,-121.10825235839677,38.9781993029444,State,True
4341,49,,3,PLA,,0.045,,A,FORESTHILL RD,7100,343,4.83,37,5,V,-121.04102898676008,38.915856558010184,State,True
4343,49,,3,PLA,,3.208,,A,"AUBURN, JCT. RTE. 80",26500,1540,5.81,108,16,E,-121.07465334556132,38.90031539567747,State,True
4345,49,,3,PLA,,3.208,,B,"AUBURN, JCT. RTE. 80",7800,631,8.09,67,4,E,-121.07465334556132,38.90031539567747,State,True
4347,49,,3,PLA,,5.21,,A,LUTHER ROAD,35500,2073,5.84,146,16,E,-121.08655738402352,38.92738429513669,State,True
4349,49,,3,PLA,,5.21,,B,LUTHER ROAD,32000,2099,6.56,147,16,E,-121.08655738402352,38.92738429513669,State,True
4351,49,,3,PLA,,7.427,,A,DRY CREEK ROAD,28500,1667,5.85,117,16,V,-121.10126144068366,38.95665229332871,State,True
4353,49,,3,SIE,,47.44,,B,"SATTLEY, JCT. RTE. 89",340,32,9.5,7,6,E,-120.43532014709952,39.62411595020863,State,True
4355,49,,3,SIE,,47.45,,A,"SATTLEY, JCT. RTE. 89",290,27,9.47,6,6,E,-120.36705069090777,39.58956225190409,State,True
4357,49,,3,SIE,,47.86,,A,"SIERRAVILLE, LEMON CANYON ROAD",670,83,12.43,14,9,E,-120.35920031723312,39.58837689666822,State,True
4359,49,,3,YUB,,3.59,,A,MARYSVILLE ROAD,1200,83,6.95,8,86,E,-121.0708335841074,39.43856518682977,State,True
4361,49,,6,MAD,,0.0,,A,"OAKHURST, JCT. RTE. 41",12600,1285,10.2,108,19,V,-119.65557164500481,37.33109657473545,State,True
4363,49,,6,MAD,,8.235,,A,COUNTY ROAD 601,4400,441,10.02,28,19,V,-119.73362912926098,37.40306709229629,State,True
4365,49,,6,MAD,,8.235,,B,COUNTY ROAD 601,4650,258,5.54,20,16,E,-119.73362912926098,37.40306709229629,State,True
4367,49,,6,MAD,,9.275,,O,MADERA/MARIPOSA COUNTY LINE,3000,132,4.4,5,86,E,-119.7303967016112,37.41704763829792,State,True
4369,4,,10,ALP,R,0.0,,O,CALAVERAS/ALPINE COUNTY LINE,1200,24,2.0,3,1,V,-120.05363297177006,38.455540879329426,State,True
4371,4,,10,CAL,R,0.0,,O,STANISLAUS/CALAVERAS COUNTY LINE,7600,341,4.49,65,1,V,-120.77090951185305,37.93881629969809,State,True
4373,4,,10,CAL,R,42.62,,B,MORAN ROAD EAST JUNCTION,6000,240,4.0,40,1,V,-120.33374626529839,38.26498269080558,State,True
4375,4,,10,CAL,R,65.865,,O,CALAVERAS/ALPINE COUNTY LINE,1200,24,2.0,3,1,V,-120.05363297177006,38.455540879329426,State,True
4377,4,,10,CAL,,26.22,,A,VALLECITO,7800,514,6.59,90,1,V,-120.47132093161122,38.09715073235256,State,True
4379,4,,10,CAL,,26.22,,B,VALLECITO,7900,514,6.5,85,1,V,-120.47132093161122,38.09715073235256,State,True
4381,4,,10,CAL,,29.62,,A,BIG TREES/TOMBELL ROADS,6800,340,5.0,51,1,V,-120.4561411190918,38.139058966273296,State,True
4383,4,,10,CAL,,29.62,,B,BIG TREES/TOMBELL ROADS,7000,350,5.0,53,1,E,-120.4561411190918,38.139058966273296,State,True
4385,4,,10,CAL,,44.497,,A,BIG TREES STATE PARK,2550,179,7.02,34,1,V,-120.30995440296476,38.277281501043404,State,True
4387,4,,10,CAL,,44.497,,B,BIG TREES STATE PARK,2700,189,7.0,34,1,V,-120.30995440296476,38.277281501043404,State,True
4389,4,,10,CAL,,49.57,,B,MEKO DRIVE,1400,119,8.48,23,1,E,-120.25262166316764,38.32224099381793,State,True
4391,4,,10,SJ,R,16.059,,A,"STOCKTON, NORTH JCT RTE 5",98000,9408,9.6,1845,88,E,-121.30062000172138,37.94823431309962,State,True
4393,4,,10,SJ,R,16.059,,B,"STOCKTON, NORTH JCT RTE 5",16000,800,5.0,188,88,E,-121.30062000172138,37.94823431309962,State,True
4395,4,,10,SJ,R,17.052,,B,STANISLAUS STREET,99000,9504,9.6,1864,88,V,-121.28287107037144,37.95122687919007,State,True
4397,4,,10,SJ,S,19.986,,B,SOUTH JCT. RTE. 99,105000,13440,12.8,2615,96,V,-121.23054441437895,37.94174059832859,State,True
4399,4,,10,SJ,T,14.023,,A,ROBERTS ISLAND ROAD,17100,2120,12.4,478,96,E,-121.33242549036287,37.927492498735454,State,True
4401,4,,10,SJ,T,14.023,,B,ROBERTS ISLAND ROAD,16400,2163,13.19,506,96,V,-121.33242549036287,37.927492498735454,State,True
4403,4,,10,SJ,,0.0,,A,CONTRA COSTA/SAN JOAQUIN COUNTY LINE,13600,1537,11.3,360,96,V,-121.5699746545888,37.89090456894438,State,True
4405,4,,10,SJ,,10.49,,A,INLAND DRIVE,14800,1806,12.2,481,96,V,-121.39705033771648,37.926855948230525,State,True
4407,4,,10,SJ,,10.49,,B,INLAND DRIVE,14000,1372,9.8,331,96,V,-121.39705033771648,37.926855948230525,State,True
4409,4,,10,SJ,,11.672,,A,MAYBECK ROAD,15700,1711,10.9,387,96,V,-121.37536771607675,37.926885324847824,State,True
4411,4,,10,SJ,,11.672,,B,MAYBECK ROAD,15400,1786,11.6,439,96,E,-121.37536771607675,37.926885324847824,State,True
4413,4,,10,SJ,,15.09,,A,FRESNO AVENUE,17400,2436,14.0,574,96,E,-121.31195406901732,37.932887145047005,State,True
4415,4,,10,SJ,,15.09,,B,FRESNO AVENUE,18700,2132,11.4,484,96,V,-121.31195406901732,37.932887145047005,State,True
4417,4,,10,SJ,,19.75,,A,SOUTH JCT. RTE. 99,9400,536,5.7,110,1,V,-121.23490012600271,37.94123180972752,State,True
4419,4,,10,SJ,,33.1,,A,FARMINGTON/ESCALON-BELLOTA RD,6200,391,6.3,78,1,E,-120.99986330438638,37.93004436866069,State,True
4421,4,,10,SJ,,33.1,,B,FARMINGTON/ESCALON-BELLOTA RD,5000,321,6.41,66,1,V,-120.99986330438638,37.93004436866069,State,True
4423,4,,10,STA,R,8.885,,O,STANISLAUS/CALAVERAS COUNTY LINE,7600,341,4.49,65,1,V,-120.77090951185305,37.93881629969809,State,True
4425,4,,4,CC,R,11.4,,B,PACHECO BLVD,74000,4114,5.56,482,22,V,-122.08178696431095,37.991327941676175,State,True
4427,4,,4,CC,R,14.668,,A,"CONCORD, JCT. RTE. 242",183000,11456,6.26,2132,0,V,-122.03632565143631,38.00576328964756,State,True
4429,4,,4,CC,R,14.668,,B,"CONCORD, JCT. RTE. 242",81000,5476,6.76,999,0,V,-122.03632565143631,38.00576328964756,State,True
4431,4,,4,CC,R,18.83,,A,WILLOW PASS RD (EAST)/SAN MARCO BLVD,153000,8446,5.52,1549,0,V,-121.96484460042454,38.02268788525568,State,True
4433,4,,4,CC,R,18.83,,B,WILLOW PASS RD (EAST)/SAN MARCO BLVD,171000,8841,5.17,1295,3,V,-121.96484460042454,38.02268788525568,State,True
4435,4,,4,CC,R,20.102,,A,BAILEY ROAD,161000,7406,4.6,1328,0,V,-121.94220146235376,38.01877603675921,State,True
4437,4,,4,CC,R,44.367,,A,BYRON HIGHWAY,25000,3623,14.49,881,0,V,-121.64102641959093,37.89032660903588,State,True
4439,4,,4,CC,R,44.367,,B,BYRON HIGHWAY,28500,4392,15.41,1172,0,V,-121.64102641959093,37.89032660903588,State,True
4441,4,,4,CC,,0.0,,A,"HERCULES, JCT. RTE. 80",45000,2804,6.23,569,0,V,-122.26937929294262,38.015058411966834,State,True
4443,4,,4,CC,,12.667,,A,JCT. RTE. 680,78000,3970,5.09,544,2,V,-122.06982101575598,37.994539740181835,State,True
4445,4,,4,CC,,12.667,,B,JCT. RTE. 680,81000,3904,4.82,602,2,V,-122.06982101575598,37.994539740181835,State,True
4447,4,,4,CC,,46.46,,A,DISCOVERY BAY BOULEVARD,11200,1548,13.82,302,0,V,-121.60225997564436,37.89007224324894,State,True
4449,505,,3,YOL,R,22.356,,B,JCT. RTE. 5,8900,1131,12.71,272,7,V,-121.93988266626367,38.84795021879422,Interstate,True
4451,505,,3,YOL,,0.396,,A,JCT. RTE. 128 WEST,20400,2030,9.95,614,5,E,-121.95283109775335,38.53145874282311,Interstate,True
4453,505,,3,YOL,,0.396,,B,JCT. RTE. 128 WEST,19800,1970,9.95,596,5,E,-121.95283109775335,38.53145874282311,Interstate,True
4455,505,,3,YOL,,10.623,,A,JCT. RTE. 16,11100,1411,12.71,339,7,E,-121.95189693968938,38.67959760926256,Interstate,True
4457,505,,3,YOL,,10.623,,B,JCT. RTE. 16,14200,1413,9.95,427,5,E,-121.95189693968938,38.67959760926256,Interstate,True
4459,505,,4,SOL,R,0.0,,A,"VACAVILLE, JCT. RTE. 80",35000,3483,9.95,1053,5,E,-121.953393983907,38.37329629966535,Interstate,True
4461,505,,4,SOL,R,10.626,,B,SOLANO/YOLO COUNTY LINE,26000,2587,9.95,782,5,E,-121.95277561330983,38.52568876278975,Interstate,True
4463,505,,4,SOL,R,3.058,,B,MIDWAY ROAD,30500,5045,16.54,683,22,V,-121.94427358735501,38.41690970094499,Interstate,True
4465,50,,3,ED,R,10.295,,A,EAST SHINGLE SPRINGS,49500,2970,6.0,513,83,E,-120.91512900464441,38.67996652534452,US,True
4467,50,,3,ED,R,10.295,,B,EAST SHINGLE SPRINGS,53000,3180,6.0,551,83,E,-120.91512900464441,38.67996652534452,US,True
4469,50,,3,ED,R,25.949,,B,EAST CAMINO ROAD,28500,1995,7.0,375,83,E,-120.66529284116746,38.7376667956646,US,True
4471,50,,3,ED,R,31.299,,A,SLY PARK ROAD,10400,676,6.5,129,83,E,-120.57595434591269,38.76131535397289,US,True
4473,50,,3,ED,,15.829,,B,"PLACERVILLE, FAIRGROUNDS",45500,2730,6.0,471,83,E,-120.83350828633846,38.721262000341035,US,True
4475,50,,3,ED,,17.667,,A,"PLACERVILLE, JCT. RTE. 49",33500,2010,6.0,365,83,E,-120.80538138261579,38.72809979169169,US,True
4477,50,,3,ED,,17.667,,B,"PLACERVILLE, JCT. RTE. 49",37000,2220,6.0,384,83,E,-120.80538138261579,38.72809979169169,US,True
4479,50,,3,ED,,20.296,,B,"PLACERVILLE, POINT VIEW DRIVE",29000,1798,6.2,332,83,E,-120.76012973473182,38.73122569778806,US,True
4481,50,,3,ED,,39.772,,A,ICEHOUSE ROAD,9000,369,4.1,58,83,V,-120.44754585340037,38.769288833218084,US,True
4483,50,,3,ED,,39.772,,B,ICEHOUSE ROAD,14300,901,6.3,174,83,V,-120.44754585340037,38.769288833218084,US,True
4485,50,,3,ED,,70.621,,A,JCT. RTE. 89 SOUTH,14400,482,3.35,70,12,E,-120.02232262463171,38.85102246321718,US,True
4487,50,,3,ED,,70.621,,B,JCT. RTE. 89 SOUTH,10600,670,6.32,79,12,E,-120.02232262463171,38.85102246321718,US,True
4489,50,,3,ED,,75.448,,A,"SOUTH LAKE TAHOE, JCT. RTE. 89 NORTH",27500,1100,4.0,83,84,V,-120.00462015235163,38.91348819727764,US,True
4491,50,,3,ED,,75.448,,B,"SOUTH LAKE TAHOE, JCT. RTE. 89 NORTH",15900,636,4.0,86,83,E,-120.00462015235163,38.91348819727764,US,True
4493,50,,3,ED,,80.44,,B,NEVADA STATE LINE,23500,729,3.1,53,83,V,-119.94203916540715,38.95915689865678,US,True
4495,50,,3,SAC,L,0.35,,A,"SACRAMENTO, JCT. RTE. 5",184000,4894,2.66,860,4,E,-121.51101788023392,38.56824994792895,US,True
4497,50,,3,SAC,L,0.35,,B,"SACRAMENTO, JCT. RTE. 5",98000,3949,4.03,716,4,E,-121.51101788023392,38.56824994792895,US,True
4499,50,,3,SAC,L,1.37,,A,"SACRAMENTO, JCT. RTE. 160 15TH/16TH ST",205000,4756,2.32,835,4,E,-121.49304676676813,38.563485225095356,US,True
4501,50,,3,SAC,R,0.0,,A,JCT. RTES. 51/99,205000,7606,3.71,1021,4,E,-121.47353722190296,38.5586918303219,US,True
4503,50,,3,SAC,R,2.628,,A,"SACRAMENTO, 65TH STREET",188000,7614,4.05,1022,4,E,-121.4280965738731,38.55052647579568,US,True
4505,50,,3,SAC,R,2.628,,B,"SACRAMENTO, 65TH STREET",188000,7802,4.15,1047,4,E,-121.4280965738731,38.55052647579568,US,True
4507,50,,3,SAC,R,3.674,,A,JCT. RTE. 16,167000,4192,2.51,620,15,V,-121.409355761414,38.55358694873883,US,True
4509,50,,3,SAC,,12.496,,A,SUNRISE BOULEVARD,97000,6208,6.4,1134,83,E,-121.27050034813594,38.60887144673051,US,True
4511,50,,3,SAC,,12.496,,B,SUNRISE BOULEVARD,143000,7922,5.54,1092,2,E,-121.27050034813594,38.60887144673051,US,True
4513,50,,3,SAC,,15.759,,A,NIMBUS ROAD,103000,6489,6.3,1169,83,E,-121.21697619924217,38.63078246871353,US,True
4515,50,,3,SAC,,17.008,,A,FOLSOM BOULEVARD/NATOMA,97000,4850,5.0,963,85,V,-121.19740233859592,38.63978751465807,US,True
4517,50,,3,SAC,,17.008,,B,FOLSOM BOULEVARD/NATOMA,101000,6060,6.0,1066,83,E,-121.19740233859592,38.63978751465807,US,True
4519,50,,3,SAC,,21.502,,A,SCOTT ROAD,100000,6400,6.4,1109,83,E,-121.11470488611569,38.643161786698656,US,True
4521,50,,3,YOL,,0.35,,A,WEST SACRAMENTO JCT. RTE. 80,76000,6369,8.38,1021,22,E,-121.56458190803812,38.57546908524553,US,True
4523,50,,3,YOL,,0.0,,A,JCT. RTE. 80 EAST,76000,5616,7.39,1086,14,V,-121.57164441159787,38.574982349117406,US,True
4525,50,,3,YOL,,2.498,,B,JCT. RTE. 84,87000,4898,5.63,888,4,E,-121.52509325363741,38.57703474178403,US,True
4527,51,,3,SAC,,0.0,,A,"SACRAMENTO, JCT. RTES. 50/99",88000,3265,3.71,606,16,E,-121.47340102472945,38.55882676068821,State,True
4529,51,,3,SAC,,3.357,,B,"SACRAMENTO, EXPOSITION BOULEVARD",121000,3945,3.26,713,18,V,-121.44349556544039,38.596912784028724,State,True
4531,51,,3,SAC,,3.688,R,A,"SACRAMENTO, JCT. RTE. 160 WEST",147000,6865,4.67,1028,4,E,-121.43965562782519,38.60011293224909,State,True
4532,51,,3,SAC,,3.688,,B,"SACRAMENTO, JCT. RTE. 160 WEST",128000,2957,2.31,551,11,V,-121.43965562782519,38.60011293224909,State,True
4534,51,,3,SAC,,6.788,,A,"SACRAMENTO, FULTON AVENUE",147000,8379,5.7,1113,83,E,-121.40145204577777,38.630739023321695,State,True
4536,51,,3,SAC,,8.86,,B,JCT. RTE. 80 WEST,118000,6726,5.7,889,81,V,-121.37420730024051,38.64768105032867,State,True
4538,52,,11,SD,,0.324,,A,JCT. RTE. 5,100000,5090,5.09,277,23,E,-117.23445967189575,32.83749621963635,State,True
4540,52,,11,SD,,2.292,,B,"SAN DIEGO, GENESEE AVENUE",76000,2508,3.3,232,87,E,-117.20301149085348,32.846731810109794,State,True
4542,52,,11,SD,,3.761,,B,JCT. RTE. 805,92000,1684,1.83,182,23,V,-117.1780865538076,32.84737123437374,State,True
4544,52,,11,SD,,8.713,,A,SANTO ROAD,99000,2574,2.6,171,96,E,-117.09734661207818,32.84115728919589,State,True
4546,53,,1,LAK,,0.0,,A,"LOWER LAKE, JCT. RTE. 29",17700,1304,7.37,90,16,E,-122.61229735273584,38.910147554768116,State,True
4548,53,,1,LAK,,7.445,,B,JCT. RTE. 20,5700,420,7.37,29,16,E,-122.6137746394071,39.008841570272494,State,True
4550,54,,11,SD,T,10.993,,A,JCT. RTE. 94,42500,1658,3.9,136,87,V,-116.94252854134152,32.73960282664324,State,True
4552,54,,11,SD,,1.88,,A,JCT. RTE. 805,140000,3640,2.6,242,96,E,-117.07436291190339,32.65822858988033,State,True
4554,54,,11,SD,,2.968,,B,REO DRIVE,142500,2708,1.9,180,96,E,-117.05740926626103,32.66408888629877,State,True
4556,55,,12,ORA,R,17.876,,B,JCT. RTE. 91,222800,13145,5.9,1638,18,E,-117.82672167318748,33.843805389337625,State,True
4558,55,,12,ORA,R,5.99,,A,JCT. RTE. 405,167400,3515,2.1,471,18,E,-117.87215317457111,33.687322201369,State,True
4560,55,,12,ORA,R,5.99,,B,JCT. RTE. 405,159800,5593,3.5,455,18,E,-117.87215317457111,33.687322201369,State,True
4562,55,,12,ORA,R,6.99,,A,"SANTA ANA, MAC ARTHUR BOULEVARD",290800,16866,5.8,1830,18,E,-117.8613824910955,33.69863716692659,State,True
4564,55,,12,ORA,,0.267,,A,JCT. RTE. 1,57400,2066,3.6,167,18,E,-117.92943852105046,33.620922522914086,State,True
4566,55,,12,ORA,,10.45,,A,"TUSTIN, JCT. RTE. 5",246100,18950,7.7,2476,18,E,-117.83372656688975,33.74062903715836,State,True
4568,55,,12,ORA,,10.45,,B,"TUSTIN, JCT. RTE. 5",269700,17800,6.6,2269,18,E,-117.83372656688975,33.74062903715836,State,True
4570,55,,12,ORA,,12.967,,A,JCT. RTE. 22 WEST,271900,16042,5.9,1999,18,E,-117.83096381170817,33.77720661734606,State,True
4572,55,,12,ORA,,12.967,,B,JCT. RTE. 22 WEST,259600,19470,7.5,2568,18,E,-117.83096381170817,33.77720661734606,State,True
4574,55,,12,ORA,,13.7,,A,CHAPMAN AVENUE,238300,14060,5.9,1752,18,E,-117.83088524056186,33.78760493679176,State,True
4576,57,,12,ORA,,10.83,R,A,"ORANGE, JCT. RTES. 5 AND 22",124500,11205,9.0,2406,19,E,-117.8786191833075,33.78200034965424,State,True
4577,57,,12,ORA,,15.6,,A,"ANAHEIM, JCT. RTE. 91",190600,17154,9.0,3683,19,E,-117.87575608630868,33.84979268986557,State,True
4579,57,,12,ORA,,15.6,,B,"ANAHEIM, JCT. RTE. 91",232900,20961,9.0,4500,19,E,-117.87575608630868,33.84979268986557,State,True
4581,57,,12,ORA,,19.858,,A,"BREA, JCT. RTE. 90",97300,9730,10.0,2089,19,E,-117.88340999034587,33.91075785685817,State,True
4583,57,,12,ORA,,19.858,,B,"BREA, JCT. RTE. 90",131300,13130,10.0,2819,19,E,-117.88340999034587,33.91075785685817,State,True
4585,57,,7,LA,R,0.0,,A,ORANGE/LOS ANGELES COUNTY LINE,197000,14578,7.4,3133,11,E,-117.86830346059068,33.94602140131916,State,True
4587,57,,7,LA,R,10.272,,B,"SAN DIMAS, COVINA AVENUE ",158000,13714,8.68,2892,12,E,-117.81921506141585,34.09924996728627,State,True
4589,57,,7,LA,R,11.791,R,B,"GLENDORA, JCT. RTE. 210",71000,6163,8.68,1300,12,E,-117.82548506314713,34.120217556368736,State,True
4590,57,,7,LA,R,4.518,R,B,"DIAMOND BAR, NORTH JCT. RTE. 60",96000,7104,7.4,1526,11,E,-117.83412029758048,34.00152300627412,State,True
4591,57,,7,LA,R,4.518,,A,"DIAMOND BAR, NORTH JCT. RTE. 60",121000,6365,5.26,1242,12,E,-117.81293335733135,34.0223257597535,State,True
4593,57,,7,LA,R,7.719,,A,"POMONA, JCT. RTES. 10/71",158000,13714,8.68,2892,12,E,-117.8064724528224,34.06529931120019,State,True
4595,57,,7,LA,R,7.719,,B,"POMONA, JCT. RTES. 10/71",146000,10716,7.34,1670,14,V,-117.8064724528224,34.06529931120019,State,True
4597,580,,10,SJ,,0.0,,A,JCT. RTE. 5,29000,4669,16.1,1193,6,E,-121.34244664920979,37.59790480811406,Interstate,True
4599,580,,10,SJ,,4.344,,A,JCT. RTE. 132 EAST,45000,7997,17.77,2042,7,V,-121.4018403820852,37.6388503756787,Interstate,True
4601,580,,10,SJ,,8.149,,A,CORRAL HOLLOW ROAD,40500,8432,20.82,2073,22,E,-121.45703370408313,37.67230549928472,Interstate,True
4603,580,,4,ALA,R,30.807,,A,JCT. RTE. 238,148000,9132,6.17,2201,5,V,-122.09704573874386,37.690766641891145,Interstate,True
4605,580,,4,ALA,R,30.807,,B,JCT. RTE. 238,187000,10753,5.75,2727,5,V,-122.09704573874386,37.690766641891145,Interstate,True
4607,580,,4,ALA,R,39.24,,A,"OAKLAND, JCT. RTE. 13 NORTH",134000,1474,1.1,108,96,E,-122.1784533991223,37.783819249139896,Interstate,True
4609,580,,4,ALA,R,39.24,,B,"OAKLAND, JCT. RTE. 13 NORTH",167000,852,0.51,39,0,V,-122.1784533991223,37.783819249139896,Interstate,True
4611,580,,4,ALA,R,40.078,,A,"OAKLAND, HIGH STREET",146000,584,0.4,30,5,V,-122.19559686776739,37.78674139166,Interstate,True
4613,580,,4,ALA,R,40.078,,B,"OAKLAND, HIGH STREET",130000,546,0.42,28,5,V,-122.19559686776739,37.78674139166,Interstate,True
4615,580,,4,ALA,R,47.35,,A,"ALBANY, NORTH JCT. RTE. 80",89000,5465,6.14,1096,5,V,-122.30850814422429,37.888305787686384,Interstate,True
4617,580,,4,ALA,R,8.265,,A,"LIVERMORE, GREENVILLE ROAD",170000,14161,8.33,3782,7,V,-121.70008781533707,37.71826780934818,Interstate,True
4619,580,,4,ALA,R,8.265,,B,"LIVERMORE, GREENVILLE ROAD",169000,17576,10.4,5252,96,E,-121.70008781533707,37.71826780934818,Interstate,True
4621,580,,4,ALA,,0.39,R,A,JCT. RTE. 205 EAST,17200,2150,12.5,636,96,E,-121.56101557839385,37.742296790300074,Interstate,True
4622,580,,4,ALA,,10.689,,A,FIRST STREET,193000,23546,12.2,6505,96,E,-121.74020288295172,37.70274984970306,Interstate,True
4624,580,,4,ALA,,10.689,,B,FIRST STREET,205000,9328,4.55,2402,8,V,-121.74020288295172,37.70274984970306,Interstate,True
4626,580,,4,ALA,,20.726,,A,"PLEASANTON, JCT. RTE. 680",196000,18012,9.19,4351,0,E,-121.92292898199373,37.701078274822706,Interstate,True
4628,580,,4,ALA,,20.726,,B,"PLEASANTON, JCT. RTE. 680",226000,15300,6.77,3725,0,V,-121.92292898199373,37.701078274822706,Interstate,True
4630,580,,4,ALA,,44.279,,A,"OAKLAND, OAKLAND AVENUE",163000,1125,0.69,98,5,V,-122.2535640759716,37.818914344270546,Interstate,True
4632,580,,4,ALA,,44.279,,B,"OAKLAND, OAKLAND AVENUE",167000,969,0.58,62,5,V,-122.2535640759716,37.818914344270546,Interstate,True
4634,580,,4,ALA,,45.151,,A,"OAKLAND, JCT. RTES. 24/980",186000,2065,1.11,227,5,V,-122.26782450322192,37.8242735252943,Interstate,True
4636,580,,4,ALA,,46.01,,A,"OAKLAND, JCT. RTE. 123",172000,2580,1.5,281,0,V,-122.28338395725515,37.82757102618972,Interstate,True
4638,580,,4,ALA,,46.46,R,B,"OAKLAND, JCT. RTES. 80/880",112000,1344,1.2,140,0,V,-122.29148144668466,37.827506696128076,Interstate,True
4639,580,,4,MRN,,4.782,,B,JCT. RTE. 101,61000,4209,6.9,690,96,E,-122.50977340999528,37.96239725525784,Interstate,True
4641,58,,5,SLO,,0.0,,A,JCT. RTE. 101,5900,566,9.6,64,17,V,-120.63029144857903,35.38320920525565,State,True
4643,58,,5,SLO,,24.544,,A,CAMMATTI CREEK,530,76,14.42,8,21,V,-120.2892997495558,35.42739146008593,State,True
4645,58,,5,SLO,,45.2,,A,SODA LAKE ROAD,160,34,21.0,3,17,E,-120.00526153598977,35.351491837945645,State,True
4647,58,,5,SLO,,6.889,,A,JCT. RTE. 229 NORTHEAST,700,65,9.28,7,21,V,-120.54685670203273,35.42378505676996,State,True
4649,58,,5,SLO,,6.889,,B,JCT. RTE. 229 NORTHEAST,730,33,4.5,3,21,V,-120.54685670203273,35.42378505676996,State,True
4651,58,,6,KER,R,52.36,,A,"BAKERSFIELD, SOUTH JCT. RTE. 99",78000,17160,22.0,3334,3,E,-119.03950991483252,35.3525573162195,State,True
4653,58,,6,KER,R,55.404,,A,COTTONWOOD ROAD,76000,13551,17.83,3102,21,V,-118.98558912740145,35.35226900911763,State,True
4655,58,,6,KER,R,59.44,,A,JCT. RTE. 184,33000,7583,22.98,1977,15,V,-118.91419713626527,35.35214694023996,State,True
4657,58,,6,KER,,15.41,,B,JCT. RTE. 33,170,58,34.12,6,21,V,-119.62553243375645,35.29671354406515,State,True
4659,58,,6,KER,,15.42,,A,JCT. RTE. 33,1150,368,32.0,46,21,V,-119.62232876297556,35.3090027957442,State,True
4661,58,,6,KER,,23.748,,A,LOKERN ROAD,2950,731,24.77,89,18,V,-119.53649264719823,35.398198732716565,State,True
4663,58,,6,KER,,51.807,,B,"BAKERSFIELD, REAL ROAD",48500,10670,22.0,1291,12,E,-119.04452355975693,35.38304218770652,State,True
4665,58,,6,KER,,75.63,,A,JCT RTE 223,27000,8640,32.0,2224,14,E,-118.65826219893333,35.264159774297,State,True
4667,58,,6,KER,,75.63,,B,JCT RTE 223,26000,8429,32.42,2204,18,E,-118.65826219893333,35.264159774297,State,True
4669,58,,8,SBD,R,20.635,,B,IRON WASH BRIDGE,15200,7602,50.01,2286,20,E,-117.2890431635799,34.92295296569556,State,True
4671,58,,8,SBD,R,34.812,,B,JCT. RTE. 15,17000,6154,36.2,1817,15,E,-117.07661058657581,34.870689903778505,State,True
4673,58,,9,KER,M,111.13,,B,JCT. RTE. 14,17400,6090,35.0,1775,3,E,-118.1445123039917,35.09867801526686,State,True
4675,58,,9,KER,R,107.465,,B,RANDSBURG CUT-OFF ROAD,25600,8632,33.72,2540,6,V,-118.20395268368483,35.116885496201725,State,True
4677,58,,9,KER,R,127.636,,A,CALIFORNIA CITY BOULEVARD,17900,6623,37.0,1930,3,E,-117.91694526411865,35.01205879491563,State,True
4679,58,,9,KER,R,90.717,,A,JCT. RTE. 202 SOUTHWEST,29900,9383,31.38,2241,7,E,-118.46744943066936,35.14130805887604,State,True
4681,58,,9,KER,R,90.717,,B,JCT. RTE. 202 SOUTHWEST,25800,8096,31.38,1933,7,E,-118.46744943066936,35.14130805887604,State,True
4683,58,,9,KER,R,94.19,,A,SUMMIT OVERHEAD,28300,8801,31.1,2314,22,V,-118.4114338366744,35.12735394180514,State,True
4685,59,,10,MER,L,14.78,R,B,"MERCED, JCT. RTE. 99; JCT. RTE. 140",9200,1141,12.4,232,85,V,-120.50040834906997,37.30347297473121,State,True
4686,59,,10,MER,R,28.808,,A,TURLOCK ROAD,1500,162,10.8,42,97,V,-120.50142589864006,37.49319347326564,State,True
4688,59,,10,MER,R,28.808,,B,TURLOCK ROAD,1500,184,12.28,47,97,V,-120.50142589864006,37.49319347326564,State,True
4690,59,,10,MER,,14.78,,A,"MERCED, JCT. RTE. 99; JCT. RTE. 140",23000,1150,5.0,198,98,V,-120.50058651822847,37.30316339687026,State,True
4692,59,,10,MER,,16.1,,A,"MERCED, WEST OLIVE AVENUE/SANTA FE DRIVE",12000,780,6.5,176,97,V,-120.5049261239575,37.31909089278899,State,True
4694,59,,10,MER,,33.709,,B,LA GRANGE ROAD,2100,273,13.02,76,97,V,-120.42983652607639,37.523348373158704,State,True
4696,59,,6,MAD,,0.0,,A,JCT. RTE. 152,5900,708,12.0,144,3,E,-120.4926835993979,37.08323322132292,State,True
4698,5,,10,MER,,17.578,,A,JCT. RTE. 152,36000,12701,35.28,3545,22,E,-120.96959976584527,37.05670672876969,Interstate,True
4700,5,,10,MER,,21.839,,A,JCT. RTE. 33,43000,12973,30.17,3680,12,V,-121.0157883817234,37.10656242878068,Interstate,True
4702,5,,10,MER,,23.6,,A,NORTH OF ROUTE 33 @ SANTA NELLA TRUCK SCALES,41900,11535,27.53,3166,16,V,-121.03123741394357,37.1287370450611,Interstate,True
4704,5,,10,MER,,32.391,,A,JCT. RTE. 140 EAST,42500,10540,24.8,3018,4,E,-121.08847280690664,37.245188145776304,Interstate,True
4706,5,,10,MER,,6.28,,A,JCT. RTE. 165 NORTH,41500,11836,28.52,3216,4,E,-120.84037977932275,36.93037849174384,Interstate,True
4708,5,,10,MER,,6.28,,B,JCT. RTE. 165 NORTH,30000,8556,28.52,2325,4,E,-120.84037977932275,36.93037849174384,Interstate,True
4710,5,,10,SJ,R,11.801,,B,OLD ROUTE 50; 11TH STREET,24900,8205,32.95,2255,4,E,-121.34226898490449,37.758766850741,Interstate,True
4712,5,,10,SJ,R,12.623,,A,JCT. RTE. 205 WEST,152000,40128,26.4,11642,96,E,-121.33158453969615,37.76711153065562,Interstate,True
4714,5,,10,SJ,R,14.834,,A,JCT. RTE. 120 EAST,110000,28490,25.9,8243,96,E,-121.30201056683173,37.78859639916121,Interstate,True
4716,5,,10,SJ,R,20.951,,A,FRENCH CAMP OVERCROSSING,107000,26750,25.0,7695,96,E,-121.27772002992101,37.87497309280859,Interstate,True
4718,5,,10,SJ,R,20.951,,B,FRENCH CAMP OVERCROSSING,103000,26265,25.5,7582,96,E,-121.27772002992101,37.87497309280859,Interstate,True
4720,5,,10,SJ,,0.68,R,A,JCT. RTE. 580 WEST,28000,6944,24.8,1987,4,E,-121.34133670521777,37.59879865386426,Interstate,True
4721,5,,10,SJ,,0.68,R,B,JCT. RTE. 580 WEST,24000,5952,24.8,1703,4,E,-121.34133670521777,37.59879865386426,Interstate,True
4722,5,,10,SJ,,25.365,,A,"STOCKTON, JCT. RTE. 4",132000,31680,24.0,9065,96,E,-121.29742022693388,37.93682949479945,Interstate,True
4724,5,,10,SJ,,25.365,,B,"STOCKTON, JCT. RTE. 4",152000,37240,24.5,10676,96,E,-121.29742022693388,37.93682949479945,Interstate,True
4726,5,,10,SJ,,26.185,,A,"STOCKTON, JCT. RTE. 4",130000,30550,23.5,8712,96,E,-121.30058524859798,37.94838393232751,Interstate,True
4728,5,,10,SJ,,29.99,,A,"STOCKTON, MARCH LANE",106000,24380,23.0,6929,96,E,-121.34323465856356,37.98446446773628,Interstate,True
4730,5,,10,SJ,,3.444,,A,JCT. RTE. 132,31500,7812,24.8,2235,4,E,-121.34291489605164,37.637802266294784,Interstate,True
4732,5,,10,SJ,,32.664,,A,"STOCKTON, HAMMER LANE",73000,16498,22.6,4677,96,E,-121.35857956256757,38.02120740877096,Interstate,True
4734,5,,10,SJ,,39.573,,A,JCT. RTE. 12,64500,13190,20.45,3339,7,V,-121.39779332081326,38.11600188195215,Interstate,True
4736,5,,10,SJ,,39.573,,B,JCT. RTE. 12,78000,12784,16.39,3330,4,E,-121.39779332081326,38.11600188195215,Interstate,True
4738,5,,10,SJ,,44.712,,B,PELTIER ROAD,54000,14396,26.66,3577,20,V,-121.40449959205723,38.18929412475566,Interstate,True
4740,5,,10,SJ,,47.602,,A,WALNUT GROVE ROAD,61000,13969,22.9,3573,6,V,-121.43050062188027,38.22594567417629,Interstate,True
4742,5,,10,SJ,,6.467,,A,JCT. RTE. 33 SOUTH,27500,9776,35.55,2632,18,V,-121.34311220471558,37.68159394881531,Interstate,True
4744,5,,11,SD,R,0.878,,A,SOUTH JCT. RTE. 805,42500,1615,3.8,238,83,V,-117.04059174233365,32.549686333621665,Interstate,True
4746,5,,11,SD,R,11.129,,B,8TH STREET,207500,10375,5.0,1420,85,V,-117.1096086327744,32.67483503529609,Interstate,True
4748,5,,11,SD,R,12.647,,A,JCT. RTE. 15 NORTH,162500,6663,4.1,832,85,V,-117.12166941377897,32.69301074922672,Interstate,True
4750,5,,11,SD,R,12.647,,B,JCT. RTE. 15 NORTH,227500,11375,5.0,1557,85,E,-117.12166941377897,32.69301074922672,Interstate,True
4752,5,,11,SD,R,14.077,,A,"SAN DIEGO, JCT. RTE. 75 SOUTH",182500,7300,4.0,858,78,E,-117.14296417881165,32.701538092796206,Interstate,True
4754,5,,11,SD,R,14.077,,B,"SAN DIEGO, JCT. RTE. 75 SOUTH",180000,7380,4.1,922,85,E,-117.14296417881165,32.701538092796206,Interstate,True
4756,5,,11,SD,R,15.036,,A,"SAN DIEGO, JCT. RTE. 94",205000,8200,4.0,782,87,V,-117.14755559938283,32.71369920035129,Interstate,True
4758,5,,11,SD,R,15.036,,B,"SAN DIEGO, JCT. RTE. 94",160000,6080,3.8,714,78,V,-117.14755559938283,32.71369920035129,Interstate,True
4760,5,,11,SD,R,16.069,,A,"SAN DIEGO, JCT. RTE. 163",197500,8098,4.1,990,85,V,-117.15545846880605,32.72419484493275,Interstate,True
4762,5,,11,SD,R,16.069,,B,"SAN DIEGO, JCT. RTE. 163",205000,7585,3.7,813,78,E,-117.15545846880605,32.72419484493275,Interstate,True
4764,5,,11,SD,R,20.056,,A,JCT. RTE. 8/CAMINO DEL RIO,175000,5950,3.4,634,84,V,-117.2037297082962,32.75911721830253,Interstate,True
4766,5,,11,SD,R,20.056,,B,JCT. RTE. 8/CAMINO DEL RIO,177500,7278,4.1,890,85,V,-117.2037297082962,32.75911721830253,Interstate,True
4768,5,,11,SD,R,23.476,,A,"SAN DIEGO, BALBOA AVENUE",147500,5900,4.0,750,78,V,-117.21553434907054,32.80659082472646,Interstate,True
4770,5,,11,SD,R,23.476,,B,"SAN DIEGO, BALBOA AVENUE",162500,7313,4.5,780,84,E,-117.21553434907054,32.80659082472646,Interstate,True
4772,5,,11,SD,R,25.947,,A,JCT. RTE. 52 EAST,182500,7483,4.1,1006,87,V,-117.23441739358522,32.83751428593371,Interstate,True
4774,5,,11,SD,R,30.682,R,A,"SAN DIEGO, NORTH JCT. RTE. 805",64000,2432,3.8,446,0,E,-117.2238430926105,32.90425819029281,Interstate,True
4775,5,,11,SD,R,41.509,,B,ENCINITAS BOULEVARD,195000,16146,8.28,2199,16,E,-117.28703420990605,33.04820893930511,Interstate,True
4777,5,,11,SD,R,42.712,,B,LEUCADIA BOULEVARD,215000,19157,8.91,2354,20,V,-117.29212545040637,33.0651158048969,Interstate,True
4779,5,,11,SD,R,51.201,,A,JCT. RTE. 78 EAST,190000,9120,4.8,1788,7,E,-117.35118462911038,33.1770863212222,Interstate,True
4781,5,,11,SD,R,51.201,,B,JCT. RTE. 78 EAST,215000,10342,4.81,2027,7,V,-117.35118462911038,33.1770863212222,Interstate,True
4783,5,,11,SD,R,52.834,,O,BROOKS ST OC,160000,11488,7.18,1770,18,E,-117.36730704206082,33.19652934663038,Interstate,True
4785,5,,11,SD,R,53.43,,A,MISSION AVENUE,152500,9120,5.98,1788,7,E,-117.37533483480073,33.20153138127473,Interstate,True
4787,5,,11,SD,R,54.39,,A,HARBOR DRIVE/VANDERGRIFT,137500,12444,9.05,2171,19,E,-117.38714216692767,33.21047262504406,Interstate,True
4789,5,,11,SD,R,71.377,,B,BASILONE ROAD,145000,10484,7.23,2055,7,E,-117.58308648399704,33.385620010355304,Interstate,True
4791,5,,11,SD,,4.632,,A,JCT. RTE. 75 WEST,147500,5458,3.7,656,83,V,-117.08726191359456,32.58384410479213,Interstate,True
4793,5,,11,SD,,4.632,,B,JCT. RTE. 75 WEST,147500,6195,4.2,678,78,V,-117.08726191359456,32.58384410479213,Interstate,True
4795,5,,12,ORA,,0.0,,A,SAN DIEGO/ORANGE COUNTY LINE,103700,7259,7.0,1330,19,E,-117.59362916157883,33.39650070106985,Interstate,True
4797,5,,12,ORA,,13.776,,A,CROWN VALLEY PARKWAY,162800,12210,7.5,2256,19,E,-117.67288404081991,33.55924752336347,Interstate,True
4799,5,,12,ORA,,21.304,,B,JCT. RTE. 405,245300,17171,7.0,3172,19,E,-117.73496758567582,33.64469110615388,Interstate,True
4801,5,,12,ORA,,23.12,,A,"IRVINE, JCT. RTE. 133",246800,17276,7.0,3100,19,E,-117.75262711040047,33.66691603070748,Interstate,True
4803,5,,12,ORA,,23.12,,B,"IRVINE, JCT. RTE. 133",186000,13020,7.0,2271,19,E,-117.75262711040047,33.66691603070748,Interstate,True
4805,5,,12,ORA,,30.263,,A,"TUSTIN, JCT. RTE. 55",311900,21833,7.0,3809,19,E,-117.83352075207839,33.74067063403693,Interstate,True
4807,5,,12,ORA,,30.263,,B,"TUSTIN, JCT. RTE. 55",269700,18879,7.0,3293,19,E,-117.83352075207839,33.74067063403693,Interstate,True
4809,5,,12,ORA,,34.942,,A,"ORANGE, CHAPMAN AVENUE",159900,12792,8.0,1658,19,E,-117.8866350625901,33.78888887273357,Interstate,True
4811,5,,12,ORA,,34.0,,A,"SANTA ANA, JCT. RTES. 22 AND 57",179000,12530,7.0,1701,19,E,-117.87590888434862,33.77876981532297,Interstate,True
4813,5,,12,ORA,,34.0,,B,"SANTA ANA, JCT. RTES. 22 AND 57",213100,14917,7.0,2602,19,E,-117.87590888434862,33.77876981532297,Interstate,True
4815,5,,12,ORA,,36.258,,A,KATELLA AVENUE,176500,14120,8.0,1698,19,E,-117.90158362270425,33.80312536165388,Interstate,True
4817,5,,12,ORA,,36.258,,B,KATELLA AVENUE,144000,12240,8.5,1459,19,E,-117.90158362270425,33.80312536165388,Interstate,True
4819,5,,12,ORA,,38.915,,A,LINCOLN AVENUE,206900,18621,9.0,2206,19,E,-117.93184858956667,33.83237907073084,Interstate,True
4821,5,,12,ORA,,38.915,,B,LINCOLN AVENUE,216600,19494,9.0,2361,19,E,-117.93184858956667,33.83237907073084,Interstate,True
4823,5,,12,ORA,,42.1,R,A,"FULLERTON, JCT. RTE. 91",133000,12635,9.5,2203,19,E,-117.97857280437339,33.857020461307265,Interstate,True
4824,5,,12,ORA,,42.1,R,B,"FULLERTON, JCT. RTE. 91",223000,18955,8.5,2769,19,E,-117.97857280437339,33.857020461307265,Interstate,True
4825,5,,12,ORA,,43.43,,O,JCT. RTE. 39; BEACH BOULEVARD,213400,20273,9.5,3534,19,E,-117.99816566708289,33.8665526398963,Interstate,True
4827,5,,12,ORA,,6.78,,B,JCT RTE 1,169300,11851,7.0,2189,19,E,-117.66976493384657,33.46712733324275,Interstate,True
4829,5,,12,ORA,,9.604,,A,"SAN JUAN CAPISTRANO, JCT. RTE. 74",175000,12250,7.0,2263,18,E,-117.65837311206438,33.50246634518674,Interstate,True
4831,5,,12,ORA,,9.604,,B,"SAN JUAN CAPISTRANO, JCT. RTE. 74",168400,11788,7.0,2177,19,E,-117.65837311206438,33.50246634518674,Interstate,True
4833,5,,2,SHA,R,12.152,,A,CHURN CREEK ROAD,61000,8930,14.64,2192,23,V,-122.35085508694208,40.53840371627865,Interstate,True
4835,5,,2,SHA,R,15.448,,A,"REDDING, JCT. RTE. 44",58000,7349,12.67,1804,23,E,-122.36043769006397,40.585386563101395,Interstate,True
4837,5,,2,SHA,R,17.322,,A,"REDDING, JCT. RTE. 299",48000,7363,15.34,1807,23,E,-122.36308021113464,40.61236091989114,Interstate,True
4839,5,,2,SHA,R,18.068,,A,"REDDING, TWIN VIEW BOULEVARD",41500,7113,17.14,2025,23,E,-122.366395578438,40.622863379788214,Interstate,True
4841,5,,2,SHA,R,18.481,,A,"REDDING, JCT. RTE. 273",49000,7105,14.5,2022,23,V,-122.36821189468738,40.62864127566704,Interstate,True
4843,5,,2,SHA,R,19.402,,A,"REDDING, OASIS ROAD",39500,7248,18.35,2063,23,E,-122.36483299942546,40.64157296104694,Interstate,True
4845,5,,2,SHA,R,20.995,,A,PINE GROVE,33500,7139,21.31,2032,23,E,-122.35541154777734,40.66350640267863,Interstate,True
4847,5,,2,SHA,R,22.144,,A,JCT. RTE. 151 WEST,23500,7139,30.38,1864,23,E,-122.34838136110993,40.67925463466968,Interstate,True
4849,5,,2,SHA,R,24.082,,A,MOUNTAIN GATE,21600,7737,35.82,1965,20,E,-122.33706440492352,40.70581164783148,Interstate,True
4851,5,,2,SHA,R,24.08,,A,.8-MI. N/O MOUNTAIN GATE,21600,7685,35.58,2014,22,E,-122.33708045602101,40.705785402693685,Interstate,True
4853,5,,2,SHA,R,26.035,,A,FAWNDALE,20800,7130,34.28,1861,23,E,-122.32004635007526,40.73092912211184,Interstate,True
4855,5,,2,SHA,R,27.632,,A,BRIDGE BAY,20400,7095,34.78,1852,23,E,-122.32004277478043,40.75155104771622,Interstate,True
4857,5,,2,SHA,R,29.315,R,A,TURNTABLE BAY ROAD,20400,7058,34.6,1842,23,E,-122.31230280585082,40.772828743224444,Interstate,True
4858,5,,2,SHA,R,3.83,,A,JCT. RTE. 273 NORTH,45500,8559,18.81,2101,23,E,-122.28442604340889,40.43092419227259,Interstate,True
4860,5,,2,SHA,R,32.159,R,A,O' BRIEN,19800,7023,35.47,1833,23,E,-122.32219160333055,40.80703019720333,Interstate,True
4861,5,,2,SHA,R,36.825,,A,GILMAN ROAD,19400,7077,36.48,1848,23,E,-122.33847638137868,40.847936478085906,Interstate,True
4863,5,,2,SHA,R,4.289,,A,"ANDERSON, DESCHUTES ROAD",54000,8662,16.04,2127,23,E,-122.2867201502017,40.43743168084191,Interstate,True
4865,5,,2,SHA,R,41.053,,A,ANTLERS,18900,7042,37.26,1871,23,E,-122.38321208996405,40.892572459203805,Interstate,True
4867,5,,2,SHA,R,42.316,,A,LAKEHEAD,18900,7008,37.08,1863,23,E,-122.38534158587093,40.91052759131989,Interstate,True
4869,5,,2,SHA,R,5.294,,A,"ANDERSON, BALLS FERRY ROAD",46000,6734,14.64,1653,23,E,-122.2912092930862,40.45164878022081,Interstate,True
4871,5,,2,SHA,R,5.64,,A,"ANDERSON, NORTH STREET",55000,8052,14.64,1977,23,E,-122.2950473792736,40.45573243718474,Interstate,True
4873,5,,2,SHA,R,6.743,,A,RIVERSIDE AVENUE,56000,8198,14.64,2013,23,E,-122.3075340479611,40.46849084579208,Interstate,True
4875,5,,2,SHA,R,9.772,,A,KNIGHTON ROAD,58000,8491,14.64,2084,23,E,-122.33782250486989,40.50553771422214,Interstate,True
4877,5,,2,SHA,,0.909,,A,FOURTH STREET,48500,8507,17.54,2181,23,E,-122.28508636532987,40.38933776568901,Interstate,True
4879,5,,2,SHA,,0.0,,O,TEHAMA/SHASTA COUNTY LINE,45000,8510,18.91,2181,23,E,-122.28456351798674,40.37618652927545,Interstate,True
4881,5,,2,SHA,,1.907,,A,NORTH COTTONWOOD,54000,8559,15.85,2195,23,E,-122.28134020194884,40.403241919278315,Interstate,True
4883,5,,2,SHA,,52.9,,A,GIBSON,18900,6995,37.01,1859,23,E,-122.40039309740823,41.02033616131436,Interstate,True
4885,5,,2,SHA,,57.41,,A,SIMS ROAD,18900,6987,36.97,1857,23,E,-122.35820828981937,41.07167157872384,Interstate,True
4887,5,,2,SHA,,59.35,,A,FLUME CREEK,18900,6980,36.93,1855,23,E,-122.3455825987568,41.09533359821204,Interstate,True
4889,5,,2,SHA,,60.508,,A,CONANT ROAD,18900,6972,36.89,1853,23,E,-122.33154337895026,41.10771245114093,Interstate,True
4891,5,,2,SHA,,61.745,,A,SWEETBRIER AVENUE,18900,7586,40.14,1933,20,E,-122.32568026373703,41.12311468726486,Interstate,True
4893,5,,2,SHA,,63.583,,A,CASTELLA,19300,7624,39.5,1943,20,E,-122.3161157293288,41.148341483311306,Interstate,True
4895,5,,2,SHA,,65.413,,A,SODA CREEK ROAD,19400,7541,38.87,1922,20,E,-122.29734518173545,41.16246422270884,Interstate,True
4897,5,,2,SHA,,66.842,,A,CASTLE CRAGS DRIVE,19800,7502,37.89,1912,20,E,-122.29085643933416,41.18180753933458,Interstate,True
4899,5,,2,SHA,,67.019,,O,SHASTA/SISKIYOU COUNTY  LINE,19800,6932,35.01,1842,23,E,-122.28917984255253,41.183986863258056,Interstate,True
4901,5,,2,SIS,R,10.485,,A,"MOUNT SHASTA, LAKE STREET",21600,7139,33.05,1931,23,E,-122.32002155837007,41.31015999125978,Interstate,True
4903,5,,2,SIS,R,11.17,,O,.2-MI. N/O LASSEN AVENUE,23400,8279,35.38,2135,22,V,-122.32504910472346,41.31930325067178,Interstate,True
4905,5,,2,SIS,R,12.062,,A,NORTH MOUNT SHASTA,24300,7122,29.31,2047,23,E,-122.33154767828721,41.33110828281275,Interstate,True
4907,5,,2,SIS,R,13.184,R,A,ABRAMS LAKE ROAD,23500,6888,29.31,1980,23,E,-122.34329547816199,41.344914365308696,Interstate,True
4908,5,,2,SIS,R,15.339,,A,DEETZ ROAD,23400,6859,29.31,1972,23,E,-122.37009143616308,41.368254693200974,Interstate,True
4910,5,,2,SIS,R,17.441,,A,SOUTH WEED,21900,6419,29.31,1845,23,E,-122.37977379001072,41.39641012909157,Interstate,True
4912,5,,2,SIS,R,19.07,,A,JCT. RTE. 97 NORTH,15900,5799,36.47,1667,23,E,-122.38341271880128,41.418391031180775,Interstate,True
4914,5,,2,SIS,R,19.856,,A,JCT. RTE. 265,16800,5287,31.47,1520,23,E,-122.39635615386133,41.42335979729384,Interstate,True
4916,5,,2,SIS,R,22.999,,A,EDGEWOOD,16600,5412,32.6,1648,23,V,-122.43498387097858,41.44200615731536,Interstate,True
4918,5,,2,SIS,R,31.178,,A,LOUIE ROAD,16700,5444,32.6,1658,23,E,-122.48511743034211,41.55240553783697,Interstate,True
4920,5,,2,SIS,R,38.207,,A,GRENADA,18800,5375,28.59,1637,23,E,-122.53525534743305,41.646206486192824,Interstate,True
4922,5,,2,SIS,R,42.508,,A,KILLGORE HILLS ROAD,19000,5356,28.19,1631,23,E,-122.61021950636456,41.66790597412307,Interstate,True
4924,5,,2,SIS,R,45.62,,A,SOUTH YREKA,17700,5135,29.01,1531,23,E,-122.64277246339101,41.70375511020518,Interstate,True
4926,5,,2,SIS,R,47.563,,A,"YREKA, MINER STREET",16500,5056,30.64,1507,23,E,-122.63292413681144,41.73077041611515,Interstate,True
4928,5,,2,SIS,R,48.239,,A,"YREKA, JCT. RTE. 3",15200,5179,34.07,1544,23,E,-122.62764941810933,41.73953254078422,Interstate,True
4930,5,,2,SIS,R,58.326,R,A,JCT. RTE. 96 WEST,14300,4971,34.76,1451,23,E,-122.57087177337738,41.8579970212428,Interstate,True
4931,5,,2,SIS,R,61.553,,A,HENLEY WAY,15400,5308,34.47,1549,23,E,-122.5659698869592,41.90092685472375,Interstate,True
4933,5,,2,SIS,R,62.921,,A,DITCH CREEK ROAD,15400,5308,34.47,1549,23,E,-122.57417606086,41.919698972087026,Interstate,True
4935,5,,2,SIS,R,65.517,R,A,BAILEY HILL ROAD RT,15500,5341,34.46,1559,23,E,-122.59209968399,41.95474758318668,Interstate,True
4936,5,,2,SIS,R,68.328,,A,HILT ROAD,16300,5394,33.09,1574,23,E,-122.60954529828594,41.99275006629963,Interstate,True
4938,5,,2,SIS,R,69.293,,B,OREGON STATE LINE,16300,5394,33.09,1574,23,E,-122.61532521333417,42.00547693525987,Interstate,True
4940,5,,2,SIS,R,8.475,,A,JCT. RTE. 89,20900,7133,34.13,1929,23,E,-122.30190329097927,41.28504715013835,Interstate,True
4942,5,,2,SIS,,0.685,,A,SOUTH DUNSMUIR,19200,6993,36.42,1892,23,E,-122.28455839758959,41.193268830688595,Interstate,True
4944,5,,2,SIS,,0.0,,O,SHASTA/SISKIYOU COUNTY  LINE,19800,6932,35.01,1842,23,E,-122.28917984255253,41.183986863258056,Interstate,True
4946,5,,2,SIS,,2.514,,A,CENTRAL DUNSMUIR,20400,7028,34.45,1900,23,E,-122.27456825936603,41.21771461773927,Interstate,True
4948,5,,2,SIS,,3.841,,A,"DUNSMUIR, DUNSMUIR AVENUE",21100,7064,33.48,1910,23,E,-122.26970173872226,41.23539191690502,Interstate,True
4950,5,,2,SIS,,5.899,,A,MOTT ROAD,21000,7098,33.8,1920,23,E,-122.27061385841736,41.257543433953096,Interstate,True
4952,5,,2,TEH,R,0.0,,O,GLENN/TEHAMA COUNTY LINE,27500,6691,24.33,2070,23,V,-122.20070912435375,39.798123688674124,Interstate,True
4954,5,,2,TEH,R,10.969,,A,FINNELL AVENUE,32000,6653,20.79,2004,23,E,-122.20009703657367,39.95700958727488,Interstate,True
4956,5,,2,TEH,R,13.965,,A,GYLE ROAD,30500,6341,20.79,1910,23,E,-122.20570162293635,40.000171854072,Interstate,True
4958,5,,2,TEH,R,19.781,,A,FLORES AVENUE,31000,6445,20.79,1942,23,E,-122.21665903382016,40.08398527084974,Interstate,True
4960,5,,2,TEH,R,24.871,,A,"RED BLUFF, SOUTH MAIN STREET",33500,6750,20.15,1804,23,E,-122.2232448966801,40.15733451278612,Interstate,True
4962,5,,2,TEH,R,24.942,,A,"RED BLUFF, DIAMOND AVENUE",37000,7456,20.15,1993,23,E,-122.2231183725656,40.15837346489394,Interstate,True
4964,5,,2,TEH,R,26.525,,A,"RED BLUFF, JCT. RTE. 36",42500,8292,19.51,2216,23,E,-122.22499178124285,40.18074135577869,Interstate,True
4966,5,,2,TEH,R,28.377,,A,NORTH RED BLUFF,42500,8292,19.51,2216,23,V,-122.24374618970376,40.20343064265982,Interstate,True
4968,5,,2,TEH,R,5.769,,A,LIBERAL AVENUE,29000,7053,24.32,2182,23,E,-122.19997469142189,39.88164151668245,Interstate,True
4970,5,,2,TEH,R,7.486,,A,SOUTH AVENUE,31000,6445,20.79,1942,23,E,-122.20004255644663,39.90652792230598,Interstate,True
4972,5,,2,TEH,R,8.975,,A,CORNING ROAD,33000,6861,20.79,2067,23,V,-122.20009285401773,39.92810930130186,Interstate,True
4974,5,,2,TEH,,31.043,,A,WILCOX ROAD,42000,8295,19.75,2217,23,E,-122.25148570498416,40.21928235281448,Interstate,True
4976,5,,2,TEH,,32.236,,A,JELLYS FERRY ROAD,40000,8292,20.73,2216,23,E,-122.25610200529545,40.236041412160624,Interstate,True
4978,5,,2,TEH,,36.371,,A,HOOKER CREEK ROAD,39000,8213,21.06,2195,23,E,-122.27885051664735,40.29305622193475,Interstate,True
4980,5,,2,TEH,,38.716,,B,SUNSET HILLS DRIVE,39500,8212,20.79,2195,23,E,-122.28100323939421,40.32698619729353,Interstate,True
4982,5,,2,TEH,,41.525,,X,BOWMAN ROAD,39500,8188,20.73,2189,23,E,-122.2839440352752,40.36765083902528,Interstate,True
4984,5,,2,TEH,,42.115,,O,TEHAMA/SHASTA COUNTY LINE,45000,8510,18.91,2181,23,E,-122.28456351798674,40.37618652927545,Interstate,True
4986,5,,3,COL,R,17.975,,B,"WILLIAMS, E STREET",26000,6201,23.85,1900,19,V,-122.14394028041667,39.1569181852601,Interstate,True
4988,5,,3,COL,R,18.722,,A,JCT. RTE. 20,23500,5969,25.4,1845,15,E,-122.14984065056137,39.16673665877749,Interstate,True
4990,5,,3,COL,R,18.722,,B,JCT. RTE. 20,25000,5473,21.89,1698,15,E,-122.14984065056137,39.16673665877749,Interstate,True
4992,5,,3,GLE,R,10.877,,B,COUNTY ROAD 48;N/O JCT RTE 162,29500,10260,34.78,2640,21,V,-122.21464003787978,39.53880105378558,Interstate,True
4994,5,,3,GLE,R,25.529,,A,JCT. RTE. 32 EAST,27500,8113,29.5,2161,15,E,-122.20537654688955,39.75064125370235,Interstate,True
4996,5,,3,GLE,R,25.529,,B,JCT. RTE. 32 EAST,25000,7145,28.58,1897,15,E,-122.20537654688955,39.75064125370235,Interstate,True
4998,5,,3,GLE,R,28.821,,O,GLENN/TEHAMA COUNTY LINE,27500,6691,24.33,2070,23,V,-122.20070912435375,39.798123688674124,Interstate,True
5000,5,,3,GLE,R,9.872,,A,"WILLOWS, JCT. RTE. 162",29500,8263,28.01,2148,16,V,-122.21460142918716,39.52423283128506,Interstate,True
5002,5,,3,GLE,R,9.872,,B,"WILLOWS, JCT. RTE. 162",22200,6360,28.65,1675,15,E,-122.21460142918716,39.52423283128506,Interstate,True
5004,5,,3,SAC,,0.018,,A,SAN JOAQUIN/SACRAMENTO COUNTY LINE,65000,15821,24.34,4121,4,E,-121.44772190618852,38.25487751592224,Interstate,True
5006,5,,3,SAC,,16.147,,A,"SACRAMENTO, POCKET/MEADOWVIEW ROADS",103000,13606,13.21,3544,4,E,-121.51043513322765,38.48124127982173,Interstate,True
5008,5,,3,SAC,,22.565,,B,"SACRAMENTO, JCT. RTE. 50",163000,15648,9.6,3907,87,E,-121.51070899991336,38.5683652827401,Interstate,True
5010,5,,3,SAC,,23.799,,A,"SACRAMENTO, I STREET",185000,17760,9.6,4480,87,E,-121.50273133136969,38.584726499878364,Interstate,True
5012,5,,3,SAC,,26.722,,A,"SACRAMENTO, JCT. RTE. 80",176000,14221,8.08,3441,7,E,-121.51702926957132,38.625030914802956,Interstate,True
5014,5,,3,SAC,,26.722,,B,"SACRAMENTO, JCT. RTE. 80",170000,16320,9.6,4075,86,V,-121.51702926957132,38.625030914802956,Interstate,True
5016,5,,3,SAC,,29.907,,A,"SACRAMENTO, JCT. RTE. 99 NORTH",132000,14982,11.35,3664,8,V,-121.54014489093882,38.667560713766605,Interstate,True
5018,5,,3,SAC,,29.907,,B,"SACRAMENTO, JCT. RTE. 99 NORTH",149000,17210,11.55,4164,7,E,-121.54014489093882,38.667560713766605,Interstate,True
5020,5,,3,SAC,,32.734,,A,"SACRAMENTO, AIRPORT BOULEVARD",59000,11576,19.62,2635,22,V,-121.59107314941001,38.67137523002201,Interstate,True
5022,5,,3,YOL,R,22.61,,A,JCT. RTE. 505 SOUTH,34000,9731,28.62,2466,7,V,-121.93988389695562,38.84813014121193,Interstate,True
5024,5,,3,YOL,R,22.61,,B,JCT. RTE. 505 SOUTH,24700,6886,27.88,1943,14,E,-121.93988389695562,38.84813014121193,Interstate,True
5026,5,,3,YOL,R,6.51,,A,"WOODLAND, EAST MAIN STREET",33000,6857,20.78,1669,7,E,-121.74524074465951,38.67710871334287,Interstate,True
5028,5,,3,YOL,R,6.51,,B,"WOODLAND, EAST MAIN STREET",50000,10390,20.78,2528,7,E,-121.74524074465951,38.67710871334287,Interstate,True
5030,5,,3,YOL,R,7.086,,A,"WOODLAND, JCT. RTE. 113",56000,12443,22.22,3590,21,V,-121.7507575925684,38.68441490813517,Interstate,True
5032,5,,6,FRE,,14.873,,A,JCT. RTE. 198,44000,13081,29.73,3554,21,E,-120.24379744924968,36.2543624251924,Interstate,True
5034,5,,6,FRE,,14.873,,B,JCT. RTE. 198,41500,14284,34.42,3644,21,V,-120.24379744924968,36.2543624251924,Interstate,True
5036,5,,6,FRE,,17.964,,A,"JCT. RTE. 33 SOUTH, JCT. RTE. 145 NORTH",45000,12389,27.53,3257,21,V,-120.26905311094886,36.294422785737794,Interstate,True
5038,5,,6,FRE,,17.964,,B,"JCT. RTE. 33 SOUTH, JCT. RTE. 145 NORTH",44000,11893,27.03,3178,21,E,-120.26905311094886,36.294422785737794,Interstate,True
5040,5,,6,FRE,,48.99,,A,PANOCHE ROAD,42000,12478,29.71,3643,21,V,-120.6225984345893,36.63951671696332,Interstate,True
5042,5,,6,KER,R,0.0,,O,LOS ANGELES/KERN COUNTY LINE,79000,23139,29.29,5883,21,V,-118.8815526660642,34.817830020904154,Interstate,True
5044,5,,6,KER,R,15.858,R,A,JCT. RTE. 99 NORTH,19800,5281,26.67,1472,21,V,-118.95546896986117,35.018538133366256,Interstate,True
5045,5,,6,KER,R,15.858,R,B,JCT. RTE. 99 NORTH,19800,4839,24.44,1233,21,V,-118.95546896986117,35.018538133366256,Interstate,True
5046,5,,6,KER,,19.612,,A,JCT. RTE. 166,39000,10717,27.48,2804,21,V,-118.99894358482314,35.059349463721844,Interstate,True
5048,5,,6,KER,,38.793,,A,JCT. RTE. 119,39000,11415,29.27,3071,21,V,-119.22430908659847,35.26710121418094,Interstate,True
5050,5,,6,KER,,38.793,,B,JCT. RTE. 119,39000,10401,26.67,2956,21,E,-119.22430908659847,35.26710121418094,Interstate,True
5052,5,,6,KER,,41.193,,A,JCT. RTE. 43,40000,11956,29.89,3154,21,V,-119.2525114712629,35.29356912025704,Interstate,True
5054,5,,6,KER,,41.193,,B,JCT. RTE. 43,39000,11415,29.27,3071,21,V,-119.2525114712629,35.29356912025704,Interstate,True
5056,5,,6,KER,,47.546,,A,STOCKDALE ROAD,45000,12546,27.88,3293,21,V,-119.33573144769274,35.35496644925939,Interstate,True
5058,5,,6,KER,,52.145,,A,JCT. RTE. 58,43000,13089,30.44,3450,21,E,-119.39709398314203,35.39892160224052,Interstate,True
5060,5,,6,KER,,52.145,,B,JCT. RTE. 58,45000,13559,30.13,3556,21,V,-119.39709398314203,35.39892160224052,Interstate,True
5062,5,,6,KER,,73.017,,A,JCT. RTE. 46,39000,13081,33.54,3676,21,V,-119.65305373643369,35.6162654101231,Interstate,True
5064,5,,6,KER,,73.017,,B,JCT. RTE. 46,45000,15219,33.82,4017,21,V,-119.65305373643369,35.6162654101231,Interstate,True
5066,5,,6,KIN,,16.595,,A,JCT. RTE. 41,40000,12600,31.5,3431,21,V,-119.9602522742307,35.98183505423454,Interstate,True
5068,5,,6,KIN,,16.595,,B,JCT. RTE. 41,40000,13836,34.59,3858,21,V,-119.9602522742307,35.98183505423454,Interstate,True
5070,5,,7,LA,R,44.014,,A,"LOS ANGELES, JCT. RTE. 210",268000,21065,7.86,4721,11,E,-118.49060460306218,34.316625382946576,Interstate,True
5072,5,,7,LA,R,45.584,,A,JCT. RTE. 14,193000,18760,9.72,5001,12,E,-118.50838835490916,34.33399985725544,Interstate,True
5074,5,,7,LA,R,53.565,,B,"SANTA CLARITA, SOUTH JCT. RTE. 126",149000,18774,12.6,5005,12,E,-118.583248825799,34.4233202577548,Interstate,True
5076,5,,7,LA,R,55.48,,A,"SANTA CLARITA, NORTH JCT. RTE. 126",111000,17416,15.69,4576,16,V,-118.6075729722778,34.44444161908559,Interstate,True
5078,5,,7,LA,R,55.48,,B,"SANTA CLARITA, NORTH JCT. RTE. 126",127000,18707,14.73,4987,12,E,-118.6075729722778,34.44444161908559,Interstate,True
5080,5,,7,LA,R,56.602,,B,HASLEY CANYON ROAD,108000,17496,16.2,4675,17,V,-118.61589680212462,34.456039704150996,Interstate,True
5082,5,,7,LA,R,81.487,,B,SOUTH JCT. RTE. 138,66000,16467,24.95,4280,11,E,-118.79577636101682,34.75850523415093,Interstate,True
5084,5,,7,LA,R,82.103,,A,NORTH JCT. RTE. 138,68000,15830,23.28,4092,11,E,-118.79966816825485,34.766689901107405,Interstate,True
5086,5,,7,LA,R,88.605,,O,LOS ANGELES/KERN COUNTY LINE,79000,23139,29.29,5883,21,V,-118.8815526660642,34.817830020904154,Interstate,True
5088,5,,7,LA,,0.0,,A,ORANGE/LOS ANGELES COUNTY LINE,160000,12960,8.1,2150,11,E,-118.01146642142022,33.874873840791835,Interstate,True
5090,5,,7,LA,,10.876,,A,"COMMERCE, GARFIELD AVENUE ",205000,16749,8.17,2883,11,E,-118.13732977742512,33.98748538828882,Interstate,True
5092,5,,7,LA,,13.784,,A,"COMMERCE, JCT. RTE. 710",229000,14656,6.4,2637,12,E,-118.17258726442971,34.01635476235135,Interstate,True
5094,5,,7,LA,,13.784,,B,"COMMERCE, JCT. RTE. 710",213000,16784,7.88,2889,11,E,-118.17258726442971,34.01635476235135,Interstate,True
5096,5,,7,LA,,16.474,,A,"LOS ANGELES, JCT. RTE. 60",219000,14673,6.7,2909,12,E,-118.21590463019949,34.029835160225474,Interstate,True
5098,5,,7,LA,,16.474,,B,"LOS ANGELES, JCT. RTE. 60",253000,19430,7.68,2829,15,V,-118.21590463019949,34.029835160225474,Interstate,True
5100,5,,7,LA,,18.452,,A,"LOS ANGELES, JCT. RTE. 10",219000,13753,6.28,3229,12,E,-118.21409949438215,34.055295522818675,Interstate,True
5102,5,,7,LA,,18.452,,B,"LOS ANGELES, JCT. RTE. 10",214000,14509,6.78,3141,12,E,-118.21409949438215,34.055295522818675,Interstate,True
5104,5,,7,LA,,20.444,,A,"LOS ANGELES, JCT. RTE. 110",265000,13277,5.01,3117,12,E,-118.2237506452484,34.08184860164946,Interstate,True
5106,5,,7,LA,,20.444,,B,"LOS ANGELES, JCT. RTE. 110",206000,13493,6.55,3168,12,E,-118.2237506452484,34.08184860164946,Interstate,True
5108,5,,7,LA,,22.548,,A,"LOS ANGELES, JCT. RTE. 2",219000,14585,6.66,3424,11,E,-118.24992406267278,34.102615406836684,Interstate,True
5110,5,,7,LA,,22.548,,B,"LOS ANGELES, JCT. RTE. 2",261000,13311,5.1,3125,12,E,-118.24992406267278,34.102615406836684,Interstate,True
5112,5,,7,LA,,25.781,,B,"LOS ANGELES, COLORADO BOULEVARD EXT",232000,14570,6.28,3321,13,V,-118.2775491827491,34.14084910196878,Interstate,True
5114,5,,7,LA,,27.08,,A,"LOS ANGELES, JCT. RTE. 134",222000,15473,6.97,3448,11,E,-118.2891133085893,34.1554352376336,Interstate,True
5116,5,,7,LA,,27.08,,B,"LOS ANGELES, JCT. RTE. 134",242000,14907,6.16,3500,11,E,-118.2891133085893,34.1554352376336,Interstate,True
5118,5,,7,LA,,36.358,,A,"LOS ANGELES, JCT. RTE. 170",274000,20386,7.44,4674,11,E,-118.40973076743964,34.233358309734584,Interstate,True
5120,5,,7,LA,,36.358,,B,"LOS ANGELES, JCT. RTE. 170",182000,11593,6.37,2660,16,V,-118.40973076743964,34.233358309734584,Interstate,True
5122,5,,7,LA,,39.361,,B,"LOS ANGELES, JCT. RTE. 118",271000,21057,7.77,4896,11,E,-118.44335632010186,34.26671545978024,Interstate,True
5124,5,,7,LA,,41.597,,A,"LOS ANGELES, JCT. RTE. 405",285000,17471,6.13,3721,11,E,-118.46800762941388,34.291604303233406,Interstate,True
5126,5,,7,LA,,41.597,,B,"LOS ANGELES, JCT. RTE. 405",175000,6440,3.68,727,16,V,-118.46800762941388,34.291604303233406,Interstate,True
5128,5,,7,LA,,41.0,,B,S/O JCT RTE 405;N/O RINALDI ST,174000,5255,3.02,494,17,V,-118.46052386359653,34.285646082092775,Interstate,True
5130,5,,7,LA,,6.848,,A,"SANTA FE SPRINGS, JCT. RTE. 605",214000,14295,6.68,2364,11,E,-118.09660916535893,33.941286825067635,Interstate,True
5132,5,,7,LA,,6.848,,B,"SANTA FE SPRINGS, JCT. RTE. 605",180000,13050,7.25,2164,11,E,-118.09660916535893,33.941286825067635,Interstate,True
5134,605,,12,ORA,R,0.0,,A,JCT. RTE. 405,167500,7755,4.63,1041,18,E,-118.09140181221828,33.783922824802715,Interstate,True
5136,605,,12,ORA,,3.092,,A,"SEAL BEACH, JCT.RTE. 22",46100,1383,3.0,196,18,E,-118.09083547473728,33.77861769587118,Interstate,True
5138,605,,7,LA,R,0.0,,A,ORANGE/LOS ANGELES COUNTY LINE,160000,8160,5.1,1032,12,E,-118.08130272721534,33.80643443906152,Interstate,True
5140,605,,7,LA,R,1.74,,A,"LAKEWOOD, CARSON STREET ",190000,9690,5.1,1226,12,E,-118.08379546768715,33.83119290708191,Interstate,True
5142,605,,7,LA,R,13.569,,A,"WHITTIER, JCT. RTE. 72",234000,25061,10.71,4851,12,E,-118.06915038093386,33.993385506201115,Interstate,True
5144,605,,7,LA,R,13.569,,B,"WHITTIER, JCT. RTE. 72",225000,24098,10.71,4665,12,E,-118.06915038093386,33.993385506201115,Interstate,True
5146,605,,7,LA,R,17.407,,A,"INDUSTRY, JCT. RTE. 60",215000,21070,9.8,3844,12,E,-118.02709214956182,34.03395086610565,Interstate,True
5148,605,,7,LA,R,17.407,,B,"INDUSTRY, JCT. RTE. 60",238000,25490,10.71,4934,12,E,-118.02709214956182,34.03395086610565,Interstate,True
5150,605,,7,LA,R,2.866,,A,"CERRITOS, DEL AMO BOULEVARD ",204000,10404,5.1,1317,12,E,-118.0922540897424,33.845926609873935,Interstate,True
5152,605,,7,LA,R,20.189,,B,"BALDWIN PARK, JCT. RTE. 10",224000,21952,9.8,4005,12,E,-118.00005606919035,34.06507798235746,Interstate,True
5154,605,,7,LA,R,5.046,,A,"CERRITOS, JCT. RTE. 91",282000,16441,5.83,2454,12,E,-118.10235584813158,33.87637565279081,Interstate,True
5156,605,,7,LA,R,5.046,,B,"CERRITOS, JCT. RTE. 91",232000,11832,5.1,1497,12,E,-118.10235584813158,33.87637565279081,Interstate,True
5158,605,,7,LA,R,7.653,,A,"NORWALK, JCT. RTE. 105",280000,22652,8.09,4294,12,E,-118.10468313599598,33.91402320469207,Interstate,True
5160,605,,7,LA,R,7.653,,B,"NORWALK, JCT. RTE. 105",284000,16557,5.83,2471,12,E,-118.10468313599598,33.91402320469207,Interstate,True
5162,605,,7,LA,R,9.612,,A,"SANTA FE SPRINGS, JCT. RTE. 5",234000,25061,10.71,4851,12,E,-118.09654960525894,33.94107852925714,Interstate,True
5164,605,,7,LA,,20.189,,A,"BALDWIN PARK, JCT. RTE. 10",185000,12747,6.89,2125,12,E,-118.00005606919035,34.06507798235746,Interstate,True
5166,605,,7,LA,,22.681,,O,SAN GABRIEL RIVER BRIDGE,176000,12126,6.89,2022,12,E,-117.9857545206596,34.09718005417111,Interstate,True
5168,605,,7,LA,,25.76,,B,"IRWINDALE, JCT. RTE. 210",150000,10335,6.89,1723,12,E,-117.95709091667378,34.13284989682505,Interstate,True
5170,60,,7,LA,R,0.545,,A,"LOS ANGELES, JCT. RTE. 5",201000,9527,4.74,1617,12,E,-118.21607666566125,34.02905248511184,State,True
5172,60,,7,LA,R,2.22,,O,EAST OF INDIANA ST; ROWAN AVE,239000,16634,6.96,2194,17,V,-118.18750318066473,34.03168775821525,State,True
5174,60,,7,LA,R,23.56,,A,"DIAMOND BAR, JCT. RTE. 57 SOUTH",322000,23506,7.3,5681,12,E,-117.83514899075166,34.00179971166357,State,True
5176,60,,7,LA,R,23.56,,B,"DIAMOND BAR, JCT. RTE. 57 SOUTH",298000,33912,11.38,6928,12,E,-117.83514899075166,34.00179971166357,State,True
5178,60,,7,LA,R,25.464,,A,"DIAMOND BAR, JCT. RTE. 57 NORTH",229000,22579,9.86,5457,12,E,-117.81324499727646,34.02192921983834,State,True
5180,60,,7,LA,R,29.392,,A,"POMONA, JCT. RTE. 71",218000,26334,12.08,6112,12,E,-117.74770977655263,34.023256269747776,State,True
5182,60,,7,LA,R,29.392,,B,"POMONA, JCT. RTE. 71",218000,22585,10.36,5458,12,E,-117.74770977655263,34.023256269747776,State,True
5184,60,,7,LA,R,3.27,,A,JCT. RTE. 710,242000,16553,6.84,3141,11,E,-118.17000353809438,34.03552516425546,State,True
5186,60,,7,LA,R,3.27,,B,JCT. RTE. 710,224000,9744,4.35,1653,12,E,-118.17000353809438,34.03552516425546,State,True
5188,60,,7,LA,,0.0,,A,"LOS ANGELES, JCT. RTE. 10",167000,7916,4.74,1343,12,E,-118.22421306471898,34.02926845468931,State,True
5190,60,,7,LA,,11.007,,B,"SOUTH EL MONTE, PECK ROAD/DURFEE AVENUE ",225000,16178,7.19,3070,12,V,-118.03867279631842,34.03734128029687,State,True
5192,60,,7,LA,,11.711,,A,"INDUSTRY, JCT. RTE. 605",238000,22491,9.45,4595,12,E,-118.02753450965214,34.03402504200839,State,True
5194,60,,7,LA,,11.711,,B,"INDUSTRY, JCT. RTE. 605",217000,16015,7.38,3039,12,E,-118.02753450965214,34.03402504200839,State,True
5196,60,,7,LA,,20.428,,A,"ROWLAND HEIGHTS, NOGALES STREET",239000,53106,22.22,6676,17,V,-117.88865512932234,33.99405586607682,State,True
5198,60,,7,LA,,9.509,,A,"SOUTH EL MONTE, JCT. RTE. 164",224000,16106,7.19,3056,12,E,-118.06424827802168,34.041222283262506,State,True
5200,60,,7,LA,,9.509,,B,"SOUTH EL MONTE, JCT. RTE. 164",216000,16956,7.85,3244,13,V,-118.06424827802168,34.041222283262506,State,True
5202,60,,8,RIV,R,0.491,,A,JCT. RTE. 15,162000,25434,15.7,4780,92,V,-117.55041488197944,34.02168322634484,State,True
5204,60,,8,RIV,R,0.491,,B,JCT. RTE. 15,156000,22308,14.3,5284,0,E,-117.55041488197944,34.02168322634484,State,True
5206,60,,8,RIV,R,1.56,,A,VAN BUREN BOULEVARD,160000,19360,12.1,2661,84,E,-117.5319977612633,34.01782870481085,State,True
5208,60,,8,RIV,R,12.212,,A,EAST JCT. RTE. 215,145000,15225,10.5,2902,96,V,-117.29259664462066,33.944007134363446,State,True
5210,60,,8,RIV,R,3.03,,B,MISSION BOULEVARD,178000,23140,13.0,3224,84,E,-117.50671071422474,34.01870988180263,State,True
5212,60,,8,RIV,,11.068,,B,"RIVERSIDE, CRESTMORE AVENUE",170000,18700,11.0,2095,84,E,-117.37513475303749,34.000691667061865,State,True
5214,60,,8,RIV,,22.101,,B,GILMAN SPRINGS ROAD,75000,12000,16.0,2994,91,E,-117.12671498662519,33.93803091182725,State,True
5216,60,,8,RIV,,30.495,,B,JCT. RTE. 10,60000,9780,16.3,2460,91,V,-116.98959111019327,33.932550626859936,State,True
5218,60,,8,RIV,,7.533,,A,VALLEY WAY,168000,20160,12.0,2507,84,E,-117.43405820169195,34.011797136827994,State,True
5220,60,,8,RIV,,7.533,,B,VALLEY WAY,162000,21060,13.0,2942,84,E,-117.43405820169195,34.011797136827994,State,True
5222,60,,8,SBD,R,0.0,,A,LOS ANGELES/SAN BERNARDINO COUNTY LINE,229000,27663,12.08,6421,12,E,-117.72948681770201,34.024990954732566,State,True
5224,60,,8,SBD,R,2.366,,A,CENTRAL AVENUE,220000,26928,12.24,6344,4,E,-117.68947854989318,34.03019925632856,State,True
5226,60,,8,SBD,R,2.366,,B,CENTRAL AVENUE,219000,26806,12.24,6315,4,E,-117.68947854989318,34.03019925632856,State,True
5228,60,,8,SBD,R,4.58,,A,"ONTARIO, JCT. RTE. 83",216000,26438,12.24,6229,4,E,-117.65094730015934,34.03029963867427,State,True
5230,60,,8,SBD,R,4.58,,B,"ONTARIO, JCT. RTE. 83",217000,26561,12.24,6258,4,E,-117.65094730015934,34.03029963867427,State,True
5232,60,,8,SBD,R,5.855,,A,GROVE AVENUE,210000,28182,13.42,6540,15,V,-117.62869254600669,34.030390973350805,State,True
5234,60,,8,SBD,R,7.873,,X,ARCHIBALD AVENUE,220000,33352,15.16,7628,22,E,-117.59353008279287,34.030513764748804,State,True
5236,61,,4,ALA,,14.8,,A,"SAN LEANDRO, JCT. RTE. 112 EAST",23200,1230,5.3,128,3,V,-122.18701344815962,37.71631440179008,State,True
5238,61,,4,ALA,,16.07,,A,"OAKLAND, AIRPORT/HEGENBERGER ROADS",22600,861,3.81,82,2,V,-122.20166619035577,37.72658781915342,State,True
5240,61,,4,ALA,,16.07,,B,"OAKLAND, AIRPORT/HEGENBERGER ROADS",22400,918,4.1,93,2,V,-122.20166619035577,37.72658781915342,State,True
5242,61,,4,ALA,,18.52,,A,"ALAMEDA, ISLAND DRIVE",43000,1079,2.51,146,3,V,-122.23563973778265,37.747061601285196,State,True
5244,61,,4,ALA,,21.967,,B,JCT. RTE. 260 NORTH,16100,216,1.34,11,2,V,-122.27690719298985,37.77146395434613,State,True
5246,62,,8,RIV,,0.0,,A,JCT. RTE. 10,24000,3312,13.8,637,89,V,-116.60385986318512,33.91432538035642,State,True
5248,62,,8,RIV,,84.965,,A,JCT. RTE. 177 SOUTH,2300,161,7.0,34,92,E,-115.21968064082286,34.0470583698794,State,True
5250,62,,8,RIV,,84.965,,B,JCT. RTE. 177 SOUTH,850,224,26.3,39,84,E,-115.21968064082286,34.0470583698794,State,True
5252,62,,8,SBD,,0.0,,A,RIVERSIDE/SAN BERNARDINO COUNTY LINE,27000,4050,15.0,566,84,V,-116.59144244382622,34.03266393513639,State,True
5254,62,,8,SBD,,12.404,,A,"YUCCA VALLEY, JCT. RTE. 247 NORTH",24000,1416,5.9,194,84,E,-116.41404592809235,34.1234150846471,State,True
5256,62,,8,SBD,,125.761,,A,JCT. RTE. 95,3800,806,21.2,207,92,V,-114.57426155124558,34.18853507871972,State,True
5258,62,,8,SBD,,125.761,,B,JCT. RTE. 95,2300,150,6.5,32,92,V,-114.57426155124558,34.18853507871972,State,True
5260,62,,8,SBD,,142.66,,B,ARIZONA STATE LINE,5000,1050,21.0,268,92,E,-114.29902233858246,34.159489492896945,State,True
5262,62,,8,SBD,,34.223,,B,29 PALMS/UTAH TRAIL,4500,414,9.2,54,89,V,-116.03668214210437,34.135867997346175,State,True
5264,63,,6,FRE,,0.0,,A,TULARE/FRESNO COUNTY LINE,3250,484,14.9,58,20,E,-119.3048465076387,36.62443568583734,State,True
5266,63,,6,FRE,,8.362,,B,JCT. RTE. 180,790,85,10.77,10,20,V,-119.28675830955538,36.7303965462465,State,True
5268,63,,6,TUL,L,7.97,,B,"VISALIA, NOBLE AVE/MINERAL KING BLVD.  WEST JCT. RTE. 198",32500,1625,5.0,121,4,E,-119.31406673217155,36.327006297901846,State,True
5270,63,,6,TUL,R,19.187,,A,JCT. RTE. 201 EAST,7300,404,5.53,51,20,V,-119.28719874814928,36.48672335977967,State,True
5272,63,,6,TUL,R,19.187,,B,JCT. RTE. 201 EAST,5500,388,7.06,48,17,V,-119.28719874814928,36.48672335977967,State,True
5274,63,,6,TUL,R,25.55,,A,AVENUE 432,2050,165,8.05,21,20,V,-119.28716603599823,36.57343657973752,State,True
5276,63,,6,TUL,R,30.084,,B,TULARE/FRESNO COUNTY LINE,1700,238,14.0,29,20,E,-119.3048465076387,36.62443568583734,State,True
5278,63,,6,TUL,R,8.775,R,A,"VISALIA, ON COURT ST/WEST THIRD NEAR LINCOLN OVAL",7500,675,9.0,51,4,E,-119.29223104659054,36.33822761278583,State,True
5279,63,,6,TUL,,0.0,,A,"TULARE, JCT. RTE. 137",25000,1113,4.45,87,23,V,-119.31306222434274,36.211289271206866,State,True
5281,63,,6,TUL,,12.13,,A,AVENUE 328,7700,493,6.4,52,20,V,-119.29676031991372,36.38553118179584,State,True
5283,63,,6,TUL,,12.13,,B,AVENUE 328,9800,613,6.25,65,20,E,-119.29676031991372,36.38553118179584,State,True
5285,63,,6,TUL,,15.11,,A,AVENUE 352; OIL WELL ROAD,7700,336,4.36,48,17,V,-119.29588236494553,36.42875667422469,State,True
5287,63,,6,TUL,,7.98,R,A,"VISALIA, EAST JCT. RTE. 198",11800,1062,9.0,81,4,E,-119.2922758249125,36.32693858670336,State,True
5288,65,,3,PLA,R,4.863,,A,"ROSEVILLE, JCT. RTE. 80",123000,18573,15.1,4258,97,E,-121.24863335357234,38.76996350022002,State,True
5290,65,,3,YUB,R,6.884,,A,FORTY MILE ROAD,23000,6596,28.68,910,2,E,-121.51402065807291,39.065181069779214,State,True
5292,65,,3,YUB,R,9.177,,B,JCT. RTE. 70,31500,6640,21.08,916,2,E,-121.53779196695281,39.08930353870641,State,True
5294,65,,6,KER,R,0.0,,A,JCT. RTE. 99,18000,2837,15.76,451,21,V,-119.07461634742715,35.434621922365885,State,True
5296,65,,6,KER,,23.186,,A,JCT. RTE. 155,8300,2105,25.36,399,20,V,-119.05324524805322,35.762035494983635,State,True
5298,65,,6,KER,,23.186,,B,JCT. RTE. 155,8300,1523,18.35,330,21,V,-119.05324524805322,35.762035494983635,State,True
5300,65,,6,TUL,R,14.073,,A,AVENUE 112,14400,2483,17.24,428,20,V,-119.04608478860159,35.993243567700354,State,True
5302,65,,6,TUL,R,6.983,,A,AVENUE 56,9500,1882,19.81,384,20,V,-119.05349949014324,35.89170246797403,State,True
5304,65,,6,TUL,R,6.983,,B,AVENUE 56,8100,1650,20.37,369,20,V,-119.05349949014324,35.89170246797403,State,True
5306,65,,6,TUL,,18.163,,A,JCT. RTE. 190,30000,2490,8.3,372,12,E,-119.03888175259875,36.05163031118545,State,True
5308,65,,6,TUL,,18.163,,B,JCT. RTE. 190,17500,2529,14.45,367,21,V,-119.03888175259875,36.05163031118545,State,True
5310,65,,6,TUL,,21.83,,A,LINDA VISTA AVENUE,26000,2447,9.41,344,20,V,-119.04294777461139,36.10434639722818,State,True
5312,65,,6,TUL,,21.83,,B,LINDA VISTA AVENUE,23600,2218,9.4,301,20,E,-119.04294777461139,36.10434639722818,State,True
5314,65,,6,TUL,,23.333,,B,AVENUE 184,26000,2358,9.07,292,22,V,-119.05546719138262,36.12358429118644,State,True
5316,65,,6,TUL,,31.546,,A,JCT. RTE. 137 WEST,6900,931,13.49,137,21,V,-119.13620118536655,36.21082002470791,State,True
5318,65,,6,TUL,,31.546,,B,JCT. RTE. 137 WEST,14100,1028,7.29,182,17,V,-119.13620118536655,36.21082002470791,State,True
5320,65,,6,TUL,,39.577,,B,JCT. RTE. 198,9600,1286,13.4,177,20,V,-119.13491557132916,36.32620311824653,State,True
5322,66,,7,LA,R,0.189,,A,"LA VERNE, JCT. RTE. 210",24500,666,2.72,62,4,E,-117.78707189426244,34.12009056596485,State,True
5324,66,,7,LA,,0.0,,A,"LA VERNE, BASELINE ROAD",19000,517,2.72,48,4,E,-117.78945767682492,34.1213968098434,State,True
5326,66,,7,LA,,2.54,,B,"POMONA, GAREY AVENUE",22500,612,2.72,56,4,V,-117.74859208206175,34.10778063489837,State,True
5328,66,,8,SBD,,21.37,,A,FOURTH STREET,19800,396,2.0,25,88,E,-117.33120774829504,34.106627356257995,State,True
5330,66,,8,SBD,,21.37,,B,FOURTH STREET,21500,645,3.0,41,88,E,-117.33120774829504,34.106627356257995,State,True
5332,66,,8,SBD,,23.054,,B,"SAN BERNARDINO, JCT. RTE. 215",17800,356,2.0,23,88,E,-117.3026256448617,34.10840944525185,State,True
5334,67,,11,SD,R,0.306,,A,"EL CAJON, BROADWAY",96000,6432,6.7,749,86,V,-116.96173146604741,32.807458176259225,State,True
5336,67,,11,SD,R,0.0,,A,"EL CAJON, JCT. RTE. 8",42500,3315,7.8,386,86,E,-116.9623279662607,32.80313012973542,State,True
5338,67,,11,SD,R,1.118,,A,BRADLEY AVENUE,92000,6164,6.7,719,86,E,-116.9604856599535,32.81915599273849,State,True
5340,67,,11,SD,R,2.672,,A,WOODSIDE AVENUE,69000,5037,7.3,613,86,V,-116.96127393880185,32.8414779650341,State,True
5342,67,,11,SD,R,4.832,,A,WINTER GARDEN BOULEVARD,32500,1365,4.2,166,86,E,-116.93195526534454,32.85815336236221,State,True
5344,67,,11,SD,R,4.832,,B,WINTER GARDEN BOULEVARD,56000,1456,2.6,177,86,E,-116.93195526534454,32.85815336236221,State,True
5346,67,,11,SD,,15.2,,A,POWAY ROAD,25000,2218,8.87,153,21,V,-116.97340691560919,32.978499713038886,State,True
5348,67,,11,SD,,15.2,,B,POWAY ROAD,16300,1500,9.2,181,96,E,-116.97340691560919,32.978499713038886,State,True
5350,67,,11,SD,,24.377,,B,"RAMONA, JCT. RTE. 78",24700,1433,5.8,247,85,E,-116.86860987407707,33.04204581471834,State,True
5352,67,,11,SD,,6.67,,A,WILLOW ROAD,19800,1828,9.23,263,23,E,-116.92428962930975,32.87349865365032,State,True
5354,680,,4,ALA,M,2.382,,A,"FREMONT, JCT. RTE. 262 WEST",117000,10530,9.0,2494,94,V,-121.92289757509477,37.49544685327244,Interstate,True
5356,680,,4,ALA,M,2.382,,B,"FREMONT, JCT. RTE. 262 WEST",100000,7100,7.1,1720,94,V,-121.92289757509477,37.49544685327244,Interstate,True
5358,680,,4,ALA,R,11.042,,A,JCT. RTE. 84 WEST,123000,9840,8.0,2109,94,V,-121.87074809562239,37.58884088974809,Interstate,True
5360,680,,4,ALA,R,11.042,,B,JCT. RTE. 84 WEST,150000,11400,7.6,2550,94,V,-121.87074809562239,37.58884088974809,Interstate,True
5362,680,,4,ALA,R,11.845,,A,JCT. RTE. 84 EAST,102000,9384,9.2,2012,94,V,-121.87055628824123,37.592981023820094,Interstate,True
5364,680,,4,ALA,R,20.057,,A,"PLEASANTON, JCT. RTE. 580",114000,8664,7.6,1891,94,V,-121.92258496407086,37.70101505928141,Interstate,True
5366,680,,4,ALA,R,20.057,,B,"PLEASANTON, JCT. RTE. 580",121000,7865,6.5,1783,94,V,-121.92258496407086,37.70101505928141,Interstate,True
5368,680,,4,ALA,R,6.396,,A,"FREMONT, JCT. RTE. 238 NORTH",153000,7344,4.8,1385,14,E,-121.92447251941722,37.54056032696278,Interstate,True
5370,680,,4,ALA,R,6.396,,B,"FREMONT, JCT. RTE. 238 NORTH",133000,9842,7.4,2379,94,V,-121.92447251941722,37.54056032696278,Interstate,True
5372,680,,4,ALA,R,8.312,,B,SHERIDAN ROAD,152000,3906,2.57,707,17,V,-121.9052908452577,37.56207961265632,Interstate,True
5374,680,,4,CC,R,0.01,,A,"SAN RAMON, ALCOSTA BOULEVARD",147000,7806,5.31,1092,16,V,-121.9400578970329,37.72354682277043,Interstate,True
5376,680,,4,CC,R,0.02,,O,ALAMEDA/CONTRA COSTA COUNTY LINE,173000,10380,6.0,1281,22,V,-121.94015708541332,37.7236687169241,Interstate,True
5378,680,,4,CC,R,18.707,,A,"CONCORD, JCT. RTE. 242 NORTH",153000,7558,4.94,1135,0,V,-122.05247151580555,37.95894121919741,Interstate,True
5380,680,,4,CC,R,18.707,,B,"CONCORD, JCT. RTE. 242 NORTH",256000,9907,3.87,1535,0,V,-122.05247151580555,37.95894121919741,Interstate,True
5382,680,,4,CC,,14.383,,A,"WALNUT CREEK, JCT. RTE. 24 WEST",146000,6015,4.12,958,0,V,-122.07076316433438,37.89890894799938,Interstate,True
5384,680,,4,CC,,14.383,,B,"WALNUT CREEK, JCT. RTE. 24 WEST",178000,11356,6.38,1934,0,V,-122.07076316433438,37.89890894799938,Interstate,True
5386,680,,4,CC,,15.606,,A,"WALNUT CREEK, NORTH MAIN STREET",247000,6546,2.65,1042,3,V,-122.06576156402134,37.915313383247614,Interstate,True
5388,680,,4,CC,,15.606,,B,"WALNUT CREEK, NORTH MAIN STREET",174000,6629,3.81,979,0,V,-122.06576156402134,37.915313383247614,Interstate,True
5390,680,,4,CC,,21.191,,A,JCT. RTE. 4,121000,8240,6.81,1228,0,V,-122.06978412015062,37.99461562296657,Interstate,True
5392,680,,4,CC,,21.191,,B,JCT. RTE. 4,139000,3753,2.7,524,0,V,-122.06978412015062,37.99461562296657,Interstate,True
5394,680,,4,SCL,M,0.385,,A,"SAN JOSE, KING ROAD",216000,9504,4.4,1835,94,V,-121.84654725459446,37.34310206814949,Interstate,True
5396,680,,4,SCL,M,0.385,,B,"SAN JOSE, KING ROAD",139000,3892,2.8,655,94,E,-121.84654725459446,37.34310206814949,Interstate,True
5398,680,,4,SCL,M,0.0,,A,"SAN JOSE, JCT. RTES. 101/280",139000,2641,1.9,473,94,E,-121.85192952768725,37.339548247228116,Interstate,True
5400,680,,4,SCL,M,1.74,,A,"SAN JOSE, JCT. RTE. 130",173000,7785,4.5,1572,94,V,-121.84100073802668,37.35974597870225,Interstate,True
5402,680,,4,SCL,M,1.74,,B,"SAN JOSE, JCT. RTE. 130",178000,7832,4.4,1551,94,V,-121.84100073802668,37.35974597870225,Interstate,True
5404,680,,4,SCL,M,5.068,,A,"SAN JOSE, CAPITOL AVENUE",147000,7938,5.4,1602,94,V,-121.87543566557338,37.39878686222237,Interstate,True
5406,680,,4,SCL,M,5.068,,B,"SAN JOSE, CAPITOL AVENUE",145000,7830,5.4,1563,94,V,-121.87543566557338,37.39878686222237,Interstate,True
5408,680,,4,SCL,M,7.647,,A,"MILPITAS, JCT. RTE. 237 WEST",123000,5043,4.1,1107,94,V,-121.88838996396014,37.43475270328959,Interstate,True
5410,680,,4,SCL,M,7.647,,B,"MILPITAS, JCT. RTE. 237 WEST",132000,6072,4.6,1292,94,V,-121.88838996396014,37.43475270328959,Interstate,True
5412,680,,4,SOL,R,2.819,,A,LAKE HERMAN ROAD,72000,3859,5.36,790,0,V,-122.11182436365739,38.085789859151156,Interstate,True
5414,680,,4,SOL,R,2.819,,B,LAKE HERMAN ROAD,71000,3784,5.33,814,0,V,-122.11182436365739,38.085789859151156,Interstate,True
5416,680,,4,SOL,,13.126,,B,"CORDELIA WYE, JCT. RTE. 80",72000,3751,5.21,742,0,V,-122.13784050044856,38.2167669512741,Interstate,True
5418,68,,5,MON,L,4.264,,B,JCT. RTE. 1,22500,1125,5.0,77,17,E,-121.91234332811047,36.574724233950995,State,True
5420,68,,5,MON,R,17.19,,A,RESERVATION ROAD,35700,2142,6.0,218,17,E,-121.68190081604725,36.62464028818938,State,True
5422,68,,5,MON,R,3.948,,A,JCT. RTE. 1,22200,1110,5.0,96,17,E,-121.86853140833574,36.59512547873116,State,True
5424,68,,5,MON,,0.0,,A,"PACIFIC GROVE, ASILOMAR BEACH STATE PARK",1350,68,5.0,3,17,E,-121.93567912475747,36.619366599728885,State,True
5426,68,,5,MON,,22.023,,B,"SALINAS, JCT. RTE. 101",17000,1360,8.0,152,17,E,-121.63915240634748,36.67086393721537,State,True
5428,68,,5,MON,,6.812,,A,JCT. RTE. 218 NORTHWEST,24000,960,4.0,86,17,E,-121.82795246687805,36.58089867716506,State,True
5430,68,,5,MON,,6.812,,B,JCT. RTE. 218 NORTHWEST,21800,872,4.0,73,17,E,-121.82795246687805,36.58089867716506,State,True
5432,6,,9,INY,R,3.952,,A,SILVER CANYON ROAD,2650,888,33.51,224,23,V,-118.35246223472744,37.39996840219765,US,True
5434,6,,9,INY,,0.0,,A,JCT. RTE. 395,4150,345,8.32,106,22,V,-118.39557648871656,37.374111233032345,US,True
5436,6,,9,MNO,,25.715,,A,"BENTON STATION, JCT. RTE. 120 WEST",900,216,24.0,54,92,E,-118.47699311607816,37.8183164233094,US,True
5438,6,,9,MNO,,25.715,,B,"BENTON STATION, JCT. RTE. 120 WEST",1400,322,23.0,84,92,E,-118.47699311607816,37.8183164233094,US,True
5440,6,,9,MNO,,32.29,,B,NEVADA STATE LINE,1300,708,54.49,209,22,V,-118.43513620255119,37.90139106322345,US,True
5442,70,,2,LAS,,0.0,,A,PLUMAS/LASSEN COUNTY LINE,4400,247,5.62,57,22,E,-120.10883012328604,39.79077699431572,State,True
5444,70,,2,LAS,,0.0,,O,PLUMAS/LASSEN COUNTY LINE,4750,267,5.62,62,22,E,-120.10883012328604,39.79077699431572,State,True
5446,70,,2,LAS,,3.889,,B,JCT. RTE. 395,4400,247,5.62,57,22,E,-120.03865423544886,39.77512546576941,State,True
5448,70,,2,PLU,R,66.628,,A,JCT. RTE. 89 SOUTH,2950,168,5.7,32,22,E,-120.62006211684306,39.784441120072415,State,True
5450,70,,2,PLU,R,66.628,,B,JCT. RTE. 89 SOUTH,2750,160,5.83,28,22,E,-120.62006211684306,39.784441120072415,State,True
5452,70,,2,PLU,R,76.6,,A,"PORTOLA, MEADOW WAY",3450,146,4.22,31,22,E,-120.45835076358662,39.81424294389353,State,True
5454,70,,2,PLU,R,76.6,,B,"PORTOLA, MEADOW WAY",3900,159,4.08,34,22,E,-120.45835076358662,39.81424294389353,State,True
5456,70,,2,PLU,R,80.315,,A,"BECKWOURTH, CALPINE ROAD",3500,265,7.58,32,22,V,-120.39240120392115,39.82123739225284,State,True
5458,70,,2,PLU,,0.0,,O,BUTTE/PLUMAS COUNTY LINE,990,101,10.17,28,22,E,-121.38735308800483,39.86270360524553,State,True
5460,70,,2,PLU,,33.026,,A,JCT. RTE. 89 NORTH,2400,260,10.85,62,22,E,-120.98391085089106,40.038682241079975,State,True
5462,70,,2,PLU,,33.026,,B,JCT. RTE. 89 NORTH,1200,122,10.15,34,22,E,-120.98391085089106,40.038682241079975,State,True
5464,70,,2,PLU,,41.97,,A,COUNTY HOSPITAL ROAD,5100,349,6.85,83,22,E,-120.95997038115834,39.951686693231366,State,True
5466,70,,2,PLU,,41.97,,B,COUNTY HOSPITAL ROAD,3450,307,8.91,73,22,E,-120.95997038115834,39.951686693231366,State,True
5468,70,,2,PLU,,43.086,,B,"LAWRENCE STREET, BEGIN COUPLET",6200,337,5.43,80,22,E,-120.94968882316843,39.93760303299036,State,True
5470,70,,2,PLU,,43.785,,A,QUINCY JUNCTION ROAD,10200,219,2.15,58,22,E,-120.93760082141411,39.93785901404779,State,True
5472,70,,2,PLU,,43.7,,A,"QUINCY, END COUPLET ON MAIN/LAWRENCE ST",10000,335,3.35,80,22,E,-120.93911978003308,39.93757477931672,State,True
5474,70,,2,PLU,,46.77,,A,LA PORTE ROAD,2850,190,6.65,50,22,E,-120.88334198087361,39.93509394420427,State,True
5476,70,,2,PLU,,46.77,,B,LA PORTE ROAD,3200,207,6.48,55,22,E,-120.88334198087361,39.93509394420427,State,True
5478,70,,2,PLU,,75.332,,B,"PORTOLA, WEST CITY LIMITS",4750,207,4.35,43,22,E,-120.47910819684053,39.805699657155664,State,True
5480,70,,2,PLU,,75.96,,B,GULLING STREET,6000,179,2.99,38,22,E,-120.46946329106216,39.81049796034125,State,True
5482,70,,2,PLU,,81.65,,O,BECKWOURTH STATE HIGHWAY MAINTENANCE STATION,3500,229,6.54,30,23,V,-120.37131148025041,39.81735712477626,State,True
5484,70,,2,PLU,,92.065,,A,JCT. RTE. 49 SOUTH,4100,234,5.7,50,22,E,-120.17817940475497,39.80455573876935,State,True
5486,70,,2,PLU,,94.28,,B,JCT. RTE. 284 NORTH,4100,234,5.7,50,22,E,-120.13962001439651,39.79768764765548,State,True
5488,70,,2,PLU,,95.964,,O,PLUMAS/LASSEN COUNTY LINE,4750,267,5.62,62,22,E,-120.10883012328604,39.79077699431572,State,True
5490,70,,3,BUT,,0.0,,O,YUBA/BUTTE COUNTY LINE,14200,1294,9.11,288,23,V,-121.5954270051144,39.30832802731032,State,True
5492,70,,3,BUT,,13.901,,A,"OROVILLE, JCT. RTE. 162",21600,3199,14.81,582,7,E,-121.57528316431866,39.49779951701609,State,True
5494,70,,3,BUT,,13.901,,B,"OROVILLE, JCT. RTE. 162",17600,2607,14.81,474,7,E,-121.57528316431866,39.49779951701609,State,True
5496,70,,3,BUT,,42.08,,O,PULGA-MILL CREEK MAINTENANCE STATION,1250,190,15.2,43,17,E,-121.43916645832206,39.80500553224195,State,True
5498,70,,3,BUT,,48.076,,O,BUTTE/PLUMAS COUNTY LINE,990,101,10.17,28,22,E,-121.38735308800483,39.86270360524553,State,True
5500,70,,3,SUT,R,0.051,,A,JCT. RTE. 99,23800,1559,6.55,301,16,V,-121.54308903214594,38.85286417774187,State,True
5502,70,,3,SUT,,8.298,,O,SUTTER/YUBA COUNTY LINE,21400,1727,8.07,337,19,V,-121.54308478580957,38.972427246233224,State,True
5504,70,,3,YUB,R,8.293,,A,JCT. RTE. 65 SOUTH,47500,2119,4.46,435,16,V,-121.54036503657393,39.09094465269107,State,True
5506,70,,3,YUB,R,8.293,,B,JCT. RTE. 65 SOUTH,24200,1454,6.01,246,14,V,-121.54036503657393,39.09094465269107,State,True
5508,70,,3,YUB,R,9.282,,B,OLIVEHURST AVENUE,48000,2774,5.78,553,23,V,-121.55054463757573,39.1026146402115,State,True
5510,70,,3,YUB,,0.0,,A,SUTTER/YUBA COUNTY LINE,25500,1691,6.63,327,18,V,-121.54308478580957,38.972427246233224,State,True
5512,70,,3,YUB,,0.0,,O,SUTTER/YUBA COUNTY LINE,21400,1727,8.07,337,19,V,-121.54308478580957,38.972427246233224,State,True
5514,70,,3,YUB,,13.6,,O,YUBA RIVER BRIDGE,63800,5008,7.85,962,4,E,-121.58568623562043,39.12974795230767,State,True
5516,70,,3,YUB,,14.71,,A,"MARYSVILLE, JCT. RTE. 20",15700,2112,13.45,316,7,E,-121.58714203638672,39.148441636242254,State,True
5518,70,,3,YUB,,14.7,,B,"MARYSVILLE, JCT. RTE. 20",35000,2800,8.0,398,97,E,-121.5911720323632,39.14468878193729,State,True
5520,70,,3,YUB,,25.822,,O,YUBA/BUTTE COUNTY LINE,14200,1294,9.11,288,23,V,-121.5954270051144,39.30832802731032,State,True
5522,710,,7,LA,R,15.692,,A,"LYNWOOD, JCT. RTE. 105",228000,19152,8.4,3777,12,E,-118.17993876140625,33.91282350591335,Interstate,True
5524,710,,7,LA,R,15.692,,B,"LYNWOOD, JCT. RTE. 105",227000,19817,8.73,4291,12,E,-118.17993876140625,33.91282350591335,Interstate,True
5526,710,,7,LA,R,32.72,,B,"PASADENA, JCT. RTES. 134/210",63000,825,1.31,67,12,E,-118.15543206378702,34.14969784398426,Interstate,True
5528,710,,7,LA,,10.823,,A,"LONG BEACH, DEL AMO BOULEVARD",180000,31968,17.76,8052,21,E,-118.20542475473755,33.846513518051864,Interstate,True
5530,710,,7,LA,,12.97,,A,"LONG BEACH, JCT. RTE. 91",221000,19625,8.88,4249,12,E,-118.19305810366696,33.87550258933386,Interstate,True
5532,710,,7,LA,,12.97,,B,"LONG BEACH, JCT. RTE. 91",189000,26271,13.9,6480,12,E,-118.19305810366696,33.87550258933386,Interstate,True
5534,710,,7,LA,,18.44,,A,"SOUTH GATE, FIRESTONE BOULEVARD",202000,19150,9.48,3777,12,E,-118.17030773280239,33.94975281274185,Interstate,True
5536,710,,7,LA,,23.282,,A,"COMMERCE, JCT. RTE. 5",199000,15442,7.76,3238,12,E,-118.17247028401677,34.016132120351216,Interstate,True
5538,710,,7,LA,,23.282,,B,"COMMERCE, JCT. RTE. 5",241000,20172,8.37,3979,12,E,-118.17247028401677,34.016132120351216,Interstate,True
5540,710,,7,LA,,24.627,,A,JCT. RTE. 60,121000,6232,5.15,1156,12,V,-118.16990884757858,34.035599812980315,Interstate,True
5542,710,,7,LA,,24.627,,B,JCT. RTE. 60,181000,12797,7.07,2683,12,E,-118.16990884757858,34.035599812980315,Interstate,True
5544,710,,7,LA,,26.497,,A,"MONTEREY PARK, JCT. RTE. 10",51000,1693,3.32,200,12,E,-118.16501241932404,34.061232797162134,Interstate,True
5546,710,,7,LA,,6.881,,A,"LONG BEACH, JCT. RTE. 1",145000,20170,13.91,5557,13,E,-118.20778803899378,33.789932804343806,Interstate,True
5548,710,,7,LA,,6.881,,B,"LONG BEACH, JCT. RTE. 1",126000,18068,14.34,4675,17,E,-118.20778803899378,33.789932804343806,Interstate,True
5550,710,,7,LA,,7.6,,A,N OF JCT. RTE. 1,145000,23505,16.21,5279,17,V,-118.20685995982932,33.80026675371039,Interstate,True
5552,710,,7,LA,,9.41,,A,"LONG BEACH, JCT. RTE. 405",176000,25344,14.4,6251,12,E,-118.20738494695948,33.82648736703985,Interstate,True
5554,710,,7,LA,,9.41,,B,"LONG BEACH, JCT. RTE. 405",160000,21360,13.35,5526,12,E,-118.20738494695948,33.82648736703985,Interstate,True
5556,71,,7,LA,R,0.335,R,A,"POMONA, JCT. RTES. 10/57",42000,2995,7.13,513,5,V,-117.8075659971706,34.06838398135101,State,True
5557,71,,7,LA,R,4.31,,B,"POMONA, JCT. RTE. 60",77000,5182,6.73,959,5,V,-117.75046721460603,34.02420134882741,State,True
5559,71,,7,LA,R,4.697,,O,LOS ANGELES/SAN BERNARDINO COUNTY LINE,115000,7314,6.36,1009,12,E,-117.7462334537737,34.02031397928541,State,True
5561,71,,8,SBD,R,0.0,,O,LOS ANGELES/SAN BERNARDINO COUNTY LINE,115000,7314,6.36,1009,12,E,-117.7462334537737,34.02031397928541,State,True
5563,71,,8,SBD,R,6.52,,B,PINE AVE OC,86500,6678,7.72,838,21,E,-117.67463844697653,33.94776096907225,State,True
5565,71,,8,SBD,R,7.983,,B,JCT. RTE. 83 NORTH,84500,5535,6.55,769,14,V,-117.65954533625505,33.9306580720618,State,True
5567,72,,12,ORA,,11.421,,A,"LA HABRA, JCT. RTE. 39",35200,869,2.47,60,6,E,-117.96793913194492,33.939843857649805,State,True
5569,72,,7,LA,,6.662,,A,"WHITTIER, JCT. RTE. 605",33000,1135,3.44,96,6,E,-118.0692408781139,33.99341177586532,State,True
5571,72,,7,LA,,6.662,,B,"WHITTIER, JCT. RTE. 605",42000,1445,3.44,123,6,V,-118.0692408781139,33.99341177586532,State,True
5573,73,,12,ORA,R,27.811,R,B,JCT. RTE. 405,15400,616,4.0,55,19,E,-117.89894265302404,33.6876333796946,State,True
5574,73,,12,ORA,,10.0,,A,JCT. RTE. 5,32150,643,2.0,44,19,E,-117.67463204917506,33.53704482910062,State,True
5576,73,,12,ORA,,16.25,,A,EL TORO ROAD,35200,704,2.0,44,19,E,-117.74959329756506,33.59071630480343,State,True
5578,73,,12,ORA,,19.012,,A,CATALINA VIEW SOUTHBOUND,35200,352,1.0,19,19,E,-117.79360167799412,33.604829426676744,State,True
5580,73,,12,ORA,,19.038,,B,CATALINA VIEW NORTHBOUND,35200,352,1.0,15,19,E,-117.79401799502602,33.604986662633344,State,True
5582,74,,12,ORA,,0.0,,A,"SAN JUAN CAPISTRANO, JCT. RTE. 5",46600,14586,31.3,2561,18,E,-117.65944404312195,33.502026866341545,State,True
5584,74,,12,ORA,,16.599,,O,ORANGE/RIVERSIDE COUNTY LINE,9300,684,7.35,78,1,E,-117.45777306043938,33.6022002673516,State,True
5586,74,,12,ORA,,5.242,,A,CONROCK ENTRANCE,32600,1043,3.2,79,18,E,-117.57756936389865,33.5141050560166,State,True
5588,74,,12,ORA,,5.242,,B,CONROCK ENTRANCE,32600,3814,11.7,848,18,E,-117.57756936389865,33.5141050560166,State,True
5590,74,,8,RIV,R,92.34,,B,"PALM DESERT, JCT. RTE. 111",21400,1541,7.2,90,91,V,-116.40909415283653,33.67061185104458,State,True
5592,74,,8,RIV,,0.0,,O,ORANGE/RIVERSIDE COUNTY LINE,9300,684,7.35,78,1,E,-117.45777306043938,33.6022002673516,State,True
5594,74,,8,RIV,,11.825,,A,"ELSINORE, GRAND AVENUE",17000,1343,7.9,116,88,V,-117.37575803741927,33.65827975870557,State,True
5596,74,,8,RIV,,11.825,,B,"ELSINORE, GRAND AVENUE",9300,684,7.35,78,1,E,-117.37575803741927,33.65827975870557,State,True
5598,74,,8,RIV,,17.239,,A,"ELSINORE, JCT. RTE. 15",28000,2520,9.0,232,88,E,-117.33768839957058,33.6918412097487,State,True
5600,74,,8,RIV,,27.53,,B,JCT. RTE. 215,18000,2160,12.0,219,88,E,-117.21627749296574,33.78401864601461,State,True
5602,74,,8,RIV,,27.54,,A,JCT. RTE. 215,25000,2500,10.0,366,86,V,-117.18901184093687,33.75404579037193,State,True
5604,74,,8,RIV,,34.332,,A,JCT. RTE. 79 SOUTH,25000,2950,11.8,355,86,E,-117.07645107812068,33.73901919071508,State,True
5606,74,,8,RIV,,34.332,,B,JCT. RTE. 79 SOUTH,23500,2773,11.8,378,86,E,-117.07645107812068,33.73901919071508,State,True
5608,74,,8,RIV,,39.487,,B,LYON AVENUE,21200,2544,12.0,263,86,E,-116.98910988718714,33.74740233728671,State,True
5610,74,,8,RIV,,41.338,,A,JCT. RTE. 79 NORTH,23100,2772,12.0,191,79,E,-116.95864550870469,33.74755291966926,State,True
5612,74,,8,RIV,,41.338,,B,JCT. RTE. 79 NORTH,22000,2640,12.0,191,79,E,-116.95864550870469,33.74755291966926,State,True
5614,74,,8,RIV,,44.74,,A,MOUNTAIN STREET,13000,923,7.1,85,91,V,-116.89949373705109,33.74776988920761,State,True
5616,74,,8,RIV,,48.288,,B,SAN BERNARDINO NATIONAL FOREST BOUNDARY,4000,280,7.0,24,90,E,-116.84447741280852,33.7400436227288,State,True
5618,74,,8,RIV,,59.25,,A,JCT. RTE. 243 NORTH,2700,189,7.0,15,90,E,-116.72581581091052,33.704742361717194,State,True
5620,74,,8,RIV,,71.745,,A,JCT. RTE. 371 WEST,3900,273,7.0,18,90,E,-116.59143220482862,33.56954391465587,State,True
5622,74,,8,RIV,,71.745,,B,JCT. RTE. 371 WEST,2300,161,7.0,12,90,E,-116.59143220482862,33.56954391465587,State,True
5624,75,,11,SD,R,22.261,,B,JCT. RTE. 5,69000,1932,2.8,178,86,V,-117.14288081066171,32.70136844478797,State,True
5626,75,,11,SD,,17.455,,B,CORONADO N.A.B. GATE NO. 4,23400,304,1.3,25,23,V,-117.16395625022113,32.670043878772816,State,True
5628,75,,11,SD,,18.47,,B,"CORONADO, POMONA AVENUE",21700,412,1.9,37,86,E,-117.17599473144712,32.680308334695304,State,True
5630,75,,11,SD,,19.586,,A,JCT. RTE. 282 AT 4TH STREET ON ORANGE AVE,21200,721,3.4,66,86,E,-117.17479478255186,32.69439220068354,State,True
5632,75,,11,SD,,19.586,,B,JCT. RTE. 282 AT 4TH STREET ON ORANGE AVE,25500,612,2.4,36,84,V,-117.17479478255186,32.69439220068354,State,True
5634,76,,11,SD,M,9.511,,B,EAST VISTA WAY/OLD RIVER RD,37000,4333,11.71,322,22,V,-117.23727308756779,33.25779510226569,State,True
5636,76,,11,SD,R,0.0,,A,JCT. RTE. 5,56000,2464,4.4,211,85,V,-117.38308090418943,33.204671149296416,State,True
5638,76,,11,SD,R,1.156,,A,"OCEANSIDE, CANYON DRIVE",52000,2808,5.4,268,86,V,-117.36748754055083,33.212376618635254,State,True
5640,76,,11,SD,R,11.925,,B,OLIVE HILL RD/CAMINO DEL REY,49500,5346,10.8,405,21,V,-117.2254337637386,33.288882490014004,State,True
5642,76,,11,SD,R,17.303,,A,JCT. RTE. 15,17800,2492,14.0,209,87,E,-117.15930746323593,33.33102314520927,State,True
5644,76,,11,SD,R,17.303,,B,JCT. RTE. 15,33000,4125,12.5,673,96,E,-117.15930746323593,33.33102314520927,State,True
5646,76,,11,SD,R,3.389,,B,"OCEANSIDE, EL CAMINO REAL",52000,2600,5.0,302,86,V,-117.33149264180086,33.223486233922046,State,True
5648,76,,11,SD,,52.319,,B,JCT. RTE. 79,2350,240,10.2,21,87,V,-116.71028885792425,33.199749841122596,State,True
5650,77,,4,ALA,,0.098,,A,"OAKLAND, JCT. RTE. 880",18800,476,2.53,55,3,V,-122.22121325515543,37.76944459571127,State,True
5652,77,,4,ALA,,0.365,,A,"OAKLAND, EAST 12TH STREET",13400,237,1.77,21,3,V,-122.21739988341812,37.77206645969351,State,True
5654,77,,4,ALA,,0.452,,B,"OAKLAND, EAST 14TH STREET",13400,291,2.17,25,0,V,-122.21614733277308,37.77297968223571,State,True
5656,780,,4,SOL,,1.221,,A,BEGIN ROUTE 780,27000,1399,5.18,230,1,V,-122.1401504786758,38.05023123410248,State,True
5658,780,,4,SOL,,3.995,,A,WEST BENICIA,54000,2603,4.82,400,1,V,-122.18264777421936,38.06890649873568,State,True
5660,780,,4,SOL,,3.995,,B,WEST BENICIA,57000,2502,4.39,418,4,V,-122.18264777421936,38.06890649873568,State,True
5662,780,,4,SOL,,4.77,,A,COLUMBUS PARKWAY,54000,2479,4.59,420,4,V,-122.19072385589736,38.07806787178883,State,True
5664,780,,4,SOL,,7.44,,B,LEMON STREET,25500,1030,4.04,137,4,V,-122.2347352214281,38.09278332022226,State,True
5666,78,,11,IMP,R,12.891,,A,JCT. RTE. 78/111 - WEST,16000,6901,43.13,1245,21,V,-115.52639487259566,33.00038541273484,State,True
5668,78,,11,IMP,R,12.891,,B,JCT. RTE. 78/111 - WEST,12500,6849,54.79,1236,21,V,-115.52639487259566,33.00038541273484,State,True
5670,78,,11,IMP,R,12.891,,X,JCT. RTE. 78/111 - WEST,8450,3643,43.11,998,22,V,-115.52639487259566,33.00038541273484,State,True
5672,78,,11,IMP,R,9.203,,A,SOUTH JCT. RTE. 86,10300,3204,31.11,822,18,V,-115.58890759296843,32.99916068277433,State,True
5674,78,,11,IMP,,15.499,,A,E. JCT. RTE. 78/111,4400,2651,60.26,319,22,V,-115.50134162738115,32.97863987771598,State,True
5676,78,,11,IMP,,15.499,,B,E JCT RTE 78/111,10300,4767,46.28,665,17,E,-115.50134162738115,32.97863987771598,State,True
5678,78,,11,IMP,,18.651,,A,WEST JCT. RTE. 115,3600,1127,31.3,289,85,V,-115.4487209447113,32.974598537116506,State,True
5680,78,,11,IMP,,21.023,,A,EAST JCT. RTE. 115,2550,954,37.41,154,20,V,-115.40799961039961,32.97414488236956,State,True
5682,78,,11,SD,N,17.68,,B,"ESCONDIDO, BROADWAY/LINCOLN PARKWAY",55000,550,1.0,49,86,E,-117.08649112314816,33.13294422873656,State,True
5684,78,,11,SD,R,16.539,,B,"ESCONDIDO, JCT. RTE. 15",157500,7166,4.55,1136,7,V,-117.10487166895753,33.1269187232735,State,True
5686,78,,11,SD,R,17.268,,B,"ESCONDIDO, CENTRE CITY PARKWAY",81000,4293,5.3,608,97,E,-117.09301591943338,33.13056059368187,State,True
5688,78,,11,SD,R,22.56,,A,CLOVERDALE/SAN PASQUAL ROAD,10400,1109,10.66,72,23,V,-117.0209721340832,33.09767913109187,State,True
5690,78,,11,SD,R,27.315,,A,BANDY CANYON ROAD,9500,893,9.4,123,81,E,-116.95433995092158,33.09183408432968,State,True
5692,78,,11,SD,T,19.094,,A,ESCONDIDO  ASH STREET,17000,1020,6.0,95,96,E,-117.06800799332662,33.13310627599052,State,True
5694,78,,11,SD,T,19.094,,B,ESCONDIDO  ASH STREET,13600,816,6.0,76,96,E,-117.06800799332662,33.13310627599052,State,True
5696,78,,11,SD,,0.004,,A,"OCEANSIDE, JCT. RTE. 5",73000,3409,4.67,541,7,E,-117.35129491168455,33.17700676531076,State,True
5698,78,,11,SD,,1.498,,A,"OCEANSIDE, EL CAMINO REAL",132500,6453,4.87,1023,7,E,-117.32692961697585,33.181586972710534,State,True
5700,78,,11,SD,,10.606,,X,"SAN MARCOS, RANCHO SANTA FE",118000,5511,4.67,651,23,E,-117.19836666993025,33.15007530002818,State,True
5702,78,,11,SD,,18.94,,A,"ESCONDIDO, GRAND AVENUE",14800,903,6.1,84,96,E,-117.06559271727673,33.12719898426034,State,True
5704,78,,11,SD,,35.519,,A,JCT. RTE. 67 SOUTHWEST,21000,1155,5.5,108,87,V,-116.86860987407707,33.04204581471834,State,True
5706,78,,11,SD,,35.519,,B,JCT. RTE. 67 SOUTHWEST,9700,213,2.2,33,87,E,-116.86860987407707,33.04204581471834,State,True
5708,78,,11,SD,,5.944,,A,"VISTA, MELROSE DRIVE",117500,5605,4.77,889,7,E,-117.25436846580244,33.19455612782195,State,True
5710,78,,11,SD,,5.944,,B,"VISTA, MELROSE DRIVE",122500,6333,5.17,1004,7,E,-117.25436846580244,33.19455612782195,State,True
5712,78,,11,SD,,51.108,,A,WEST JCT. RTE. 79,4700,335,7.13,18,21,V,-116.67396536532488,33.10920106003902,State,True
5714,78,,11,SD,,51.108,,B,WEST JCT. RTE. 79,6800,408,6.0,32,93,V,-116.67396536532488,33.10920106003902,State,True
5716,78,,11,SD,,58.133,,A,EAST JCT. RTE. 79,3750,911,24.3,52,88,E,-116.59865671685495,33.0764535701104,State,True
5718,78,,11,SD,,58.133,,B,EAST JCT. RTE. 79,5800,963,16.6,59,88,E,-116.59865671685495,33.0764535701104,State,True
5720,78,,8,RIV,,16.169,,B,JCT. RTE. 10,2900,177,6.1,46,93,E,-114.65768886063964,33.60671690135865,State,True
5722,78,,8,RIV,,9.352,,A,28TH AVENUE/NEIGHBORS BOULEVARD,1800,135,7.5,35,93,E,-114.65601749744285,33.50703399766148,State,True
5724,78,,8,RIV,,9.352,,B,28TH AVENUE/NEIGHBORS BOULEVARD,1400,168,12.0,43,93,E,-114.65601749744285,33.50703399766148,State,True
5726,79,,11,SD,L,0.044,,A,JCT. RTE. 8,5500,413,7.5,33,86,V,-116.62541530494022,32.82713976703618,State,True
5728,79,,11,SD,,14.44,,A,SUNRISE HIGHWAY,1950,179,9.2,7,72,E,-116.56120914257757,33.01092817502212,State,True
5730,79,,11,SD,,14.44,,B,SUNRISE HIGHWAY,1700,170,10.0,6,86,E,-116.56120914257757,33.01092817502212,State,True
5732,79,,11,SD,,20.22,,B,JCT. RTE. 78,2950,97,3.3,4,72,E,-116.5986468326919,33.076452848235554,State,True
5734,79,,11,SD,,20.23,,A,JCT. RTE. 78,3100,347,11.2,27,88,V,-116.67396284824542,33.1092018493661,State,True
5736,79,,11,SD,,27.37,,A,JCT. RTE. 76 WEST,2700,319,11.8,32,87,V,-116.71029181427988,33.1997982906642,State,True
5738,79,,11,SD,,27.37,,B,JCT. RTE. 76 WEST,2750,253,9.2,27,87,V,-116.71029181427988,33.1997982906642,State,True
5740,79,,11,SD,,31.7,,A,SAN FELIPE ROAD,1600,264,16.5,40,72,V,-116.67396208467744,33.249357075847854,State,True
5742,79,,8,RIV,R,19.16,,B,JCT. RTE. 74,13000,1105,8.5,130,91,V,-117.07644375685112,33.73909355403353,State,True
5744,79,,8,RIV,,2.27,,A,JCT. RTE. 371 EAST,8400,840,10.0,82,77,E,-116.86174855541167,33.441602937695805,State,True
5746,79,,8,RIV,,2.27,,B,JCT. RTE. 371 EAST,3000,498,16.6,40,77,E,-116.86174855541167,33.441602937695805,State,True
5748,79,,8,RIV,,25.65,,A,JCT. RTE. 74,15000,1425,9.5,111,87,E,-116.95863894381658,33.747627894057715,State,True
5750,79,,8,RIV,,40.449,,B,"BEAUMONT, JCT. RTE. 10",32000,3328,10.4,521,91,V,-116.97716239002811,33.927008467340585,State,True
5752,7,,11,IMP,,0.04,,A,POE TRUCKS COMM VEHICLE INSPECTION,2500,1842,73.69,490,18,E,-115.38781934291913,32.68036447726417,State,True
5754,7,,11,IMP,,1.188,,B,"CALEXICO, JCT RTE 98",9800,2458,25.08,520,20,V,-115.37888431731928,32.693780861639006,State,True
5756,7,,11,IMP,,6.718,,B,JCT. RTE. 8,8300,2824,34.02,324,23,V,-115.38376074907559,32.77328896917422,State,True
5758,805,,11,SD,,0.486,,A,"SAN DIEGO, JCT. RTE. 5",50000,2050,4.1,252,86,E,-117.03953026963772,32.5498227529363,Interstate,True
5760,805,,11,SD,,1.805,,A,"SAN DIEGO, JCT. RTE. 905",155000,25529,16.47,1913,23,E,-117.04046841801818,32.568071981049194,Interstate,True
5762,805,,11,SD,,1.805,,B,"SAN DIEGO, JCT. RTE. 905",76000,3040,4.0,373,86,V,-117.04046841801818,32.568071981049194,Interstate,True
5764,805,,11,SD,,14.641,,A,"SAN DIEGO, JCT. RTE. 15",185000,12025,6.5,1683,4,E,-117.11151492068936,32.73222461663875,Interstate,True
5766,805,,11,SD,,14.641,,B,"SAN DIEGO, JCT. RTE. 15",235000,14100,6.0,2253,4,E,-117.11151492068936,32.73222461663875,Interstate,True
5768,805,,11,SD,,17.645,,A,JCT. RTE. 8,197500,12245,6.2,1713,4,E,-117.13178329403459,32.771988468288846,Interstate,True
5770,805,,11,SD,,17.645,,B,JCT. RTE. 8,212500,13813,6.5,1933,4,E,-117.13178329403459,32.771988468288846,Interstate,True
5772,805,,11,SD,,20.6,,A,"SAN DIEGO, JCT. RTE. 163",225000,14625,6.5,2047,4,E,-117.15289383526377,32.80901056500999,Interstate,True
5774,805,,11,SD,,20.6,,B,"SAN DIEGO, JCT. RTE. 163",200000,13000,6.5,1819,4,E,-117.15289383526377,32.80901056500999,Interstate,True
5776,805,,11,SD,,23.651,,A,JCT. RTE. 52,210000,11634,5.54,1686,7,E,-117.17792459115515,32.84760161866822,Interstate,True
5778,805,,11,SD,,23.651,,B,JCT. RTE. 52,192500,13167,6.84,1842,4,V,-117.17792459115515,32.84760161866822,Interstate,True
5780,805,,11,SD,,24.44,,X,GOVERNOR DRIVE,210100,12354,5.88,1898,23,E,-117.18429093091245,32.857874317053934,Interstate,True
5782,805,,11,SD,,28.502,,B,JCT. RTE. 5,160000,12192,7.62,1767,7,V,-117.22375575211036,32.90436852016261,Interstate,True
5784,805,,11,SD,,3.654,,A,"CHULA VISTA, AUTO PARKWAY DR/MAIN ST",185000,12950,7.0,2002,3,E,-117.03612036273556,32.594658527647844,Interstate,True
5786,805,,11,SD,,3.654,,B,"CHULA VISTA, AUTO PARKWAY DR/MAIN ST",180000,12600,7.0,1948,3,E,-117.03612036273556,32.594658527647844,Interstate,True
5788,805,,11,SD,,5.542,,O,NAPLE STREET UNDERCROSSING,198000,3703,1.87,708,22,V,-117.0404633703846,32.62161044915359,Interstate,True
5790,805,,11,SD,,6.059,,B,TELEGRAPH CANYON ROAD,197500,14457,7.32,2309,4,V,-117.04348839859482,32.6286917332759,Interstate,True
5792,805,,11,SD,,8.854,,B,"JCT. RTE. 54, SWEETWATER ROAD",255000,15300,6.0,2444,4,V,-117.07441375744682,32.65843769629583,Interstate,True
5794,80,,3,NEV,R,59.54,,A,JCT. RTE. 20 WEST,25000,4708,18.83,1186,0,E,-120.60356478841557,39.322735908179574,Interstate,True
5796,80,,3,NEV,R,59.54,,B,JCT. RTE. 20 WEST,23100,4967,21.5,1225,0,E,-120.60356478841557,39.322735908179574,Interstate,True
5798,80,,3,NEV,,14.164,,A,"TRUCKEE, JCT. RTE. 89 SOUTH",30000,5301,17.67,1357,4,E,-120.20797355110227,39.32301038073685,Interstate,True
5800,80,,3,NEV,,14.164,,B,"TRUCKEE, JCT. RTE. 89 SOUTH",27500,4928,17.92,1242,0,E,-120.20797355110227,39.32301038073685,Interstate,True
5802,80,,3,NEV,,16.285,,A,"JCT. RTE. 89 NORTH, JCT. RTE. 267 SOUTH",29500,5157,17.48,1370,16,V,-120.17412384542047,39.33647115984336,Interstate,True
5804,80,,3,NEV,,20.225,,B,UNION HILLS BR OH,34000,7014,20.63,1761,18,V,-120.1152771335525,39.36710551023445,Interstate,True
5806,80,,3,PLA,R,19.465,,A,AUBURN RAVINE ROAD,52000,5621,10.81,1301,4,E,-121.05730158365297,38.923474774308595,Interstate,True
5808,80,,3,PLA,R,19.465,,B,AUBURN RAVINE ROAD,59000,5729,9.71,1326,4,E,-121.05730158365297,38.923474774308595,Interstate,True
5810,80,,3,PLA,R,23.429,,A,CLIPPER GAP,45500,8313,18.27,1917,20,V,-121.01767333285373,38.96970550615234,Interstate,True
5812,80,,3,PLA,,0.268,,A,"ROSEVILLE, RIVERSIDE DRIVE",184000,9697,5.27,2148,3,E,-121.29041436484768,38.72456216765917,Interstate,True
5814,80,,3,PLA,,0.268,,B,"ROSEVILLE, RIVERSIDE DRIVE",202000,9332,4.62,2092,16,V,-121.29041436484768,38.72456216765917,Interstate,True
5816,80,,3,PLA,,15.62,,B,HALLBOM ROAD UC,75000,5505,7.34,1429,15,E,-121.1028962711945,38.88347726265339,Interstate,True
5818,80,,3,PLA,,17.541,,A,"AUBURN, JCT. RTE. 49",66000,5643,8.55,1306,4,E,-121.07488350112361,38.89994781670787,Interstate,True
5820,80,,3,PLA,,17.541,,B,"AUBURN, JCT. RTE. 49",71000,5013,7.06,1160,4,E,-121.07488350112361,38.89994781670787,Interstate,True
5822,80,,3,PLA,,3.07,,A,"ROSEVILLE, ATLANTIC STREET",181000,10426,5.76,2433,0,E,-121.26145448390479,38.75810025021928,Interstate,True
5824,80,,3,PLA,,33.131,,A,"COLFAX, JCT. RTE. 174 NORTH",34000,6443,18.95,1589,0,E,-120.94950263744433,39.0957950542889,Interstate,True
5826,80,,3,PLA,,33.131,,B,"COLFAX, JCT. RTE. 174 NORTH",34000,5430,15.97,1339,0,E,-120.94950263744433,39.0957950542889,Interstate,True
5828,80,,3,PLA,,4.16,,A,JCT. RTE. 65,100000,5560,5.56,1364,0,E,-121.2486636007463,38.76983314212117,Interstate,True
5830,80,,3,PLA,,4.16,,B,JCT. RTE. 65,165000,10197,6.18,2379,0,E,-121.2486636007463,38.76983314212117,Interstate,True
5832,80,,3,PLA,,7.421,,A,"ROCKLIN, SIERRA COLLEGE BOULEVARD",81000,6464,7.98,483,19,V,-121.20541185511135,38.802877544312814,Interstate,True
5834,80,,3,SAC,M,2.554,,A,"SACRAMENTO, JCT. RTE. 5",168000,13406,7.98,1937,6,E,-121.51709410457863,38.62482612866733,Interstate,True
5836,80,,3,SAC,M,2.554,,B,"SACRAMENTO, JCT. RTE. 5",108000,11599,10.74,1659,19,V,-121.51709410457863,38.62482612866733,Interstate,True
5838,80,,3,SAC,R,10.989,,A,JCT. RTE. 51,228000,8869,3.89,2022,6,E,-121.37705579332776,38.64617628803194,Interstate,True
5840,80,,3,SAC,R,10.989,,B,JCT. RTE. 51,153000,9792,6.4,2089,6,E,-121.37705579332776,38.64617628803194,Interstate,True
5842,80,,3,SAC,,14.454,,A,GREENBACK LANE,202000,9231,4.57,2144,15,E,-121.33626437066094,38.68268600080499,Interstate,True
5844,80,,3,SAC,,16.685,,A,ANTELOPE ROAD,202000,5838,2.89,1287,22,V,-121.3093094836181,38.70738879320626,Interstate,True
5846,80,,3,SIE,,1.593,,B,NEVADA STATE LINE,33000,6125,18.56,1568,4,E,-120.0027201436605,39.46834861094236,Interstate,True
5848,80,,3,YOL,R,11.228,,A,JCT. RTE. 84 EAST,93000,9291,9.99,1742,6,E,-121.55199827160556,38.59196621505652,Interstate,True
5850,80,,3,YOL,R,9.905,,A,"WEST SACRAMENTO, JCT. RTE. 50",102000,10190,9.99,1910,6,E,-121.56436985622373,38.57554960785651,Interstate,True
5852,80,,3,YOL,R,9.905,,B,"WEST SACRAMENTO, JCT. RTE. 50",93000,6854,7.37,1581,0,E,-121.56436985622373,38.57554960785651,Interstate,True
5854,80,,3,YOL,,0.237,,B,RICHARDS BOULEVARD,106000,9296,8.77,2144,0,E,-121.735418679429,38.54009820096571,Interstate,True
5856,80,,4,ALA,,1.989,,A,SAN FRANCISCO-OAKLAND BAY BRIDGE TOLL PLAZA,230000,5773,2.51,1053,3,V,-122.31363848659228,37.823872676770876,Interstate,True
5858,80,,4,ALA,,1.989,,B,SAN FRANCISCO-OAKLAND BAY BRIDGE TOLL PLAZA,230000,5934,2.58,882,0,V,-122.31363848659228,37.823872676770876,Interstate,True
5860,80,,4,ALA,,2.802,,A,"OAKLAND, JCT. RTE. 580 EAST",292000,8001,2.74,1482,3,V,-122.29925600793926,37.82642091778513,Interstate,True
5862,80,,4,ALA,,2.802,,B,"OAKLAND, JCT. RTE. 580 EAST",226000,4000,1.77,711,0,V,-122.29925600793926,37.82642091778513,Interstate,True
5864,80,,4,ALA,,3.786,,A,"EMERYVILLE, POWELL STREET",246000,11783,4.79,2329,3,V,-122.29642646840618,37.83786517676855,Interstate,True
5866,80,,4,ALA,,4.582,,A,"BERKELEY, JCT. RTE. 13 EAST",236000,11257,4.77,2205,3,V,-122.29887066481832,37.84899106266829,Interstate,True
5868,80,,4,ALA,,4.582,,B,"BERKELEY, JCT. RTE. 13 EAST",235000,11304,4.81,2299,0,V,-122.29887066481832,37.84899106266829,Interstate,True
5870,80,,4,CC,,10.059,,A,"HERCULES, JCT. RTE. 4 EAST",124000,6634,5.35,1556,0,V,-122.26924393030403,38.015062029209155,Interstate,True
5872,80,,4,CC,,10.059,,B,"HERCULES, JCT. RTE. 4 EAST",165000,7590,4.6,1623,3,V,-122.26924393030403,38.015062029209155,Interstate,True
5874,80,,4,CC,,14.139,,B,CARQUINEZ BRIDGE,146000,7300,5.0,1687,1,E,-122.22528568844423,38.06097280924514,Interstate,True
5876,80,,4,CC,,2.04,,A,"RICHMOND, JCT. RTE. 123 SOUTH",195000,6240,3.2,1288,1,E,-122.32062171382823,37.92538034375574,Interstate,True
5878,80,,4,CC,,2.04,,B,"RICHMOND, JCT. RTE. 123 SOUTH",163000,5216,3.2,1047,1,E,-122.32062171382823,37.92538034375574,Interstate,True
5880,80,,4,CC,,2.961,,A,"RICHMOND, SAN PABLO AVENUE",191000,6781,3.55,1464,0,V,-122.32612188541215,37.937146233716554,Interstate,True
5882,80,,4,CC,,2.961,,B,"RICHMOND, SAN PABLO AVENUE",184000,5962,3.24,1241,0,V,-122.32612188541215,37.937146233716554,Interstate,True
5884,80,,4,CC,,5.983,,B,"RICHMOND, HILLTOP DRIVE",183000,7320,4.0,1455,1,E,-122.3183806435698,37.9762111198951,Interstate,True
5886,80,,4,CC,,7.597,,B,"PINOLE, APPIAN WAY",176000,7357,4.18,1639,3,V,-122.30197555595228,37.99330546315966,Interstate,True
5888,80,,4,CC,,7.597,,O,"PINOLE, APPIAN WAY",167000,12976,7.77,1995,22,E,-122.30197555595228,37.99330546315966,Interstate,True
5890,80,,4,SF,,3.951,,A,"SAN FRANCISCO, JCT. RTE. 101",175000,5075,2.9,841,94,V,-122.40502252030916,37.767724265926866,Interstate,True
5892,80,,4,SOL,R,11.976,,A,JCT. RTE. 12 WEST,156000,8112,5.2,1864,1,E,-122.14969523397811,38.208271862089596,Interstate,True
5894,80,,4,SOL,R,11.976,,B,JCT. RTE. 12 WEST,124000,6944,5.6,1496,1,E,-122.14969523397811,38.208271862089596,Interstate,True
5896,80,,4,SOL,R,28.36,,A,JCT. RTE. 505 NORTH,131000,8057,6.15,1794,0,V,-121.95337092774692,38.3730379562295,Interstate,True
5898,80,,4,SOL,R,28.36,,B,JCT. RTE. 505 NORTH,159000,8999,5.66,1678,16,V,-121.95337092774692,38.3730379562295,Interstate,True
5900,80,,4,SOL,,1.144,,A,"VALLEJO, JCT. RTE. 29 NORTHWEST",111000,5550,5.0,1271,1,E,-122.23188398129274,38.07642362328819,Interstate,True
5902,80,,4,SOL,,1.144,,B,"VALLEJO, JCT. RTE. 29 NORTHWEST",118000,5652,4.79,1256,3,V,-122.23188398129274,38.07642362328819,Interstate,True
5904,80,,4,SOL,,12.839,,A,JCT. RTE. 680 SOUTH,212000,12169,5.74,2800,0,V,-122.13789641159185,38.21652200264937,Interstate,True
5906,80,,4,SOL,,12.839,,B,JCT. RTE. 680 SOUTH,156000,10234,6.56,2405,0,V,-122.13789641159185,38.21652200264937,Interstate,True
5908,80,,4,SOL,,15.815,,A,"FAIRFIELD, EAST JCT. RTE. 12",186000,10788,5.8,2458,1,E,-122.09174524288466,38.240046552343046,Interstate,True
5910,80,,4,SOL,,15.815,,B,"FAIRFIELD, EAST JCT. RTE. 12",206000,9497,4.61,2161,3,V,-122.09174524288466,38.240046552343046,Interstate,True
5912,80,,4,SOL,,2.22,,B,"VALLEJO, JCT. RTE. 780 SOUTHEAST",117000,5452,4.66,1310,3,V,-122.2304095458742,38.09135233914541,Interstate,True
5914,80,,4,SOL,,20.925,,A,"FAIRFIELD, NORTH TEXAS STREET",178000,9345,5.25,2124,1,E,-122.03391233281542,38.29517043532734,Interstate,True
5916,80,,4,SOL,,20.925,,B,"FAIRFIELD, NORTH TEXAS STREET",176000,6459,3.67,1495,3,V,-122.03391233281542,38.29517043532734,Interstate,True
5918,80,,4,SOL,,29.859,,A,"VACAVILLE, LEISURE TOWN",136000,12621,9.28,2203,22,E,-121.9338550389792,38.38799320129374,Interstate,True
5920,80,,4,SOL,,38.21,,A,JCT. RTE. 113 SOUTH,229000,15389,6.72,3280,1,E,-121.82376449766727,38.47289241776918,Interstate,True
5922,80,,4,SOL,,38.21,,B,JCT. RTE. 113 SOUTH,223000,14986,6.72,3342,0,V,-121.82376449766727,38.47289241776918,Interstate,True
5924,80,,4,SOL,,42.67,,B,JCT. RTE. 113 NORTH,231000,15477,6.7,3443,1,E,-121.76891894405856,38.52084228770221,Interstate,True
5926,80,,4,SOL,,5.634,,A,"VALLEJO, JCT. RTE. 37 WEST",120000,6084,5.07,1365,2,V,-122.22014390243783,38.13875247804163,Interstate,True
5928,80,,4,SOL,,5.634,,B,"VALLEJO, JCT. RTE. 37 WEST",129000,6669,5.17,1579,3,V,-122.22014390243783,38.13875247804163,Interstate,True
5930,82,,4,SCL,R,11.141,,B,"SANTA CLARA, BENTON ROAD",14400,924,6.42,100,0,V,-121.93842185379643,37.353121239157716,State,True
5932,82,,4,SCL,,10.343,,O,SAN JOSE/SANTA CLARA CITY LIMITS,20800,832,4.0,75,1,E,-121.93217875660788,37.344583854307345,State,True
5934,82,,4,SCL,,17.035,,B,MATHILDA AVENUE,30500,735,2.41,50,0,V,-122.03700219064311,37.36917412765566,State,True
5936,82,,4,SCL,,18.841,,A,"MOUNTAIN VIEW, JCT. RTE. 85",47000,1043,2.22,75,0,V,-122.06768406293394,37.37828035931035,State,True
5938,82,,4,SCL,,18.841,,B,"MOUNTAIN VIEW, JCT. RTE. 85",54000,1442,2.67,90,0,V,-122.06768406293394,37.37828035931035,State,True
5940,82,,4,SCL,,19.134,,A,"MOUNTAIN VIEW, JCT. RTE. 237 EAST",43500,1118,2.57,65,0,V,-122.07296839630453,37.3804688457242,State,True
5942,82,,4,SCL,,25.45,,A,"PALO ALTO, EMBARCADERO ROAD",33000,1040,3.15,61,0,V,-122.16001377740493,37.43736548707667,State,True
5944,82,,4,SCL,,26.37,,B,SANTA CLARA/SAN MATEO COUNTY LINE,28000,1277,4.56,81,0,V,-122.17168477940773,37.44697173828759,State,True
5946,82,,4,SCL,,9.904,,A,"SAN JOSE, JCT. RTE. 880",21300,679,3.19,46,3,V,-121.9255881865759,37.34257598478353,State,True
5948,82,,4,SCL,,9.904,,B,"SAN JOSE, JCT. RTE. 880",21300,784,3.68,107,3,V,-121.9255881865759,37.34257598478353,State,True
5950,82,,4,SF,R,0.208,,B,"SAN FRANCISCO, JCT. RTE. 280",15900,113,0.71,8,0,V,-122.45645202613245,37.71074110588585,State,True
5952,82,,4,SM,,10.554,,A,"SAN MATEO, JCT. RTE. 92",41000,566,1.38,34,3,V,-122.31195160589722,37.55034237399183,State,True
5954,82,,4,SM,,10.554,,B,"SAN MATEO, JCT. RTE. 92",38000,502,1.32,33,3,V,-122.31195160589722,37.55034237399183,State,True
5956,82,,4,SM,,16.844,,A,"MILLBRAE, CENTER STREET",25500,740,2.9,60,3,V,-122.39886512778864,37.60780172369603,State,True
5958,82,,4,SM,,17.99,,A,"SAN BRUNO, TAYLOR/SAN MATEO AVENUE",34500,538,1.56,39,0,V,-122.41122038732313,37.62110962335238,State,True
5960,82,,4,SM,,18.6,,A,"SAN BRUNO, SAN BRUNO AVENUE",50000,980,1.96,65,3,V,-122.416538900692,37.62884884384763,State,True
5962,82,,4,SM,,18.963,,B,"SAN BRUNO, JCT. RTE. 380",50000,730,1.46,61,3,V,-122.41903302277274,37.63302475277441,State,True
5964,82,,4,SM,,3.435,,A,JCT. RTE. 84,35000,802,2.29,58,3,V,-122.22180769643008,37.476530721981966,State,True
5966,82,,4,SM,,3.435,,B,JCT. RTE. 84,51000,1678,3.29,146,3,V,-122.22180769643008,37.476530721981966,State,True
5968,82,,4,SM,,5.15,,B,REDWOOD CITY/SAN CARLOS CITY LIMITS,23300,627,2.69,42,0,V,-122.2442441878495,37.49367950128852,State,True
5970,83,,8,SBD,R,0.0,,A,JCT. RTE. 71,36000,4853,13.48,926,11,E,-117.65944332536804,33.93068085127799,State,True
5972,83,,8,SBD,,5.42,,A,SCHAEFER AVE,27300,5157,18.89,1092,21,E,-117.6507312436554,34.00478394384078,State,True
5974,84,,3,YOL,,0.0,,A,SOLANO/YOLO COUNTY LINE,430,283,65.85,21,14,V,-121.6307017739084,38.313714571346246,State,True
5976,84,,3,YOL,,11.77,,B,BABEL SLOUGH ROAD,1350,183,13.53,25,14,V,-121.58292482701349,38.44684588290464,State,True
5978,84,,3,YOL,,9.53,,A,CLARKSBURG ROAD,1500,95,6.31,18,11,E,-121.58285797259342,38.414458553770885,State,True
5980,84,,4,ALA,R,17.987,,A,JCT. RTE. 680,35500,568,1.6,26,94,V,-121.86981946129913,37.592695508138156,State,True
5982,84,,4,ALA,R,4.884,,A,NEWARK BOULEVARD,71000,1988,2.8,290,1,E,-122.05240603670616,37.551564303746225,State,True
5984,84,,4,ALA,R,6.01,,B,SOUTH JCT. RTE. 880,71000,3195,4.5,477,94,V,-122.03851625613872,37.56346483264673,State,True
5986,84,,4,ALA,,10.83,,A,"FREMONT, JCT. RTE. 238",15200,365,2.4,65,94,V,-121.97163734170111,37.57653407511911,State,True
5988,84,,4,ALA,,17.987,,B,JCT. RTE. 680,7400,170,2.3,42,1,E,-121.8708640995666,37.588878278035885,State,True
5990,84,,4,ALA,,6.923,,A,NORTH JCT. RTE. 880,29500,1033,3.5,81,94,V,-122.02288513990202,37.54673014571604,State,True
5992,84,,4,ALA,,7.14,,B,"FREMONT, JCT. RTE. 238",21900,504,2.3,40,94,V,-122.02055385992445,37.549420166711336,State,True
5994,84,,4,SM,R,25.81,,A,"MENLO PARK, JCT. RTE. 101",45000,1305,2.9,118,1,E,-122.18068752540358,37.48336688308891,State,True
5996,84,,4,SM,R,27.659,,B,JCT. RTE. 114,45000,1530,3.4,225,0,V,-122.1502595906739,37.481987789835884,State,True
5998,84,,4,SM,R,28.194,,B,JCT. RTE. 109,71000,3202,4.51,554,0,V,-122.14260970480099,37.4863967829495,State,True
6000,84,,4,SM,,0.0,,A,"SAN GREGORIO, JCT. RTE. 1",1950,85,4.36,4,0,V,-122.39987749228291,37.32455436027993,State,True
6002,84,,4,SM,,14.95,,A,"WOODSIDE, JCT. RTE. 35",5800,137,2.36,14,0,V,-122.26427530534842,37.38636647704214,State,True
6004,84,,4,SM,,14.95,,B,"WOODSIDE, JCT. RTE. 35",3800,95,2.5,7,1,E,-122.26427530534842,37.38636647704214,State,True
6006,84,,4,SM,,21.537,,B,"WOODSIDE, JCT. RTE. 280",17300,502,2.9,30,1,E,-122.24319951544607,37.435307543106596,State,True
6008,84,,4,SM,,24.704,,B,"REDWOOD CITY, JCT. RTE. 82",34500,1001,2.9,79,1,E,-122.22175499496728,37.47646126571779,State,True
6010,84,,4,SM,,25.721,,B,"MENLO PARK, JCT. RTE. 101",65000,1911,2.94,213,0,V,-122.21280352840111,37.488936315182535,State,True
6012,84,,4,SOL,,0.134,,A,WEST JCT. RTE. 12,2850,259,9.1,60,95,V,-121.68745834057053,38.16064013112087,State,True
6014,84,,4,SOL,,0.91,,A,AIRPORT ROAD,1100,81,7.4,22,95,V,-121.68023466667235,38.168836410990096,State,True
6016,84,,4,SOL,,0.91,,B,AIRPORT ROAD,2850,271,9.5,78,95,V,-121.68023466667235,38.168836410990096,State,True
6018,84,,4,SOL,,13.67,,O,SOLANO/YOLO COUNTY LINE,310,18,5.68,4,95,V,-121.63070167239879,38.31368568615639,State,True
6020,84,,4,SOL,,2.485,,B,CACHE SLOUGH FERRY,610,34,5.5,8,95,V,-121.66206333759436,38.18687056986549,State,True
6022,84,,4,SOL,,7.246,,A,JCT. RTE. 220 EAST,410,27,6.52,7,95,V,-121.65911437962068,38.243084189059815,State,True
6024,84,,4,SOL,,7.246,,B,JCT. RTE. 220 EAST,300,18,6.0,4,95,V,-121.65911437962068,38.243084189059815,State,True
6026,85,,4,SCL,R,10.498,,A,JCT. RTE. 17,89000,490,0.55,22,1,V,-121.95589573807435,37.25588213388993,State,True
6028,85,,4,SCL,R,10.498,,B,JCT. RTE. 17,105000,263,0.25,10,1,V,-121.95589573807435,37.25588213388993,State,True
6030,85,,4,SCL,R,17.699,,A,"CUPERTINO, STEVENS CREEK BOULEVARD",95000,542,0.57,36,1,V,-122.04985685239014,37.32286604031144,State,True
6032,85,,4,SCL,R,18.448,,A,"SUNNYVALE, JCT. RTE. 280",97000,2959,3.05,610,1,V,-122.05565693641314,37.33248875888688,State,True
6034,85,,4,SCL,R,21.749,,B,"MOUNTAIN VIEW, JCT. RTE. 82",99000,2237,2.26,335,1,V,-122.06757539014075,37.37817153479707,State,True
6036,85,,4,SCL,R,22.163,,A,JCT. RTE. 237,77000,1471,1.91,182,1,V,-122.06821050892809,37.38427746664953,State,True
6038,85,,4,SCL,R,22.163,,B,JCT. RTE. 237,95000,2622,2.76,410,4,V,-122.06821050892809,37.38427746664953,State,True
6040,85,,4,SCL,R,22.629,,A,"MOUNTAIN VIEW, EVELYN AVENUE",78000,1490,1.91,206,1,V,-122.06842905017209,37.39104218674387,State,True
6042,85,,4,SCL,R,23.867,,B,"MOUNTAIN VIEW, JCT. RTE. 101",69000,1380,2.0,300,1,E,-122.07045092341636,37.40903723629771,State,True
6044,85,,4,SCL,,0.0,,A,"SAN JOSE, JCT. RTE. 101",56000,722,1.29,29,1,V,-121.76915337829656,37.24200338776533,State,True
6046,85,,4,SCL,,5.22,,A,JCT. RTE. 87,126000,592,0.47,25,1,V,-121.85889386155613,37.25564819535076,State,True
6048,85,,4,SCL,,5.22,,B,JCT. RTE. 87,142000,753,0.53,32,1,V,-121.85889386155613,37.25564819535076,State,True
6050,86,,11,IMP,L,8.525,,A,ADAMS/IMPERIAL AVENUES,36000,2268,6.3,371,78,V,-115.56995042486639,32.796592959690194,State,True
6052,86,,11,IMP,L,8.525,,B,ADAMS/IMPERIAL AVENUES,21500,1419,6.6,179,79,V,-115.56995042486639,32.796592959690194,State,True
6054,86,,11,IMP,R,0.0,,A,JCT. RTE. 111,7000,620,8.86,71,22,V,-115.50040523161381,32.73068646797838,State,True
6056,86,,11,IMP,R,24.057,,B,JCT RTE 78,11000,1381,12.55,227,18,V,-115.58879519665842,32.99927436816235,State,True
6058,86,,11,IMP,R,27.211,,B,"WESTMORLAND, B STREET",20600,5852,28.41,1392,3,E,-115.61732784783534,33.037400199650435,State,True
6060,86,,11,IMP,,15.32,,B,KEYSTONE ROAD,13700,896,6.54,87,22,V,-115.56997916376898,32.9126027561244,State,True
6062,86,,11,IMP,,27.51,,B,"WESTMORLAND, CENTER STREET",19300,5439,28.18,1491,3,E,-115.62161438379235,33.03740338890634,State,True
6064,86,,11,IMP,,28.006,,A,MARTIN ROAD,16400,5163,31.48,975,23,V,-115.63016281132482,33.03740795628206,State,True
6066,86,,11,IMP,,43.559,,A,NORTH JCT. RTE. 78,12600,4536,36.0,1064,3,E,-115.8551194628649,33.12576727385729,State,True
6068,86,,11,IMP,,43.559,,B,NORTH JCT. RTE. 78,13700,3176,23.18,871,3,E,-115.8551194628649,33.12576727385729,State,True
6070,86,,11,IMP,,6.006,,A,JCT. RTE. 8,32000,2016,6.3,230,78,V,-115.55212251722995,32.77378524137645,State,True
6072,86,,11,IMP,,6.006,,B,JCT. RTE. 8,22600,2075,9.18,214,23,V,-115.55212251722995,32.77378524137645,State,True
6074,86,,11,IMP,,67.824,,B,IMPERIAL/RIVERSIDE COUNTY LINE,18400,4480,24.35,1036,16,E,-116.05975048873175,33.42617008408129,State,True
6076,86,,8,RIV,R,16.744,,B,AIRPORT BLVD,28000,5387,19.24,1438,18,V,-116.13324510626636,33.64282231674382,State,True
6078,87,,4,SCL,,0.0,,A,"SAN JOSE, JCT. RTE 85",111000,355,0.32,16,1,V,-121.85884005696221,37.25550956606006,State,True
6080,87,,4,SCL,,2.826,,B,CURTNER AVENUE,124000,2108,1.7,172,95,V,-121.87272660359464,37.29433167304711,State,True
6082,87,,4,SCL,,3.563,,A,ALMADEN EXPRESSWAY,145000,3712,2.56,583,1,V,-121.87841960663914,37.30403449766929,State,True
6084,87,,4,SCL,,5.156,,A,"SAN JOSE, JCT. RTE. 280",69000,2553,3.7,211,95,V,-121.89217502798618,37.32400980729796,State,True
6086,87,,4,SCL,,5.156,,B,"SAN JOSE, JCT. RTE. 280",159000,3800,2.39,494,1,V,-121.89217502798618,37.32400980729796,State,True
6088,87,,4,SCL,,9.22,,B,JCT. RTE. 101,72000,2160,3.0,249,95,V,-121.92796809505475,37.373796844779555,State,True
6090,880,,4,ALA,,13.669,,B,"HAYWARD, WHIPPLE ROAD",198000,10890,5.5,2145,0,V,-122.0664144766378,37.60668904934553,Interstate,True
6092,880,,4,ALA,,14.537,,A,"HAYWARD, INDUSTRIAL PARKWAY",200000,11620,5.81,1665,17,E,-122.07415222493205,37.61753381166803,Interstate,True
6094,880,,4,ALA,,14.537,,X,"HAYWARD, INDUSTRIAL PARKWAY",219000,13512,6.17,1806,22,V,-122.07415222493205,37.61753381166803,Interstate,True
6096,880,,4,ALA,,16.696,,A,"HAYWARD, JCT. RTE. 92",235000,16450,7.0,2864,96,E,-122.09376719607897,37.644906265297614,Interstate,True
6098,880,,4,ALA,,16.696,,B,"HAYWARD, JCT. RTE. 92",207000,13662,6.6,2396,96,E,-122.09376719607897,37.644906265297614,Interstate,True
6100,880,,4,ALA,,2.283,,A,"FREMONT, JCT. RTE. 262 EAST",198000,9504,4.8,1487,96,V,-121.93665998623305,37.48355348872625,Interstate,True
6102,880,,4,ALA,,2.283,,B,"FREMONT, JCT. RTE. 262 EAST",220000,9680,4.4,1702,96,V,-121.93665998623305,37.48355348872625,Interstate,True
6104,880,,4,ALA,,20.678,,A,JCT. RTE. 238 EAST,176000,14784,8.4,3368,96,E,-122.1368377281649,37.69007200865225,Interstate,True
6106,880,,4,ALA,,20.678,,B,JCT. RTE. 238 EAST,154000,13090,8.5,2259,96,E,-122.1368377281649,37.69007200865225,Interstate,True
6108,880,,4,ALA,,23.644,,A,"RTE. 112, DAVIS STREET",211000,18146,8.6,3172,96,E,-122.17649026401952,37.719009182956256,Interstate,True
6110,880,,4,ALA,,23.644,,B,"RTE. 112, DAVIS STREET",209000,18141,8.68,3579,0,V,-122.17649026401952,37.719009182956256,Interstate,True
6112,880,,4,ALA,,25.497,,A,"OAKLAND, HEGENBERGER ROAD",212000,16197,7.64,3322,2,V,-122.19637912969995,37.74077659120405,Interstate,True
6114,880,,4,ALA,,27.709,,A,"OAKLAND, JCT. RTE. 77",205000,19680,9.6,4090,96,E,-122.21918914330949,37.767141874968715,Interstate,True
6116,880,,4,ALA,,27.709,,B,"OAKLAND, JCT. RTE. 77",207000,21321,10.3,4362,96,E,-122.21918914330949,37.767141874968715,Interstate,True
6118,880,,4,ALA,,31.091,,B,OAK/MADISON STREETS,194000,20758,10.7,4284,96,E,-122.2664214461392,37.79526410790007,Interstate,True
6120,880,,4,ALA,,8.842,,A,"FREMONT, SOUTH JCT. RTE. 84",183000,12078,6.6,1983,96,E,-122.02272832639277,37.54678205767115,Interstate,True
6122,880,,4,ALA,,8.842,,B,"FREMONT, SOUTH JCT. RTE. 84",185000,10915,5.9,1841,96,E,-122.02272832639277,37.54678205767115,Interstate,True
6124,880,,4,SCL,,0.0,,A,JCT. RTE. 280,147000,4160,2.83,498,0,V,-121.94018509039229,37.31732592630555,Interstate,True
6126,880,,4,SCL,,2.075,,A,"SAN JOSE, JCT. RTE. 82",144000,4579,3.18,535,0,V,-121.92586190324296,37.342616298163016,Interstate,True
6128,880,,4,SCL,,2.075,,B,"SAN JOSE, JCT. RTE. 82",143000,4233,2.96,515,0,V,-121.92586190324296,37.342616298163016,Interstate,True
6130,880,,4,SCL,,4.078,,A,"SAN JOSE, JCT. RTE. 101",167000,7181,4.3,1078,96,E,-121.90172557113388,37.364182778644526,Interstate,True
6132,880,,4,SCL,,4.078,,B,"SAN JOSE, JCT. RTE. 101",143000,5992,4.19,814,0,V,-121.90172557113388,37.364182778644526,Interstate,True
6134,880,,4,SCL,,8.422,,A,JCT. RTE. 237,229000,13053,5.7,1991,96,E,-121.91642302697329,37.425687556320504,Interstate,True
6136,88,,10,ALP,,13.4,,A,"PICKETTS, WEST JCT. RTE. 89",2950,227,7.7,49,96,E,-119.91893651391574,38.776375997713465,State,True
6138,88,,10,ALP,,13.4,,B,"PICKETTS, WEST JCT. RTE. 89",2200,174,7.9,36,96,V,-119.91893651391574,38.776375997713465,State,True
6140,88,,10,ALP,,25.283,,B,NEVADA STATE LINE,4450,329,7.4,77,96,V,-119.77902801730822,38.84712300372112,State,True
6142,88,,10,AMA,R,26.791,,A,"JCT RTE 26, RED CORRAL RD",8100,608,7.5,133,96,V,-120.6100781662152,38.41562531689737,State,True
6144,88,,10,AMA,R,26.791,,B,"JCT RTE 26, RED CORRAL RD",9700,728,7.5,163,96,V,-120.6100781662152,38.41562531689737,State,True
6146,88,,10,AMA,,14.25,,B,JCT. RTE. 49,8800,520,5.91,84,96,V,-120.79475634120055,38.36531271579548,,False
6148,88,,10,AMA,,14.292,,A,JCT. RTE. 49,8400,462,5.5,76,96,V,-120.77318502980766,38.346929115081494,State,True
6150,88,,10,AMA,,22.69,,A,"PINE GROVE, RIDGE ROAD",12000,696,5.8,149,96,V,-120.66736320636907,38.4128237452287,State,True
6152,88,,10,AMA,,22.69,,B,"PINE GROVE, RIDGE ROAD",12000,840,7.0,154,96,V,-120.66736320636907,38.4128237452287,State,True
6154,88,,10,AMA,,5.527,,A,JCT. RTE. 124 NORTH,6200,458,7.39,104,96,V,-120.93776387102804,38.31988870705846,State,True
6156,88,,10,AMA,,5.527,,B,JCT. RTE. 124 NORTH,7700,663,8.61,158,96,V,-120.93776387102804,38.31988870705846,State,True
6158,88,,10,AMA,,7.389,,A,WEST JCT. RTE. 104,11700,269,2.3,58,97,V,-120.90704405030635,38.33007810378636,State,True
6160,88,,10,SJ,,19.174,,A,"CLEMENTS, JCT. RTE. 12 EAST",13600,1224,9.0,306,96,V,-121.06816405788265,38.19783514425007,State,True
6162,88,,10,SJ,,19.174,,B,"CLEMENTS, JCT. RTE. 12 EAST",15300,1132,7.4,272,96,E,-121.06816405788265,38.19783514425007,State,True
6164,89,,10,ALP,,0.0,,O,MONO/ALPINE COUNTY LINE,430,21,4.8,3,96,V,-119.59307527936011,38.680784081004,State,True
6166,89,,10,ALP,,21.366,,B,"PICKETTS, JCT. RTE. 88",3050,407,13.33,95,6,E,-119.82377481559578,38.77561395722493,State,True
6168,89,,10,ALP,,21.376,,A,"PICKETTS, JCT. RTE. 88",3200,427,13.33,99,6,E,-119.91893651391574,38.776375997713465,State,True
6170,89,,10,ALP,,9.957,,A,"BULLION, JCT. RTE. 4 WEST",890,48,5.41,6,96,V,-119.7264397144128,38.66052294369961,State,True
6172,89,,10,ALP,,9.957,,B,"BULLION, JCT. RTE. 4 WEST",590,32,5.38,4,96,V,-119.7264397144128,38.66052294369961,State,True
6174,89,,2,PLU,R,42.185,,B,JCT. RTE. 36,1700,136,7.99,29,22,E,-121.25356706460612,40.278740979140686,State,True
6176,89,,2,PLU,,0.0,,A,SIERRA/PLUMAS COUNTY LINE,740,104,14.03,24,22,E,-120.53125981520161,39.706436548309284,State,True
6178,89,,2,PLU,,14.84,,A,ARLINGTON ROAD,1850,177,9.56,43,22,E,-120.91892448912776,40.085903444723336,State,True
6180,89,,2,PLU,,20.22,,B,"GREENVILLE, GRAND STREET",2600,156,6.0,38,22,E,-120.94590567704552,40.13944124167814,State,True
6182,89,,2,PLU,,20.47,,A,"GREENVILLE, BECKWOURTH ROAD",1900,161,8.46,27,22,E,-120.95095074593684,40.13976683494602,State,True
6184,89,,2,PLU,,20.47,,B,"GREENVILLE, BECKWOURTH ROAD",2700,159,5.89,39,22,E,-120.95095074593684,40.13976683494602,State,True
6186,89,,2,PLU,,29.589,,A,JCT. RTE. 147 NORTH,920,164,17.84,34,22,E,-121.08065397308161,40.17197790983411,State,True
6188,89,,2,PLU,,29.589,,B,JCT. RTE. 147 NORTH,1400,152,10.87,26,22,E,-121.08065397308161,40.17197790983411,State,True
6190,89,,2,PLU,,36.655,,B,ALMANOR,920,145,15.77,30,22,E,-121.19014077555568,40.216900502952434,State,True
6192,89,,2,PLU,,7.08,,A,GOLD LAKE ROAD,3650,118,3.23,27,22,E,-120.614488674173,39.76305498700677,State,True
6194,89,,2,PLU,,8.71,,B,"BLAIRSDEN, JCT. RTE. 70",2650,161,6.07,36,22,E,-120.62009441936239,39.78445592322762,State,True
6196,89,,2,PLU,,8.72,,A,"BLAIRSDEN, JCT. RTE. 70",2350,245,10.42,38,22,E,-120.98391085089106,40.038682241079975,State,True
6198,89,,2,SHA,,0.0,,A,"JCT. RTE. 44, LASSEN NATIONAL PARK",1450,282,19.42,45,22,E,-121.42461401123077,40.68064125494642,State,True
6200,89,,2,SHA,,21.719,,A,"FOUR CORNERS, JCT. RTE. 299",1700,373,21.94,97,20,E,-121.60664413421821,40.9381715368852,State,True
6202,89,,2,SHA,,21.719,,B,"FOUR CORNERS, JCT. RTE. 299",1600,288,18.01,83,20,E,-121.60664413421821,40.9381715368852,State,True
6204,89,,2,SHA,,30.0,,O,LAKE BRITTON ROAD,1350,438,32.47,115,20,E,-121.62552549888332,41.02667536192915,State,True
6206,89,,2,SHA,,43.345,,B,SHASTA/SISKIYOU COUNTY LINE,1150,240,20.91,62,20,E,-121.71807532395512,41.18330369992974,State,True
6208,89,,2,SIS,R,34.622,,B,JCT. RTE. 5,3400,397,11.69,87,20,E,-122.3020671095511,41.28501658829463,State,True
6210,89,,2,SIS,,14.34,,A,MILITARY PASS ROAD,1700,260,15.28,69,20,E,-121.94318566915544,41.26361341285661,State,True
6212,89,,2,SIS,,24.75,,B,BROADWAY/SOUTHERN AVENUE,1950,263,13.5,63,20,E,-122.1362726177826,41.251190147678265,State,True
6214,89,,2,TEH,R,0.01,,A,JCT. RTE. 36,410,4,0.98,0,22,E,-121.53600634793332,40.366279433144655,State,True
6216,89,,2,TEH,,4.403,,B,"JCT. RTE. 44, LASSEN NATIONAL PARK",410,4,0.98,0,22,E,-121.53425544969787,40.42414618109606,State,True
6218,89,,3,ED,,0.0,,A,ALPINE/EL DORADO COUNTY LINE; LUTHER PASS (ELEV. 7740),1550,207,13.33,48,6,E,-119.94561486358151,38.787613393895015,State,True
6220,89,,3,ED,,11.686,,A,FALLEN LEAF LAKE ROAD,2650,108,4.09,6,5,E,-120.04964771818295,38.93360021213553,State,True
6222,89,,3,ED,,11.686,,B,FALLEN LEAF LAKE ROAD,1550,23,1.51,2,14,V,-120.04964771818295,38.93360021213553,State,True
6224,89,,3,ED,,19.54,,A,BLISS MEMORIAL STATE PARK ROAD,1900,78,4.09,5,6,E,-120.10302982456567,38.977699432147396,State,True
6226,89,,3,ED,,8.55,,B,JCT. RTE. 50,4400,270,6.14,39,6,E,-120.02232262463171,38.85102246321718,State,True
6228,89,,3,ED,,8.56,,A,JCT. RTE. 50,6600,106,1.61,7,6,E,-120.00462015235163,38.91348819727764,State,True
6230,89,,3,NEV,,5.04,,B,HOBART MILLS ROAD,1950,247,12.68,39,6,E,-120.18798250834647,39.398445114227016,State,True
6232,89,,3,PLA,T,8.569,,A,"TAHOE CITY, JCT. RTE. 28 EAST",19700,1456,7.39,112,6,E,-120.14520465636328,39.16775073568718,State,True
6234,89,,3,PLA,T,8.569,,B,"TAHOE CITY, JCT. RTE. 28 EAST",9700,610,6.29,47,6,E,-120.14520465636328,39.16775073568718,State,True
6236,89,,3,PLA,,13.72,,A,SQUAW VALLEY ROAD,14400,1276,8.86,54,24,V,-120.19946100857041,39.204812024969364,State,True
6238,89,,3,PLA,,5.812,,B,WARD CREEK BRIDGE,7000,280,4.0,29,5,E,-120.15764532861331,39.13255938817968,State,True
6240,89,,3,SIE,,15.055,,A,"SIERRAVILLE, JCT. RTE. 49 NORTH",1500,200,13.33,27,6,E,-120.36705069090777,39.58956225190409,State,True
6242,89,,3,SIE,,15.055,,B,"SIERRAVILLE, JCT. RTE. 49 NORTH",1850,235,12.68,37,6,E,-120.36705069090777,39.58956225190409,State,True
6244,89,,3,SIE,,19.958,,A,JCT. RTE. 49 WEST,1450,132,9.09,21,4,E,-120.43532014709952,39.62411595020863,State,True
6246,89,,3,SIE,,19.958,,B,JCT. RTE. 49 WEST,990,132,13.33,18,6,E,-120.43532014709952,39.62411595020863,State,True
6248,89,,9,MNO,,0.0,,A,"SLINKARD JUNCTION, JCT. RTE. 395",220,33,15.0,2,22,V,-119.52760686364901,38.642662233947554,State,True
6250,89,,9,MNO,,7.596,,O,MONO/ALPINE COUNTY LINE,430,21,4.8,3,96,V,-119.59307527936011,38.680784081004,State,True
6252,8,,11,IMP,R,10.01,,A,JCT. RTE. 98,15600,2168,13.9,472,5,E,-116.02564458442922,32.72662281572906,State,True
6254,8,,11,IMP,R,10.01,,B,JCT. RTE. 98,17600,2446,13.9,533,5,E,-116.02564458442922,32.72662281572906,State,True
6256,8,,11,IMP,R,23.48,,A,DUNAWAY ROAD,16300,2628,16.12,605,21,V,-115.80052530728001,32.76874169001847,State,True
6258,8,,11,IMP,R,29.933,,B,DREW ROAD,21700,3524,16.24,838,5,E,-115.6903458345516,32.77384599371932,State,True
6260,8,,11,IMP,R,37.972,,A,JCT. RTE. 86,42000,4271,10.17,969,5,E,-115.55222553512843,32.77369873872422,State,True
6262,8,,11,IMP,R,37.972,,B,JCT. RTE. 86,42000,4494,10.7,1020,5,E,-115.55222553512843,32.77369873872422,State,True
6264,8,,11,IMP,R,40.944,,A,JCT. RTE. 111,28500,5683,19.94,946,22,V,-115.50121572400246,32.77367349526683,State,True
6266,8,,11,IMP,R,40.944,,B,JCT. RTE. 111,32000,5706,17.83,873,22,E,-115.50121572400246,32.77367349526683,State,True
6268,8,,11,IMP,R,47.783,,A,JCT RTE 7/ORCHARD ROAD,16900,3895,23.05,973,23,V,-115.38372639660079,32.773189453362576,State,True
6270,8,,11,IMP,R,53.497,,A,JCT. RTE. 115 NORTH,17000,4009,23.58,972,23,V,-115.28562239143355,32.772870018283356,State,True
6272,8,,11,IMP,R,53.497,,B,JCT. RTE. 115 NORTH,16100,3946,24.51,939,23,V,-115.28562239143355,32.772870018283356,State,True
6274,8,,11,IMP,R,65.752,,A,EAST JCT. RTE. 98 WEST,23800,4160,17.48,373,23,V,-115.08941058481864,32.710490133189026,State,True
6276,8,,11,IMP,R,65.752,,B,EAST JCT. RTE. 98 WEST,21700,4613,21.26,1098,22,V,-115.08941058481864,32.710490133189026,State,True
6278,8,,11,IMP,R,96.544,,X,4TH AVENUE,15500,3984,25.7,989,16,E,-114.62462923313169,32.731662373756656,State,True
6280,8,,11,SD,L,2.379,,A,JCT RTE 5 LT LANES,127500,3570,2.8,331,83,V,-117.20399985505831,32.759105120671734,State,True
6282,8,,11,SD,L,2.379,,B,JCT RTE 5 LT LANES,97000,1164,1.2,73,78,V,-117.20399985505831,32.759105120671734,State,True
6284,8,,11,SD,R,18.727,,A,GREENFIELD DRIVE,82000,9701,11.83,855,17,V,-116.91718524000322,32.81157599065935,State,True
6286,8,,11,SD,R,18.727,,B,GREENFIELD DRIVE,110000,10857,9.87,956,23,E,-116.91718524000322,32.81157599065935,State,True
6288,8,,11,SD,R,37.831,,A,JCT. RTE. 79 NORTH,24600,3346,13.6,732,0,E,-116.62577035507312,32.82723643476996,State,True
6290,8,,11,SD,R,37.831,,B,JCT. RTE. 79 NORTH,24400,2928,12.0,593,86,E,-116.62577035507312,32.82723643476996,State,True
6292,8,,11,SD,R,51.98,,B,CAMERON ROAD,17500,2249,12.85,462,17,E,-116.47078546269664,32.71838042605435,State,True
6294,8,,11,SD,R,65.904,,A,JCT. RTE. 94 SOUTH,16300,5006,30.71,801,23,V,-116.29123897036568,32.67690577599895,State,True
6296,8,,11,SD,R,65.904,,B,JCT. RTE. 94 SOUTH,17500,2431,13.89,530,5,V,-116.29123897036568,32.67690577599895,State,True
6298,8,,11,SD,T,0.407,,A,"SAN DIEGO, SUNSET CLIFFS BOULEVARD",12200,122,1.0,8,78,E,-117.23708256208253,32.75420630633798,State,True
6300,8,,11,SD,,10.57,,A,FLETCHER PARKWAY,120000,5280,4.4,638,78,V,-117.03008248567369,32.773290535709094,State,True
6302,8,,11,SD,,10.57,,B,FLETCHER PARKWAY,140000,5180,3.7,624,84,V,-117.03008248567369,32.773290535709094,State,True
6304,8,,11,SD,,15.8,,A,"EL CAJON, JCT. RTE. 67 NORTH",187500,5438,2.9,749,78,V,-116.96260107386999,32.80294323378526,State,True
6306,8,,11,SD,,15.8,,B,"EL CAJON, JCT. RTE. 67 NORTH",170000,7990,4.7,1084,78,V,-116.96260107386999,32.80294323378526,State,True
6308,8,,11,SD,,2.41,,A,"SAN DIEGO, JCT. RTE. 163",185000,5180,2.8,377,83,E,-117.16378119192846,32.76233518713178,State,True
6310,8,,11,SD,,2.41,,B,"SAN DIEGO, JCT. RTE. 163",165000,4455,2.7,324,83,E,-117.16378119192846,32.76233518713178,State,True
6312,8,,11,SD,,4.378,,B,"SAN DIEGO, JCT. RTE. 805",167500,5360,3.2,431,83,E,-117.13179354740527,32.771740882316635,State,True
6314,8,,11,SD,,5.638,,A,JCT. RTE. 15,247500,8663,3.5,941,84,E,-117.11232436204918,32.77851109583153,State,True
6316,8,,11,SD,,5.638,,B,JCT. RTE. 15,235000,7050,3.0,868,83,V,-117.11232436204918,32.77851109583153,State,True
6318,8,,11,SD,,8.336,,A,COLLEGE AVENUE,215000,4322,2.01,525,22,V,-117.06639815035372,32.77933912629271,State,True
6320,905,,11,SD,R,11.736,,B,MEXICO BORDER POE-TRUCK ENTRANCE,2350,2130,90.64,629,16,V,-116.93900936606317,32.55020884967024,State,True
6322,905,,11,SD,,3.19,R,A,"SAN DIEGO, JCT. RTE. 5",10300,824,8.0,114,87,E,-117.07340396932076,32.56489949615726,State,True
6323,905,,11,SD,,3.818,,B,"SAN DIEGO, BEYER BOULEVARD",56000,4536,8.1,630,87,E,-117.06356414260044,32.56822085930095,State,True
6325,905,,11,SD,,5.164,,A,JCT. RTE. 805,83000,13703,16.51,2358,22,V,-117.04062161580839,32.56807378436004,State,True
6327,905,,11,SD,,5.164,,B,JCT. RTE. 805,67000,5427,8.1,753,87,E,-117.04062161580839,32.56807378436004,State,True
6329,90,,12,ORA,R,5.453,,B,"BREA, JCT. RTE. 57",69800,4258,6.1,633,18,E,-117.88361878307241,33.91070191163037,State,True
6331,90,,12,ORA,,0.5,,A,"LA HABRA, JCT. RTE. 39",46500,3023,6.5,488,18,E,-117.96811660311245,33.91729912329456,State,True
6333,90,,12,ORA,,12.828,,B,"ANAHEIM, JCT. RTE. 91",64900,3245,5.0,279,18,E,-117.79063509327793,33.8543895742491,State,True
6335,90,,12,ORA,,2.497,,A,"LA HABRA, HARBOR BOULEVARD",47100,2873,6.1,397,18,E,-117.93305281264607,33.91732322927686,State,True
6337,90,,12,ORA,,2.497,,B,"LA HABRA, HARBOR BOULEVARD",48200,3711,7.7,666,18,E,-117.93305281264607,33.91732322927686,State,True
6339,90,,12,ORA,,4.391,,A,"BREA, BREA BOULEVARD",65800,4409,6.7,548,18,E,-117.900387736889,33.91645085107568,State,True
6341,90,,12,ORA,,4.391,,B,"BREA, BREA BOULEVARD",47100,3014,6.4,407,18,E,-117.900387736889,33.91645085107568,State,True
6343,90,,12,ORA,,7.271,,A,"BREA, JCT. RTE. 142 NORTHEAST",50000,2450,4.9,230,18,E,-117.85236430755147,33.909634080752504,State,True
6345,90,,12,ORA,,7.271,,B,"BREA, JCT. RTE. 142 NORTHEAST",61000,4392,7.2,538,18,E,-117.85236430755147,33.909634080752504,State,True
6347,90,,7,LA,T,3.278,,B,"CULVER CITY, SLAUSON AVENUE",32000,778,2.43,64,6,V,-118.38933015220312,33.98881052228074,State,True
6349,90,,7,LA,,0.921,,A,"LOS ANGELES, JCT. RTE. 1",29500,982,3.33,117,6,E,-118.44260799921567,33.98452912175933,State,True
6351,90,,7,LA,,1.746,,A,"LOS ANGELES, CULVER BOULEVARD",65000,2457,3.78,293,6,V,-118.4283035652962,33.98149786025877,State,True
6353,90,,7,LA,,2.65,,A,"CULVER CITY, JCT. RTE. 405",32000,778,2.43,64,6,V,-118.39899028891715,33.98764892297605,State,True
6355,90,,7,LA,,2.65,,B,"CULVER CITY, JCT. RTE. 405",79000,2986,3.78,356,6,E,-118.39899028891715,33.98764892297605,State,True
6357,91,,12,ORA,R,11.54,,A,"PERALTA, JCT. RTE. 90 WEST",156800,7448,4.75,1375,18,E,-117.79055876342825,33.85425213274072,State,True
6359,91,,12,ORA,R,11.54,,B,"PERALTA, JCT. RTE. 90 WEST",207600,10380,5.0,1787,18,E,-117.79055876342825,33.85425213274072,State,True
6361,91,,12,ORA,R,12.08,,A,E/O IMPERIAL HIGHWAY; RTE. 90,152900,10932,7.15,2449,21,V,-117.78214417139837,33.85787592289594,State,True
6363,91,,12,ORA,R,2.615,,A,"BUENA PARK, JCT. RTE. 39/BEACH BOULEVARD",182100,14714,8.08,2804,19,E,-117.99801390839372,33.85598415411033,State,True
6365,91,,12,ORA,R,2.615,,B,"BUENA PARK, JCT. RTE. 39/BEACH BOULEVARD",196800,15901,8.08,3030,19,E,-117.99801390839372,33.85598415411033,State,True
6367,91,,12,ORA,R,3.638,R,A,"FULLERTON, JCT. RTE. 5",173800,13035,7.5,1743,19,E,-117.9802372667122,33.85663941184472,State,True
6368,91,,12,ORA,R,9.187,,A,JCT. RTE. 55 SOUTH,183300,15581,8.5,2485,19,E,-117.827165846078,33.84409727134673,State,True
6370,91,,12,ORA,R,9.187,,B,JCT. RTE. 55 SOUTH,188700,16040,8.5,2176,19,E,-117.827165846078,33.84409727134673,State,True
6372,91,,12,ORA,,3.258,,A,"FULLERTON, HARBOR BOULEVARD",205100,15383,7.5,2407,19,E,-117.92424708875159,33.853810913678885,State,True
6374,91,,12,ORA,,3.258,,B,"FULLERTON, HARBOR BOULEVARD",202700,14392,7.1,2262,19,E,-117.92424708875159,33.853810913678885,State,True
6376,91,,12,ORA,,5.258,,A,"ANAHEIM, STATE COLLEGE BOULEVARD",194500,16922,8.7,2598,19,E,-117.88954831881942,33.85413328763953,State,True
6378,91,,12,ORA,,5.258,,B,"ANAHEIM, STATE COLLEGE BOULEVARD",202400,18216,9.0,2692,19,E,-117.88954831881942,33.85413328763953,State,True
6380,91,,12,ORA,,6.119,,A,"ANAHEIM, JCT. RTE. 57",227900,19827,8.7,3650,19,E,-117.87588540777699,33.84964869136376,State,True
6382,91,,7,LA,R,11.681,,A,"LONG BEACH, JCT. RTE. 710",269000,20794,7.73,3707,12,E,-118.19320733270025,33.87533244367935,State,True
6384,91,,7,LA,R,11.681,,B,"LONG BEACH, JCT. RTE. 710",218000,15522,7.12,2230,12,E,-118.19320733270025,33.87533244367935,State,True
6386,91,,7,LA,R,13.094,,A,"LONG BEACH, CHERRY AVENUE ",272000,21026,7.73,3749,12,V,-118.16901718342082,33.87610408913022,State,True
6388,91,,7,LA,R,14.618,,A,"BELLFLOWER, JCT. RTE. 19",256000,19789,7.73,3528,12,E,-118.14262999839987,33.877032810242596,State,True
6390,91,,7,LA,R,14.618,,B,"BELLFLOWER, JCT. RTE. 19",267000,20639,7.73,3680,12,E,-118.14262999839987,33.877032810242596,State,True
6392,91,,7,LA,R,16.941,,A,"CERRITOS, JCT. RTE. 605",284000,16046,5.65,2558,12,E,-118.10248330020576,33.876348721999456,State,True
6394,91,,7,LA,R,16.941,,B,"CERRITOS, JCT. RTE. 605",266000,20562,7.73,3666,12,E,-118.10248330020576,33.876348721999456,State,True
6396,91,,7,LA,R,20.741,,B,LOS ANGELES/ORANGE COUNTY LINE,245000,15411,6.29,2413,12,E,-118.04190725236411,33.8619500062555,State,True
6398,91,,7,LA,R,6.344,,A,"LOS ANGELES, JCT. RTE. 110",194000,13813,7.12,1984,12,E,-118.28499352959344,33.872681685260694,State,True
6400,91,,7,LA,R,7.426,,A,"CARSON, AVALON BOULEVARD ",197000,18262,9.27,2803,22,E,-118.26621159495558,33.87317548900607,State,True
6402,91,,7,LA,,6.354,,B,"LOS ANGELES, JCT. RTE. 110",63000,3452,5.48,496,12,E,-118.28499352959344,33.872681685260694,State,True
6404,91,,8,RIV,R,2.087,,A,JCT. RTE. 71 NORTH,250000,16275,6.51,3043,0,E,-117.64026822058818,33.88350263134037,State,True
6406,91,,8,RIV,R,2.087,,B,JCT. RTE. 71 NORTH,248000,14806,5.97,2783,0,E,-117.64026822058818,33.88350263134037,State,True
6408,91,,8,RIV,,11.991,,B,"RIVERSIDE, LA SIERRA AVENUE",214000,18147,8.48,3394,0,E,-117.4733079221934,33.90004419712834,State,True
6410,91,,8,RIV,,14.079,,A,"RIVERSIDE, VAN BUREN STREET",210000,10500,5.0,1134,81,V,-117.44181948494833,33.91477488870737,State,True
6412,91,,8,RIV,,14.079,,B,"RIVERSIDE, VAN BUREN STREET",226000,11300,5.0,1220,81,E,-117.44181948494833,33.91477488870737,State,True
6414,91,,8,RIV,,19.999,,B,"RIVERSIDE, 14TH STREET",210000,10500,5.0,1134,81,E,-117.3731419187331,33.97380409681867,State,True
6416,91,,8,RIV,,22.068,,B,"RIVERSIDE, JCT. RTE. 60, JCT. RTE. 215 NORTH, END ROUTE 91",219000,10950,5.0,1183,81,E,-117.35583236057514,33.99533697805964,State,True
6418,91,,8,RIV,,6.343,,A,"CORONA, MAIN STREET",228000,13817,6.06,2584,0,E,-117.56599566022089,33.88000937385025,State,True
6420,91,,8,RIV,,6.343,,B,"CORONA, MAIN STREET",242000,15754,6.51,2946,0,E,-117.56599566022089,33.88000937385025,State,True
6422,91,,8,RIV,,9.18,,A,MC KINLEY STREET,229000,17610,7.69,3293,0,E,-117.51790339298314,33.88619919516015,State,True
6424,91,,8,RIV,,9.18,,B,MC KINLEY STREET,242000,16359,6.76,3059,0,E,-117.51790339298314,33.88619919516015,State,True
6426,92,,4,ALA,,6.392,,A,"HAYWARD, JCT. RTE. 880",42000,882,2.1,81,94,V,-122.09413376441043,37.644065492194834,State,True
6428,92,,4,ALA,,6.392,,B,"HAYWARD, JCT. RTE. 880",105000,7350,7.0,1248,94,V,-122.09413376441043,37.644065492194834,State,True
6430,92,,4,ALA,,6.798,,B,"HAYWARD, JCT. RTES.  185/238",38500,562,1.46,51,3,V,-122.0912051622611,37.649689581780834,State,True
6432,92,,4,SM,R,11.208,,B,JCT. RTE. 82,62000,1426,2.3,166,94,V,-122.31197946534913,37.55020762265571,State,True
6434,92,,4,SM,R,12.143,,A,"SAN MATEO, JCT. RTE. 101",140000,6300,4.5,977,94,V,-122.29575707799243,37.55300282473025,State,True
6436,92,,4,SM,R,12.143,,B,"SAN MATEO, JCT. RTE. 101",110000,2926,2.66,292,12,V,-122.29575707799243,37.55300282473025,State,True
6438,92,,4,SM,R,13.831,,A,FOSTER CITY BOULEVARD,90000,5643,6.27,719,22,V,-122.27042480257595,37.56617108032306,State,True
6440,92,,4,SM,R,14.443,,B,SAN MATEO/HAYWARD BRIDGE,102000,6630,6.5,1116,94,V,-122.26312053722036,37.57289463001515,State,True
6442,92,,4,SM,,0.0,,A,"HALF MOON BAY, JCT. RTE. 1",15600,576,3.69,102,3,V,-122.43352218265393,37.467988724953116,State,True
6444,92,,4,SM,,5.191,,A,JCT. RTE. 35 SOUTH,25500,1377,5.4,237,94,V,-122.36895198341232,37.49554985834016,State,True
6446,92,,4,SM,,5.191,,B,JCT. RTE. 35 SOUTH,24400,900,3.69,159,3,E,-122.36895198341232,37.49554985834016,State,True
6448,94,,11,SD,R,13.333,,B,AVOCADO BOULEVARD,62000,874,1.41,105,23,E,-116.96453588419355,32.74462762828887,State,True
6450,94,,11,SD,,1.416,,A,"BEGIN RTE AT JCT RTE 5 and EB ON FRM """"G"""" ST / 17TH",130000,4680,3.6,505,86,V,-117.14767323107435,32.712775531675774,State,True
6452,94,,11,SD,,14.86,,A,JCT. RTE. 54 NORTH,24300,1458,6.0,139,96,E,-116.94252854134152,32.73960282664324,State,True
6454,94,,11,SD,,14.86,,B,JCT. RTE. 54 NORTH,88000,4048,4.6,660,96,E,-116.94252854134152,32.73960282664324,State,True
6456,94,,11,SD,,19.4,,A,LYONS VALLEY ROAD,15700,1099,7.0,122,96,E,-116.8809663705917,32.72056630926422,State,True
6458,94,,11,SD,,19.4,,B,LYONS VALLEY ROAD,23400,1404,6.0,134,96,E,-116.8809663705917,32.72056630926422,State,True
6460,94,,11,SD,,3.172,,A,"SAN DIEGO, JCT. RTE. 15",175000,7350,4.2,516,80,E,-117.11815505796213,32.71635733935544,State,True
6462,94,,11,SD,,3.172,,B,"SAN DIEGO, JCT. RTE. 15",182500,4928,2.7,304,81,V,-117.11815505796213,32.71635733935544,State,True
6464,94,,11,SD,,38.97,,B,JCT. RTE. 188 SOUTH,7700,639,8.3,121,96,E,-116.64322980342443,32.598032772932555,State,True
6466,94,,11,SD,,4.086,,A,"SAN DIEGO, JCT. RTE. 805",217500,8483,3.9,766,86,E,-117.10277108083648,32.71895509536466,State,True
6468,94,,11,SD,,52.15,,A,BUCKMAN SPRINGS ROAD,2350,369,15.7,54,96,E,-116.47138419073184,32.629208549133814,State,True
6470,94,,11,SD,,52.15,,B,BUCKMAN SPRINGS ROAD,2350,195,8.3,37,96,E,-116.47138419073184,32.629208549133814,State,True
6472,94,,11,SD,,65.375,,B,JCT. RTE. 8,1600,251,15.7,37,96,E,-116.29129528125927,32.677103495919184,State,True
6474,94,,11,SD,,7.758,,B,COLLEGE AVENUE,162500,6338,3.9,572,86,V,-117.05066256993096,32.741698847270555,State,True
6476,95,,8,RIV,L,0.157,,A,JCT. RTE. 10,4600,552,12.0,87,93,E,-114.57067578205857,33.60743439633622,US,True
6478,95,,8,RIV,,0.0,,A,HOBSON WAY,2950,354,12.0,56,93,V,-114.57078009442935,33.610820761069604,US,True
6480,95,,8,RIV,,10.54,,B,PALO VERDE DAM ROAD,1300,234,18.0,37,93,V,-114.51610622144781,33.7316074806594,US,True
6482,95,,8,SBD,R,57.207,,A,EAST JCT. RTE. 40,4600,726,15.79,195,94,V,-114.75527164082118,34.87753515429751,US,True
6484,95,,8,SBD,R,57.244,,A,WEST JCT. RTE. 40,3000,371,12.38,103,94,V,-114.75539758911557,34.87807927100997,US,True
6486,95,,8,SBD,,37.3,,A,HAVASU LAKE ROAD,4400,815,18.53,220,98,E,-114.64519167357847,34.55790433507119,US,True
6488,95,,8,SBD,,80.453,,B,NEVADA STATE LINE,3200,384,12.0,106,94,E,-114.84932159941684,35.175957195735954,US,True
6490,95,,8,SBD,,9.684,,A,JCT. RTE. 62,3400,856,25.19,237,98,V,-114.57426155124558,34.18853507871972,US,True
6492,95,,8,SBD,,9.684,,B,JCT. RTE. 62,850,116,13.6,33,92,V,-114.57426155124558,34.18853507871972,US,True
6494,96,,1,HUM,,0.0,,A,"WILLOW CREEK, JCT. RTE. 299",3100,370,11.92,37,16,E,-123.63145737216755,40.93937938576576,State,True
6496,96,,1,HUM,,23.086,,A,"WEITCHPEC, JCT. RTE. 169",580,72,12.41,6,21,E,-123.7046973981675,41.18657501532763,State,True
6498,96,,1,HUM,,23.086,,B,"WEITCHPEC, JCT. RTE. 169",1100,131,11.92,13,18,E,-123.7046973981675,41.18657501532763,State,True
6500,96,,2,SIS,R,52.509,,B,THOMPSON CREEK BRIDGE,570,51,8.87,7,23,E,-123.31057798397187,41.86337833330324,State,True
6502,96,,2,SIS,,103.418,,A,JCT. RTE. 263 SOUTH,920,49,5.33,13,23,E,-122.59123744864094,41.832305484282784,State,True
6504,96,,2,SIS,,103.418,,B,JCT. RTE. 263 SOUTH,810,126,15.56,21,20,E,-122.59123744864094,41.832305484282784,State,True
6506,96,,2,SIS,,105.823,,B,JCT. RTE. 5,450,49,10.89,13,23,E,-122.57107845775796,41.8580277012595,State,True
6508,96,,2,SIS,,23.268,,A,SWILLUP CREEK BRIDGE,70,18,25.71,4,23,E,-123.50144401963726,41.608382684821066,State,True
6510,96,,2,SIS,,38.758,,A,BENJAMIN CREEK ROAD,300,21,7.0,5,23,E,-123.40326143613713,41.770164134123526,State,True
6512,96,,2,SIS,,41.021,,O,INDIAN CREEK BRIDGE,730,42,5.75,10,23,E,-123.37954071588247,41.790747414729154,State,True
6514,96,,2,SIS,,41.25,,O,"HAPPY CAMP, SECOND STREET",1850,46,2.49,6,20,E,-123.37647687596038,41.792874550237535,State,True
6516,96,,2,SIS,,41.67,,A,DAVIS ROAD,700,31,4.45,4,20,E,-123.37455710343465,41.79878499205028,State,True
6518,96,,2,SIS,,41.67,,B,DAVIS ROAD,1550,46,2.99,6,23,E,-123.37455710343465,41.79878499205028,State,True
6520,96,,2,SIS,,60.757,,O,SEIAD MAINTENANCE STATION,610,55,9.02,6,23,E,-123.18813671422772,41.83809307420951,State,True
6522,96,,2,SIS,,71.33,,A,SCOTT BAR ROAD,450,45,10.0,10,23,E,-123.03616225243812,41.777659792104245,State,True
6524,97,,2,SIS,L,0.0,,A,"WEED, JCT. RTE. 5",9900,961,9.71,262,23,E,-122.38355019158247,41.41826768993752,US,True
6526,97,,2,SIS,,0.05,,A,JCT. RTE. 265,7500,1030,13.73,281,23,E,-122.38735446428426,41.42294317606086,US,True
6528,97,,2,SIS,,20.19,,B,GRASS LAKE STATE HIGHWAY MAINTENANCE STATION,3600,1050,29.17,289,23,E,-122.19257863171899,41.633908829890046,US,True
6530,97,,2,SIS,,36.15,,B,1.7-MI. S/O BALL MOUNTAIN RD,3800,1414,37.21,350,22,V,-122.04741546590817,41.77888699570891,US,True
6532,97,,2,SIS,,4.43,,A,"WEED, BIG SPRINGS ROAD",4000,1025,25.63,296,23,E,-122.35161402411832,41.47274795784472,US,True
6534,97,,2,SIS,,4.43,,B,"WEED, BIG SPRINGS ROAD",6300,1128,17.9,308,23,E,-122.35161402411832,41.47274795784472,US,True
6536,97,,2,SIS,,45.248,,B,SAMS NECK ROAD,2800,1295,46.25,338,23,E,-121.96379991005476,41.89461054599404,US,True
6538,97,,2,SIS,,49.827,,O,DORRIS QUARANTINE STATION,4050,1355,33.46,360,23,E,-121.92386971392897,41.953916370327384,US,True
6540,97,,2,SIS,,50.89,,B,"DORRIS, FIRST/MAIN STREETS",4950,1365,27.58,366,23,E,-121.91821324806197,41.96695473176328,US,True
6542,97,,2,SIS,,53.809,,A,JCT. RTE. 161 EAST,3250,1185,36.46,327,23,E,-121.8917978200085,42.0001201990397,US,True
6544,97,,2,SIS,,53.809,,B,JCT. RTE. 161 EAST,4600,1322,28.74,365,23,E,-121.8917978200085,42.0001201990397,US,True
6546,97,,2,SIS,,54.089,,B,OREGON STATE LINE,3250,1185,36.46,327,23,E,-121.88913530333791,42.00335013675991,US,True
6548,980,,4,ALA,,0.009,,A,"OAKLAND, JCT. RTE. 880",88000,6186,7.03,1084,0,V,-122.27616612510127,37.79914822373757,Interstate,True
6550,980,,4,ALA,,0.702,,A,"OAKLAND, FOURTEENTH STREET",101000,6565,6.5,737,94,E,-122.27781490195689,37.806873571914046,Interstate,True
6552,980,,4,ALA,,2.036,,B,"OAKLAND, JCT. RTE. 580",84000,2428,2.89,256,0,V,-122.26804083640694,37.82422915768467,Interstate,True
6554,98,,11,IMP,R,0.304,,A,WEST JCT. RTE. 8,1950,137,7.0,28,94,E,-116.02107026508612,32.72683527229892,State,True
6556,98,,11,IMP,R,56.884,,B,EAST JCT. RTE. 8,3100,821,26.49,104,4,E,-115.08933240443946,32.71062836879351,State,True
6558,98,,11,IMP,,22.197,,A,DREW ROAD (SUNSET BOULEVARD),2550,311,12.2,74,80,E,-115.67143817889306,32.6790317803741,State,True
6560,98,,11,IMP,,22.197,,B,DREW ROAD (SUNSET BOULEVARD),2550,273,10.7,69,80,E,-115.67143817889306,32.6790317803741,State,True
6562,98,,11,IMP,,31.92,,B,"CALEXICO, CESAR CHAVEZ BOULEVARD",23300,1188,5.1,176,81,V,-115.50538917464164,32.679131690175154,State,True
6564,98,,11,IMP,,32.314,,A,JCT. RTE. 111,17600,669,3.8,75,78,V,-115.49872065958904,32.67901098103509,State,True
6566,98,,11,IMP,,32.314,,B,JCT. RTE. 111,22000,1430,6.5,252,78,V,-115.49872065958904,32.67901098103509,State,True
6568,98,,11,IMP,,34.46,,A,BOWKER ROAD,6200,1707,27.54,426,4,E,-115.46505612273846,32.686654756701785,State,True
6570,98,,11,IMP,,34.46,,B,BOWKER ROAD,7000,777,11.1,94,81,E,-115.46505612273846,32.686654756701785,State,True
6572,98,,11,IMP,,35.197,,B,"CALEXICO, COLE ROAD",6700,606,9.05,112,22,V,-115.45550975855346,32.693504476363735,State,True
6574,98,,11,IMP,,39.654,,A,JCT. RTE. 7,3400,563,16.56,143,23,V,-115.3793005822489,32.693771850938084,State,True
6576,98,,11,IMP,,39.654,,B,JCT. RTE. 7,10100,1790,17.72,319,23,V,-115.3793005822489,32.693771850938084,State,True
6578,99,,10,MER,,13.861,,A,"MERCED, JCT. RTE. 140 EAST",42500,8755,20.6,2411,91,V,-120.46804820463946,37.29494386105571,State,True
6580,99,,10,MER,,13.861,,B,"MERCED, JCT. RTE. 140 EAST",44000,12012,27.3,3328,91,V,-120.46804820463946,37.29494386105571,State,True
6582,99,,10,MER,,15.799,,A,"MERCED, JCT. RTE. 140 WEST; JCT. RTE. 59 NORTH",62000,12400,20.0,3160,89,E,-120.50073157638394,37.30331435094614,State,True
6584,99,,10,MER,,23.462,,A,"ATWATER, WEST ATWATER BOULEVARD",54000,13284,24.6,3380,89,V,-120.62321793257219,37.35040721896293,State,True
6586,99,,10,SJ,,1.708,,A,MILGEO AVENUE,155000,20925,13.5,4999,3,E,-121.13324833601193,37.746672860253554,State,True
6588,99,,10,SJ,,11.468,,A,TURNER STATION/FRENCH CAMP ROAD,93000,14973,16.1,2952,7,V,-121.21860697026625,37.859492383093304,State,True
6590,99,,10,SJ,,16.698,,A,"STOCKTON,  MARIPOSA ROAD",92000,12144,13.2,2719,3,E,-121.2339171220452,37.93376506091748,State,True
6592,99,,10,SJ,,16.698,,B,"STOCKTON,  MARIPOSA ROAD",81000,10862,13.41,2429,4,E,-121.2339171220452,37.93376506091748,State,True
6594,99,,10,SJ,,17.216,,A,JCT. RTE. 4 EAST,94000,12408,13.2,2778,3,E,-121.23484615522045,37.941252910878035,State,True
6596,99,,10,SJ,,18.022,,A,JCT. RTE. 26 WEST,132000,17424,13.2,3900,3,E,-121.2383811399495,37.952639726652286,State,True
6598,99,,10,SJ,,19.29,,A,JCT. RTE. 26 EAST,125000,16625,13.3,3722,3,E,-121.24573914162703,37.96996186328858,State,True
6600,99,,10,SJ,,20.336,,A,JCT. RTE. 88 NORTHEAST,124000,16492,13.3,3691,3,E,-121.25006325141743,37.98470464667903,State,True
6602,99,,10,SJ,,21.674,,A,WILSON WAY,125000,16625,13.3,3722,3,E,-121.25713162187431,38.00340291793921,State,True
6604,99,,10,SJ,,21.674,,B,WILSON WAY,82000,10906,13.3,2441,3,E,-121.25713162187431,38.00340291793921,State,True
6606,99,,10,SJ,,29.499,,A,"LODI, JCT. RTE. 12 WEST",94000,12596,13.4,2711,3,E,-121.2577896944138,38.11627901369291,State,True
6608,99,,10,SJ,,29.499,,B,"LODI, JCT. RTE. 12 WEST",88000,11704,13.3,2620,3,E,-121.2577896944138,38.11627901369291,State,True
6610,99,,10,SJ,,30.974,,A,"LODI, JCT. RTE. 12 EAST",86000,11524,13.4,2480,3,E,-121.2576196298558,38.1375462222298,State,True
6612,99,,10,SJ,,35.597,,A,JAHANT ROAD,68000,9112,13.4,1961,3,E,-121.26294604660251,38.20399653417185,State,True
6614,99,,10,SJ,,6.654,,A,"MANTECA, NORTH JCT. RTE. 120",93000,13773,14.81,3080,4,E,-121.19109788377854,37.79725483988385,State,True
6616,99,,10,SJ,,6.654,,B,"MANTECA, NORTH JCT. RTE. 120",83000,11205,13.5,2677,3,E,-121.19109788377854,37.79725483988385,State,True
6618,99,,10,STA,M,18.52,,A,"MODESTO, CARPENTER ROAD",148000,19980,13.5,4774,3,E,-121.03130602636665,37.66626755700905,State,True
6620,99,,10,STA,R,13.263,,A,"MODESTO, HATCH ROAD/9TH STREET",118000,14219,12.05,3478,4,E,-120.97640787460142,37.609302277184455,State,True
6622,99,,10,STA,R,13.263,,B,"MODESTO, HATCH ROAD/9TH STREET",117500,14711,12.52,3599,4,E,-120.97640787460142,37.609302277184455,State,True
6624,99,,10,STA,R,16.121,,A,"MODESTO, JCT. RTE. 132",145000,19575,13.5,4677,3,E,-121.00679511115716,37.63931911599296,State,True
6626,99,,10,STA,R,22.558,,A,"SALIDA, JCT. RTE. 219 EAST",134000,18090,13.5,4322,3,E,-121.08094172861995,37.70908347996467,State,True
6628,99,,10,STA,R,22.558,,B,"SALIDA, JCT. RTE. 219 EAST",137000,18495,13.5,4419,3,E,-121.08094172861995,37.70908347996467,State,True
6630,99,,10,STA,R,6.75,,A,TAYLOR ROAD,122000,19886,16.3,4917,7,V,-120.89199647159337,37.53693010780236,State,True
6632,99,,10,STA,,8.693,,O,FAITH HOME ROAD,109500,14980,13.68,3511,22,E,-120.92084667722327,37.56025080525267,State,True
6634,99,,2,TEH,,0.0,,A,BUTTE/TEHAMA COUNTY LINE,14600,1513,10.36,310,23,V,-121.97636623685011,39.883563324962225,State,True
6636,99,,2,TEH,,11.181,,O,SHERMAN STREET,8700,1337,15.37,309,21,V,-122.0954402463119,40.011985894317434,State,True
6638,99,,2,TEH,,19.517,,A,KAUFMAN AVENUE,10700,1693,15.82,382,20,E,-122.12214090384113,40.12775269479699,State,True
6640,99,,2,TEH,,19.517,,B,KAUFMAN AVENUE,8100,1454,17.95,343,21,V,-122.12214090384113,40.12775269479699,State,True
6642,99,,2,TEH,,24.943,,B,JCT. RTE. 36,10500,1622,15.45,369,21,V,-122.18605109108059,40.18570371909693,State,True
6644,99,,2,TEH,,4.491,,A,SOUTH AVENUE,8700,1699,19.53,383,20,E,-122.03306546943753,39.9318159322859,State,True
6646,99,,2,TEH,,5.42,,A,VINA ROAD,8200,1355,16.52,306,20,E,-122.046357457116,39.94027212669734,State,True
6648,99,,3,BUT,R,30.603,,A,"CHICO, SKYWAY OVERCROSSING",38500,2549,6.62,305,7,E,-121.80053309513774,39.71485653982993,State,True
6650,99,,3,BUT,R,30.603,,B,"CHICO, SKYWAY OVERCROSSING",37000,3848,10.4,643,6,E,-121.80053309513774,39.71485653982993,State,True
6652,99,,3,BUT,R,32.445,,A,"CHICO, JCT. RTE. 32 EAST",93000,6157,6.62,737,7,E,-121.8199334291189,39.73688573976855,State,True
6654,99,,3,BUT,R,34.245,,A,"CHICO, COHASSET HIGHWAY",52000,3442,6.62,412,7,E,-121.84503822056274,39.754269876180096,State,True
6656,99,,3,BUT,R,34.245,,B,"CHICO, COHASSET HIGHWAY",63000,5639,8.95,582,22,V,-121.84503822056274,39.754269876180096,State,True
6658,99,,3,BUT,,0.0,,A,SUTTER/BUTTE COUNTY LINE,17000,1229,7.23,303,5,E,-121.6726554782123,39.305135218871655,State,True
6660,99,,3,BUT,,11.159,,A,JCT. RTE. 162 WEST,12900,1290,10.0,288,96,E,-121.68846979956298,39.46521625491419,State,True
6662,99,,3,BUT,,11.159,,B,JCT. RTE. 162 WEST,12500,1250,10.0,279,96,E,-121.68846979956298,39.46521625491419,State,True
6664,99,,3,BUT,,13.161,,A,JCT. RTE. 162 EAST,10500,1050,10.0,234,96,E,-121.68866923274257,39.494239045130456,State,True
6666,99,,3,BUT,,13.161,,B,JCT. RTE. 162 EAST,12900,1290,10.0,288,96,E,-121.68866923274257,39.494239045130456,State,True
6668,99,,3,BUT,,2.79,,A,LIVE OAK GRIDLEY ROAD,14500,1305,9.0,283,96,E,-121.68683623657499,39.34379657269672,State,True
6670,99,,3,BUT,,4.38,,A,"GRIDLEY, SPRUCE STREET",17900,1611,9.0,349,96,E,-121.68789335603503,39.366984493232394,State,True
6672,99,,3,BUT,,4.38,,B,"GRIDLEY, SPRUCE STREET",19000,1710,9.0,371,96,E,-121.68789335603503,39.366984493232394,State,True
6674,99,,3,BUT,,40.22,,A,KEEFER ROAD,15900,1350,8.49,373,7,E,-121.91792712835579,39.813604410812594,State,True
6676,99,,3,SAC,R,24.351,,B,JCT. RTES. 50/51/5,194000,8749,4.51,1980,0,E,-121.47340102472945,38.55882676068821,State,True
6678,99,,3,SAC,R,32.124,,A,JCT. RTES. 50/51/5,197000,18341,9.31,3282,7,V,-121.53921038702349,38.66740896567776,State,True
6680,99,,3,SAC,,0.123,,A,SAN JOAQUIN/SACRAMENTO COUNTY LINE,77000,11596,15.06,2390,4,E,-121.28800248981946,38.24582951621274,State,True
6682,99,,3,SAC,,12.761,,A,ELK GROVE BOULEVARD,113000,11967,10.59,2651,2,E,-121.38860179116548,38.4090989191394,State,True
6684,99,,3,SAC,,12.761,,B,ELK GROVE BOULEVARD,84000,12936,15.4,2866,2,E,-121.38860179116548,38.4090989191394,State,True
6686,99,,3,SAC,,17.242,,A,"SACRAMENTO, STOCKTON BOULEVARD",162000,12895,7.96,2906,0,E,-121.41800350398934,38.46984347530085,State,True
6688,99,,3,SAC,,17.242,,B,"SACRAMENTO, STOCKTON BOULEVARD",142000,9116,6.42,2057,0,E,-121.41800350398934,38.46984347530085,State,True
6690,99,,3,SAC,,17.656,,A,"SACRAMENTO, MACK ROAD",98000,5870,5.99,1327,0,E,-121.42271540840304,38.474286624305876,State,True
6692,99,,3,SAC,,19.612,,A,FLORIN ROAD,87000,5638,6.48,1276,0,E,-121.44593283135012,38.49614353427913,State,True
6694,99,,3,SAC,,21.944,,A,"SACRAMENTO, FRUITRIDGE ROAD",170000,8976,5.28,2022,0,E,-121.46752785826652,38.524937149663565,State,True
6696,99,,3,SAC,,21.944,,B,"SACRAMENTO, FRUITRIDGE ROAD",155000,8835,5.7,1995,0,E,-121.46752785826652,38.524937149663565,State,True
6698,99,,3,SAC,,3.525,,A,JCT. RTE. 104 EAST,81000,11640,14.37,2399,4,V,-121.31213001933708,38.291060930656265,State,True
6700,99,,3,SAC,,35.37,,B,ELVERTA ROAD,74000,8147,11.01,1498,21,V,-121.54023600526146,38.71460989276003,State,True
6702,99,,3,SAC,,6.008,,A,ARNO ROAD,86000,11859,13.79,2216,24,V,-121.32707585755591,38.325080697773906,State,True
6704,99,,3,SUT,R,20.051,,A,JCT. RTE. 113,15500,1581,10.2,261,97,E,-121.63124607481713,39.003418765252114,State,True
6706,99,,3,SUT,R,20.051,,B,JCT. RTE. 113,19000,1786,9.4,343,97,E,-121.63124607481713,39.003418765252114,State,True
6708,99,,3,SUT,R,8.07,,A,JCT. RTE. 70 NORTH,42500,3647,8.58,950,2,E,-121.54450175240615,38.85319472803225,State,True
6710,99,,3,SUT,R,8.07,,B,JCT. RTE. 70 NORTH,17800,1549,8.7,293,97,V,-121.54450175240615,38.85319472803225,State,True
6712,99,,3,SUT,T,30.629,,A,"YUBA CITY, JCT. RTE. 20",16700,1536,9.2,253,97,E,-121.63447025323768,39.14185189077137,State,True
6714,99,,3,SUT,T,35.96,,A,ENCINAL ROAD/LIVE OAK BOULEVARD,22600,2079,9.2,343,97,E,-121.64159700340825,39.21801253768108,State,True
6716,99,,3,SUT,T,35.96,,B,ENCINAL ROAD/LIVE OAK BOULEVARD,19200,1766,9.2,292,97,E,-121.64159700340825,39.21801253768108,State,True
6718,99,,3,SUT,,11.975,,B,GARDEN HIGHWAY,38000,2288,6.02,615,5,E,-121.58398890033214,38.898798853100004,State,True
6720,99,,3,SUT,,25.62,,A,OSWALD ROAD,19700,2009,10.2,331,97,E,-121.6333708321109,39.068965536256684,State,True
6722,99,,3,SUT,,25.62,,B,OSWALD ROAD,14100,1438,10.2,237,97,E,-121.6333708321109,39.068965536256684,State,True
6724,99,,3,SUT,,30.633,,B,"YUBA CITY, JCT. RTE. 20",22500,2070,9.2,341,97,E,-121.63447025323768,39.14185189077137,State,True
6726,99,,6,FRE,R,0.951,,A,"KINGSBURG, JCT. RTE. 201 EAST",73000,17805,24.39,3867,22,V,-119.56124782421499,36.517921653678385,State,True
6728,99,,6,FRE,,11.098,,B,"FOWLER, MERCED STREET",105000,18900,18.0,3976,22,E,-119.68409098135264,36.62646398666846,State,True
6730,99,,6,FRE,,15.491,,A,CHESTNUT AVENUE,95000,16521,17.39,3773,21,E,-119.73674994842324,36.674323164238366,State,True
6732,99,,6,FRE,,19.29,,A,"FRESNO, NORTH JCT. RTE. 41",77000,17710,23.0,4414,4,E,-119.78201660356234,36.715180732326345,State,True
6734,99,,6,FRE,,19.29,,B,"FRESNO, NORTH JCT. RTE. 41",128000,20723,16.19,5419,22,E,-119.78201660356234,36.715180732326345,State,True
6736,99,,6,FRE,,20.19,,A,"FRESNO, VENTURA STREET",95000,19000,20.0,4756,4,E,-119.79259224302685,36.725147884880315,State,True
6738,99,,6,FRE,,20.19,,B,"FRESNO, VENTURA STREET",77000,17710,23.0,4434,4,E,-119.79259224302685,36.725147884880315,State,True
6740,99,,6,FRE,,21.012,,A,"FRESNO, STANISLAUS STREET",108000,18176,16.83,3613,20,V,-119.80237841517186,36.73409105529675,State,True
6742,99,,6,FRE,,21.012,,B,"FRESNO, STANISLAUS STREET",97000,20370,21.0,5099,4,E,-119.80237841517186,36.73409105529675,State,True
6744,99,,6,FRE,,30.988,,B,HERNDON AVENUE,83000,17247,20.78,4096,21,V,-119.92369832693,36.83734189635498,State,True
6746,99,,6,FRE,,31.609,,O,FRESNO/MADERA COUNTY LINE,82000,17802,21.71,4126,21,V,-119.93257334866212,36.843093449832146,State,True
6748,99,,6,FRE,,6.431,,A,JCT. RTE. 43 SOUTH,97000,18430,19.0,4265,21,E,-119.62867944330081,36.575825203027904,State,True
6750,99,,6,FRE,,6.431,,B,JCT. RTE. 43 SOUTH,84000,24360,29.0,4464,21,V,-119.62867944330081,36.575825203027904,State,True
6752,99,,6,KER,L,0.748,,A,JCT. RTE. 5,48500,8808,18.16,2029,22,V,-118.95532251302882,35.01842770032936,State,True
6754,99,,6,KER,R,29.878,,A,JCT. RTE. 65,81000,18014,22.24,4553,20,V,-119.07595653860965,35.434911139210925,State,True
6756,99,,6,KER,R,29.878,,B,JCT. RTE. 65,99000,19800,20.0,4581,22,E,-119.07595653860965,35.434911139210925,State,True
6758,99,,6,KER,,13.411,,B,JCT. RTE. 223 EAST,55000,13750,25.0,3806,15,E,-119.01013862615078,35.20852978828839,State,True
6760,99,,6,KER,,17.5,,B,JCT. RTE. 119 WEST,63000,15265,24.23,3791,15,E,-119.02280591460088,35.26687681728486,State,True
6762,99,,6,KER,,2.732,,A,"METTLER, JCT. RTE. 166 WEST",53000,13250,25.0,3702,15,E,-118.96777997119825,35.057822246722864,State,True
6764,99,,6,KER,,22.604,,B,"BAKERSFIELD, MING AVENUE ",115000,10350,9.0,2415,20,E,-119.03946905226691,35.33947043485867,State,True
6766,99,,6,KER,,25.654,,A,"JCT. RTE. 58 WEST, JCT. RTE. 178 EAST",116000,19082,16.45,4481,14,E,-119.0444085295865,35.38309836610231,State,True
6768,99,,6,KER,,25.654,,B,"JCT. RTE. 58 WEST, JCT. RTE. 178 EAST",141000,17724,12.57,3950,16,V,-119.0444085295865,35.38309836610231,State,True
6770,99,,6,KER,,44.307,,A,JCT. RTE. 46,69000,15691,22.74,3341,22,V,-119.21111828156032,35.602022437868825,State,True
6772,99,,6,KER,,44.307,,B,JCT. RTE. 46,72000,16171,22.46,4064,22,V,-119.21111828156032,35.602022437868825,State,True
6774,99,,6,KER,,55.521,,A,"DELANO, JCT. RTE. 155",66000,14197,21.51,3699,22,V,-119.24897871435576,35.76140242931132,State,True
6776,99,,6,KER,,55.521,,B,"DELANO, JCT. RTE. 155",71000,14427,20.32,3760,22,V,-119.24897871435576,35.76140242931132,State,True
6778,99,,6,MAD,,0.0,,O,FRESNO/MADERA COUNTY LINE,82000,17802,21.71,4126,21,V,-119.93257334866212,36.843093449832146,State,True
6780,99,,6,MAD,,10.268,,A,"MADERA, JCT. RTE. 145",86000,19445,22.61,4296,21,V,-120.05605890812741,36.95343228418796,State,True
6782,99,,6,MAD,,10.268,,B,"MADERA, JCT. RTE. 145",79000,13493,17.08,3379,21,V,-120.05605890812741,36.95343228418796,State,True
6784,99,,6,MAD,,12.752,,A,"MADERA, AVENUE 16",75000,16470,21.96,4275,21,V,-120.08375349941626,36.981307667309515,State,True
6786,99,,6,MAD,,22.727,,A,"CALIFA, JCT. RTE. 152 WEST",50000,12215,24.43,3084,21,V,-120.20941868706949,37.084641673162515,State,True
6788,99,,6,MAD,,22.727,,B,"CALIFA, JCT. RTE. 152 WEST",71000,15592,21.96,3961,21,V,-120.20941868706949,37.084641673162515,State,True
6790,99,,6,MAD,,26.576,,A,JCT. RTE. 233 WEST,47000,10810,23.0,2733,21,E,-120.25221699459001,37.12691513824984,State,True
6792,99,,6,MAD,,26.576,,B,JCT. RTE. 233 WEST,50000,11955,23.91,3061,21,V,-120.25221699459001,37.12691513824984,State,True
6794,99,,6,MAD,,28.167,,A,MINTURN ROAD,48000,10546,21.97,2832,14,E,-120.27437890875636,37.141794619769065,State,True
6796,99,,6,MAD,,28.167,,B,MINTURN ROAD,47000,10326,21.97,2773,14,E,-120.27437890875636,37.141794619769065,State,True
6798,99,,6,MAD,,9.49,,A,GATEWAY DRIVE,79000,13493,17.08,3379,21,V,-120.04498129098049,36.94691212970031,State,True
6800,99,,6,MAD,,9.49,,B,GATEWAY DRIVE,81000,14572,17.99,3736,21,E,-120.04498129098049,36.94691212970031,State,True
6802,99,,6,TUL,R,38.75,,A,JCT. RTE. 198 EAST,63000,15227,24.17,3633,22,V,-119.406672848374,36.32632562177772,State,True
6804,99,,6,TUL,R,38.75,,B,JCT. RTE. 198 EAST,71000,17111,24.1,3993,22,E,-119.406672848374,36.32632562177772,State,True
6806,99,,6,TUL,R,53.822,,A,MENDOCINO AVENUE,71000,14910,21.0,3667,20,E,-119.54809206155775,36.50684846576655,State,True
6808,99,,6,TUL,R,53.822,,B,MENDOCINO AVENUE,73000,15863,21.73,3936,20,V,-119.54809206155775,36.50684846576655,State,True
6810,99,,6,TUL,,18.429,,A,"TIPTON, JCT. RTE. 190 EAST",55000,14366,26.12,3580,22,V,-119.310927446342,36.05128186123569,State,True
6812,99,,6,TUL,,18.429,,B,"TIPTON, JCT. RTE. 190 EAST",54000,15671,29.02,4087,20,V,-119.310927446342,36.05128186123569,State,True
6814,99,,6,TUL,,23.489,,B,AVENUE 184,57000,14621,25.65,3643,22,V,-119.3246393299405,36.12349293734146,State,True
6816,99,,6,TUL,,25.433,,A,AVENUE 200,57000,14780,25.93,2955,22,E,-119.33094849731987,36.15114461817847,State,True
6818,99,,6,TUL,,25.433,,B,AVENUE 200,57000,14803,25.97,3732,22,V,-119.33094849731987,36.15114461817847,State,True
6820,99,,6,TUL,,29.568,,A,"TULARE, JCT. RTE. 137",67000,16080,24.0,3753,15,E,-119.32846188425661,36.210624235901726,State,True
6822,99,,6,TUL,,29.568,,B,"TULARE, JCT. RTE. 137",64000,16198,25.31,4213,22,E,-119.32846188425661,36.210624235901726,State,True
6824,99,,6,TUL,,6.148,,B,AVENUE 48,55000,13244,24.08,3595,22,V,-119.27040033587956,35.87742478785215,State,True
6826,99,,6,TUL,,9.712,,A,AVENUE 76,51000,11220,22.0,2932,15,E,-119.28190188328044,35.92787878188372,State,True
6828,9,,4,SCL,R,7.4,,B,"SARATOGA, JCT. RTE. 85 NORTH",14100,364,2.58,15,1,V,-122.03193541216628,37.25929704734345,State,True
6830,9,,4,SCL,,0.0,,A,JCT. RTE. 35,3800,22,0.58,1,1,V,-122.1222568646662,37.25838768474349,State,True
6832,9,,4,SCL,,11.448,,B,"LOS GATOS, JCT. RTE. 17",34000,1102,3.24,80,1,V,-121.97509847593066,37.2265655411075,State,True
6834,9,,4,SCL,,7.4,,A,"SARATOGA, JCT. RTE. 85 NORTH",12700,441,3.47,26,1,V,-122.03193541216628,37.25929704734345,State,True
6836,9,,5,SCR,,0.046,,A,"SANTA CRUZ, JCT. RTE. 1",25500,1785,7.0,191,14,E,-122.0297910689044,36.98440790522908,State,True
6838,9,,5,SCR,,0.63,,B,"SANTA CRUZ, NORTH CITY LIMITS",5700,171,3.0,6,14,E,-122.03308212869446,36.99173312629182,State,True
6840,9,,5,SCR,,13.037,,A,"BOULDER CREEK, SOUTH JCT. RTE. 236",15000,600,4.0,24,14,V,-122.12231950958086,37.125414226282984,State,True
6842,9,,5,SCR,,13.037,,B,"BOULDER CREEK, SOUTH JCT. RTE. 236",10400,520,5.0,21,14,V,-122.12231950958086,37.125414226282984,State,True
6844,9,,5,SCR,,27.094,,B,JCT. RTE. 35,2500,50,2.0,2,1,E,-122.1222568646662,37.25838768474349,State,True
6846,9,,5,SCR,,6.46,,A,"FELTON, GRAHAM HILL ROAD",18000,900,5.0,63,14,E,-122.07329707010405,37.05311670713657,State,True
6848,9,,5,SCR,,6.46,,B,"FELTON, GRAHAM HILL ROAD",12500,750,6.0,118,14,E,-122.07329707010405,37.05311670713657,State,True
6850,1,,5,SB,R,0.001,,B,"LAS CRUCES, JCT. RTE. 101; MOBIL OIL PIER",540,70,13.0,8,17,E,-120.22590514767869,34.50921736286898,State,True
6852,1,,5,SB,R,0.001,,A,"LAS CRUCES, JCT. RTE. 101; MOBIL OIL PIER",7700,840,10.91,94,22,E,-120.22590514767869,34.50921736286898,State,True
6854,4,,10,ALP,,31.677,,B,"BULLION, JCT. RTE. 89",560,23,4.1,4,96,V,-119.72643971531112,38.66052294369961,State,True
6856,10,,8,RIV,R,58.89,,A,DILLON ROAD,31800,11101,34.91,3283,17,V,-116.17330669807045,33.71490854669997,Interstate,True
6858,15,,8,SBD,R,81.834,,B,GHOST TOWN ROAD,48000,8189,17.06,2222,21,V,-116.88692085704577,34.90244391886441,Interstate,True
6860,82,,4,SM,,21.945,,B,"SOUTH SAN FRANCISCO, HICKEY BOULEVARD",34000,673,1.98,64,3,V,-122.45132900683066,37.66645387981218,State,True
6862,215,,8,SBD,,14.104,,A,"SAN BERNARDINO, JCT. RTE. 206",72000,7423,10.31,1628,21,V,-117.36131420023908,34.19115328616512,Interstate,True
6864,280,,4,SM,R,6.601,,B,CANADA ROAD,91000,2821,3.1,217,16,V,-122.29021738323092,37.4598805460429,Interstate,True
